symbol,timestamp,spot_price,hawkes_score,kalman_velocity,particle_mean,regime_state,ensemble_prediction,meta_learning_weight,fusion_mean,p_up,p_down,expected_return,kelly_fraction,signal,signal_confidence,actual_return,correct,institutional_forecast,institutional_confidence,positioning_strength,bullish_score,bearish_score,neutral_score,pcr_val,gamma_pressure,dealer_pressure,rsi,adx,atr,volume_ratio,pcr,meta_learning_prediction
NIFTY,2026-07-24 04:00:00,4050.8,1.5,-7553.10582241997,,TRANSITION,-0.0101335020735859,0.2,-0.0029568003704113,0.2985508943769885,0.314693023603241,-0.0029568003704113,0.0665274495873873,NEUTRAL,0.3867560820197704,-0.0017962226556233,True,-0.0008333333333333,0.1666666666666666,16.666666666666664,0.0,16.666666666666664,83.33333333333334,1.0,0.0,0.0,,,,,1.0,-0.0043578878976404
NIFTY,2026-07-24 07:45:00,23786.55,1.0,8.539236155661271,23783.74489006066,TRENDING_BULL,-0.0104801021516323,0.25,-6.375351081473879e-05,0.2689486227364208,0.268943604191819,-6.375351081473879e-05,0.0,NEUTRAL,0.4621077730717601,,,0.0,0.0,0.0,0.0,0.0,100.0,0.998877936748412,0.0,0.0,68.53252647503271,69.3942054168784,22.33571428571408,0.0,0.998877936748412,-0.0143846487626433
NIFTY,2026-07-24T07:48:00,23786.6,1.00000000761499,2.2842179437269614,23783.87769637837,TRENDING_BEAR,-0.0097336573526263,0.2,-8.007612169090822e-05,0.2689417468908742,0.2689418503396779,-8.007612169090822e-05,0.0,NEUTRAL,0.462116402769448,7.987589807826229e-05,True,0.0008333333333333,0.1666666666666666,16.666666666666664,16.666666666666664,0.0,83.33333333333334,1.0011607661056294,0.0,0.0,59.31410756039094,40.18324782782617,6.824999999999948,0.0,1.0011607661056294,-0.0157500106841325
BANKNIFTY,2026-07-24 07:45:00,56697.2,1.0,-1.9765574280512648,56706.21018444343,HIGH_VOLATILITY,-5.929672284153796,0.2,-1.2847572061927513e-05,0.2691662526926747,0.2692366259305226,-1.2847572061927513e-05,0.0,NEUTRAL,0.4615971213768025,,,0.0008333333333333,0.1666666666666666,16.666666666666664,16.666666666666664,0.0,83.33333333333334,1.0192104756334486,0.0,0.0,79.35610839178396,40.85298112035412,123.38571428571387,0.0,1.0192104756334486,-9.882787140256326
NIFTY,2026-07-23 22:00:00,24901.72,1.0,67.2664510288622,24899.75959577507,TRANSITION,-0.0128189558163285,0.2,0.0126362099486876,0.3773395934322945,0.2689591104676334,0.0126362099486876,0.2048391126677445,NEUTRAL,0.353701296100072,,,0.0,0.0,0.0,0.0,0.0,100.0,1.0,0.0,0.0,,,,,1.0,-0.0126079646870493
NIFTY,2026-07-24 07:45:00,23789.3,1.0,1.9285134695509285,23794.92335483423,TRENDING_BEAR,-0.008944715373218,0.2,0.0002213457275439,0.2693268948346538,0.2689416131252621,0.0002213457275439,0.0383218961691266,NEUTRAL,0.461731492040084,,,0.0008333333333333,0.1666666666666666,16.666666666666664,16.666666666666664,0.0,83.33333333333334,1.0109417221979635,0.0,0.0,75.71351642433626,40.38838716923011,35.73214285714312,0.0,1.0109417221979635,-0.0161761857569217
NIFTY,2026-07-24 07:45:00,23791.2,1.0,13.848986344866429,23786.838965820883,TRENDING_BULL,-0.0104801021516323,0.25,0.0001812155572492,0.2689582831852554,0.2689780833937342,0.0001812155572492,0.0079056907171887,NEUTRAL,0.4620636334210104,,,0.0,0.0,0.0,0.0,0.0,100.0,0.999464183278736,0.0,0.0,69.25351071692052,69.48843619146744,22.66428571428566,0.0,0.999464183278736,-0.013081039302051
NIFTY,2026-07-24T07:49:00,23788.5,1.0000000022935909,1.481884656244913,23785.41212923904,TRENDING_BULL,-0.0095892306417226,0.25,-9.109993085276072e-05,0.2689467237656518,0.2689529479753095,-9.109993085276072e-05,0.000274540703303,NEUTRAL,0.4621003282590387,2.101643905863166e-05,True,-0.0008333333333333,0.1666666666666666,16.666666666666664,0.0,16.666666666666664,83.33333333333334,1.0005865324579497,0.0,0.0,68.58369098711155,40.49207916373347,6.428571428571429,0.0,1.0005865324579497,-0.0130557054653763
NIFTY,2026-07-24 07:45:00,23791.2,1.0,13.848986344866429,23786.99373091201,TRENDING_BULL,-0.0104801021516323,0.25,0.0003264700308641,0.2689571169594064,0.2689424758548723,0.0003264700308641,0.0277094095085162,NEUTRAL,0.4621004071857212,,,0.0,0.0,0.0,0.0,0.0,100.0,0.999464183278736,0.0,0.0,69.25351071692052,69.48843619146744,22.66428571428566,0.0,0.999464183278736,-0.013081039302051
NIFTY,2026-07-24 07:50:00,23788.95,1.0000000006908163,-2.37773695001832,23787.58740178048,TRENDING_BULL,-0.00996427051723,0.25,-6.791853197961167e-05,0.2689443455474611,0.268960427428456,-6.791853197961167e-05,0.0018287164333242,NEUTRAL,0.4620952270240828,,,0.0,0.0,0.0,0.0,0.0,100.0,1.0013121069198925,0.0,0.0,70.87866108785138,42.11266442960866,6.510714285714649,0.0,1.0013121069198925,-0.0129896663129329
NIFTY,2026-07-24 07:50:00,23788.95,1.0000000006908163,-2.37773695001832,23787.72269568977,TRENDING_BULL,-0.00996427051723,0.25,-7.738884941699109e-05,0.2689443581587828,0.2689605093988799,-7.738884941699109e-05,0.0030757996524543,NEUTRAL,0.4620951324423371,,,0.0,0.0,0.0,0.0,0.0,100.0,1.0013121069198925,0.0,0.0,70.87866108785138,42.11266442960866,6.510714285714649,0.0,1.0013121069198925,-0.0129896663129329
NIFTY,2026-07-24 07:50:00,23792.8,1.0,1.1936613771200122,23788.64553249568,TRENDING_BULL,-0.0100478716194629,0.25,-0.0001515638154919,0.2689445165118675,0.2689485970522755,-0.0001515638154919,0.0,NEUTRAL,0.4621068864358569,,,0.0,0.0,0.0,0.0,0.0,100.0,0.9994075007878978,0.0,0.0,73.1412400308668,69.26522364502462,22.464285714285456,0.0,0.9994075007878978,-0.0131883369758725
NIFTY,2026-07-24 07:52:00,23792.8,1.0000000000626694,3.4671216964082183,23789.878005689035,TRENDING_BULL,-0.0096075693145394,0.25,-2.359384859074191e-05,0.268948309030558,0.268949578097418,-2.359384859074191e-05,4.456299543040611e-05,NEUTRAL,0.4621021128720239,,,0.0,0.0,0.0,0.0,0.0,100.0,1.001021665188125,0.0,0.0,76.02611940296565,44.96771007219968,6.117857142857247,0.0,1.001021665188125,-0.0132197206839919
NIFTY,2026-07-24 07:50:00,23792.8,1.0,1.1936613771200122,23790.308882623984,TRENDING_BULL,-0.0100478716194629,0.25,-0.000184099375035,0.2689446603790394,0.2689489305912018,-0.000184099375035,0.043205430422796,NEUTRAL,0.4621064090297588,,,0.0,0.0,0.0,0.0,0.0,100.0,0.9994075007878978,0.0,0.0,73.1412400308668,69.26522364502462,22.464285714285456,0.0,0.9994075007878978,-0.0131883369758725
NIFTY,2026-07-24T07:53:00,23788.8,1.0000000000188758,-1.6144744332803669,23788.11521394168,TRENDING_BULL,-0.0097336573526263,0.25,-4.647136900437474e-05,0.2689445670290536,0.268958510485118,-4.647136900437474e-05,0.0017261135029195,NEUTRAL,0.4620969224858284,0.00036149110879,True,0.0,0.0,0.0,0.0,0.0,100.0,1.0002396276942347,0.0,0.0,71.0059171597427,47.16872203642638,6.210714285714597,0.0,1.0002396276942347,-0.012777579948306
NIFTY,2026-07-24 07:50:00,23791.4,1.0,-0.4049730884441374,23788.448117915297,TRENDING_BULL,-0.0100478157401084,0.25,-0.000227143947667,0.2689438020736474,0.2689501203639148,-0.000227143947667,0.0371633013777229,NEUTRAL,0.4621060775624377,,,0.0,0.0,0.0,0.0,0.0,100.0,0.9992310116608888,0.0,0.0,72.9463591603992,69.33445573346442,22.75714285714276,0.0,0.9992310116608888,-0.0131222978234291
NIFTY,2026-07-24 07:54:00,23791.4,1.0000000000056852,1.0992842835718728,23789.67811748139,TRENDING_BULL,-0.0095892306417226,0.25,-3.157829166286412e-05,0.2689463110786727,0.2689528173438556,-3.157829166286412e-05,0.0,NEUTRAL,0.4621008715774716,,,0.0,0.0,0.0,0.0,0.0,100.0,1.0000630493171758,0.0,0.0,70.8820403825509,46.645966184572565,6.12500000000052,0.0,1.0000630493171758,-0.0128436191007494
NIFTY,2026-07-24 07:45:00,23814.65,1.0,34.097604461321424,23800.868056044063,TRENDING_BEAR,-0.0056794318370521,0.2,0.0028487899129353,0.2694583298777614,0.2691013004511847,0.0028487899129353,0.1742164047729363,NEUTRAL,0.4614403696710537,0.0003217185236274,True,0.0,0.0,0.0,0.0,0.0,100.0,0.9927677382059468,0.0,0.0,39.76525216045362,72.24880663859182,84.4357142857147,0.0,0.9927677382059468,-0.0103470247238874
BANKNIFTY,2026-07-24 07:45:00,56742.8,1.0,50.09325087898323,56731.58969336448,HIGH_VOLATILITY,150.2797526369497,0.2,0.0015654381060495,0.2747637370682418,0.268941642391404,0.0015654381060495,0.143771433792296,NEUTRAL,0.4562946205403541,,,-0.0008333333333333,0.1666666666666666,16.666666666666664,0.0,16.666666666666664,83.33333333333334,1.021638743655307,0.0,0.0,80.26436393458368,40.95308238492042,127.6142857142856,0.0,1.021638743655307,250.4662543949161
NIFTY,2026-07-24T07:54:00,23791.4,1.0000000000056852,1.0992842835718728,23789.695387920925,TRENDING_BULL,-0.0095892306417226,0.25,0.0001192153552283,0.2689458316214401,0.2689516999112785,0.0001192153552283,0.0,NEUTRAL,0.4621024684672813,-1.6813045241711368e-05,True,0.0,0.0,0.0,0.0,0.0,100.0,1.0000630493171758,0.0,0.0,70.8820403825509,46.645966184572565,6.12500000000052,0.0,1.0000630493171758,-0.0128436191007494
NIFTY,2026-07-24 07:55:00,23790.05,1.0,-3.931847102499494,23789.939576956152,TRENDING_BULL,-0.0103163756430149,0.25,-0.0004451380428905,0.2689428230477005,0.2689543237963629,-0.0004451380428905,0.0800970467986355,NEUTRAL,0.4621028531559365,,,0.0,0.0,0.0,0.0,0.0,100.0,1.0019432462728155,0.0,0.0,70.31249999999422,69.04826636112351,21.53214285714265,0.0,1.0019432462728155,-0.0129040013998746
NIFTY,2026-07-23 23:00:00,10666.47,1.0,,,TRANSITION,-0.0118921091780066,0.2,-0.0115220451277851,0.2719434408668694,0.3508204331918968,-0.0115220451277851,0.25,NEUTRAL,0.3772361259412337,,,0.0008333333333333,0.1666666666666666,16.666666666666664,16.666666666666664,0.0,83.33333333333334,1.0,0.0,0.0,0.0,20.0,,1.0,1.0,-0.0145210191607475
NIFTY,2026-07-24 07:55:00,23791.35,1.0,-2.447400813045584,23790.08496450896,TRENDING_BULL,-0.0103163756430149,0.25,-0.0004546645738644,0.2689428573256262,0.2689499350865373,-0.0004546645738644,0.0730935641241329,NEUTRAL,0.4621072075878363,,,0.0008333333333333,0.1666666666666666,16.666666666666664,16.666666666666664,0.0,83.33333333333334,1.0021072865425986,0.0,0.0,70.75630252100244,69.04826636112351,21.849999999999845,0.0,1.0021072865425986,-0.0129504967480897
NIFTY,2026-07-24 04:00:00,4050.8,1.5,,,TRANSITION,-0.005653060041368,0.2,-0.0067453955375857,0.2767675234888523,0.3297953393627442,-0.0067453955375857,0.1960748883749526,NEUTRAL,0.3934371371484034,,,0.0,0.0,0.0,0.0,0.0,100.0,1.0,0.0,0.0,,,,,1.0,-0.0074747209437191
NIFTY,2026-07-24T07:57:00,23795.85,1.0000000000001552,5.798115502070218,23792.28920318599,TRENDING_BULL,-0.0096549065783619,0.25,-0.0001105047364102,0.268952635612902,0.2689480715240082,-0.0001105047364102,0.0017031060755332,NEUTRAL,0.4620992928630898,-0.0009705902743494,True,0.0008333333333333,0.1666666666666666,16.666666666666664,16.666666666666664,0.0,83.33333333333334,1.0007629320128797,0.0,0.0,70.80045095826141,47.78595573905638,6.417857142857039,0.0,1.0007629320128797,-0.013007634319365
NIFTY,2026-07-24 07:55:00,23795.85,1.0,2.6910671119900567,23792.49450295867,TRENDING_BULL,-0.0104801021516323,0.25,-0.0004577066437371,0.2689447519763865,0.2689460451756992,-0.0004577066437371,0.0953231455524531,NEUTRAL,0.4621092028479142,,,0.0,0.0,0.0,0.0,0.0,100.0,1.002675118245694,0.0,0.0,71.4754098360597,69.04826636112351,22.11071428571397,0.0,1.002675118245694,-0.0131883369758725
NIFTY,2026-07-24 07:55:00,23797.8,1.0,4.917736546172998,23793.966620058203,TRENDING_BULL,-0.0104801021516323,0.25,-0.0002516689402233,0.2689464760489201,0.2689451415530335,-0.0002516689402233,0.0,NEUTRAL,0.4621083823980463,,,0.0,0.0,0.0,0.0,0.0,100.0,1.002921178650369,0.0,0.0,71.77615571775584,69.09183606893176,22.403571428571272,0.0,1.002921178650369,-0.0131883369758725
NIFTY,2026-07-24T07:58:00,23798.95,1.150597105956148,-0.2473955153631379,23796.42812777463,TRENDING_BULL,-0.0103163756430149,0.25,-0.0002058848098441,0.268945094139731,0.2689553934593672,-0.0002058848098441,0.055951236588337,NEUTRAL,0.4620995124009017,-0.000909902810612,True,0.0,0.0,0.0,0.0,0.0,100.0,1.00108447332637,0.0,0.0,67.55813953486279,50.16412895821367,6.232142857142597,0.0,1.00108447332637,-0.0143734794110059
NIFTY,2026-07-24 07:55:00,23797.8,1.0,4.917736546172998,23793.086550055534,TRENDING_BULL,-0.0104801021516323,0.25,-0.0001544879413279,0.2689460740365434,0.2689448456771751,-0.0001544879413279,0.0,NEUTRAL,0.4621090802862814,,,0.0,0.0,0.0,0.0,0.0,100.0,1.002921178650369,0.0,0.0,71.77615571775584,69.09183606893176,22.403571428571272,0.0,1.002921178650369,-0.0131883369758725
NIFTY,2026-07-24 04:00:00,101.32,1.0,-0.099422087116306,101.29951961292656,TRANSITION,-0.0093487249687314,0.2,-0.0006879493492173,0.2689414265975771,0.2689415536231795,-0.0006879493492173,0.0181377673284361,NEUTRAL,0.4621170197792433,-0.0017962226556233,True,-0.0008333333333333,0.1666666666666666,16.666666666666664,0.0,16.666666666666664,83.33333333333334,1.0,0.0,0.0,,,,,1.0,-0.0137890353798866
NIFTY,2026-07-24T07:59:00,23791.05,1.0453589766447204,-5.572186157643773,23791.32563633188,TRENDING_BULL,-0.0097336573526263,0.25,6.742521057463177e-05,0.2689430734818068,0.2689695567704596,6.742521057463177e-05,0.0,NEUTRAL,0.4620873697477336,-0.0009079197079525,True,0.0,0.0,0.0,0.0,0.0,100.0,1.0,0.0,0.0,63.70614035085588,52.043992193032,6.192857142857195,0.0,1.0,-0.0126985888928174
NIFTY,2026-07-24 08:00:00,23786.6,1.0136618612236503,-4.795197693378699,23787.81260697733,TRENDING_BULL,-0.0087578343227505,0.25,-4.923932525224165e-05,0.268943443066491,0.2689685419902959,-4.923932525224165e-05,0.0030791246727677,NEUTRAL,0.462088014943213,,,0.0,0.0,0.0,0.0,0.0,100.0,0.99970364391871,0.0,0.0,54.64362850970126,53.23078542387201,6.303571428571688,0.0,0.99970364391871,-0.0125701185315847
NIFTY,2026-07-24 08:00:00,23786.6,1.0136618612236503,-4.795197693378699,23787.716753938195,TRENDING_BULL,-0.0087578343227505,0.25,-4.667834032692747e-05,0.2689434454519792,0.268968573992048,-4.667834032692747e-05,0.0031061520517138,NEUTRAL,0.4620879805559728,,,0.0,0.0,0.0,0.0,0.0,100.0,0.99970364391871,0.0,0.0,54.64362850970126,53.23078542387201,6.303571428571688,0.0,0.99970364391871,-0.0125701185315847
NIFTY,2026-07-24T08:02:00,23776.85,1.1518364820444345,-0.6503130723879202,23778.32907269715,TRENDING_BEAR,-0.0091673424467444,0.2,3.578509453010088e-05,0.2689416446740164,0.2689420369376938,3.578509453010088e-05,7.106993207073242e-05,NEUTRAL,0.4621163183882896,-0.0004543169575907,True,0.0,0.0,0.0,0.0,0.0,100.0,0.9970882291769516,0.0,0.0,40.23323615159055,49.54187813750824,6.564285714286078,0.0,0.9970882291769516,-0.0143313143402338
NIFTY,2026-07-24 08:00:00,23776.85,1.0,-16.84066482184025,23782.67975235685,TRENDING_BULL,-0.0095892306417226,0.25,-0.0010984101967836,0.2689416158988847,0.269004850275982,-0.0010984101967836,0.117571034504478,NEUTRAL,0.4620535338251333,,,0.0,0.0,0.0,0.0,0.0,100.0,1.0011801830230356,0.0,0.0,61.44018583042405,66.9060382012653,21.60357142857148,0.0,1.0011801830230356,-0.0149499021470546
BANKNIFTY,2026-07-24 08:00:00,56705.15,1.0,-40.08015373161879,56701.983697036725,HIGH_VOLATILITY,-120.24046119485638,0.2,-0.0004891747121031,0.2689414213972843,0.2689414232617648,-0.0004891747121031,0.0509809273456437,NEUTRAL,0.4621171553409509,,,0.0,0.0,0.0,0.0,0.0,100.0,1.004097810615987,0.0,0.0,68.07268868550128,73.954497884064,87.09285714285735,0.0,1.004097810615987,-200.400768658094
NIFTY,2026-07-24 08:00:00,23776.85,1.0,-16.84066482184025,23782.67449976048,TRENDING_BULL,-0.0095892306417226,0.25,-0.00100841915378,0.2689416360245146,0.2690114130612878,-0.00100841915378,0.1100384874205251,NEUTRAL,0.4620469509141975,,,0.0,0.0,0.0,0.0,0.0,100.0,1.0011801830230356,0.0,0.0,61.44018583042405,66.9060382012653,21.60357142857148,0.0,1.0011801830230356,-0.0149499021470546
BANKNIFTY,2026-07-24 08:00:00,56705.15,1.0,-40.08015373161879,56705.91158702698,HIGH_VOLATILITY,-120.24046119485638,0.2,-0.0004349180589219,0.2689414213979192,0.2689874500041811,-0.0004349180589219,0.064667433197438,NEUTRAL,0.4620711285978996,,,0.0,0.0,0.0,0.0,0.0,100.0,1.004097810615987,0.0,0.0,68.07268868550128,73.954497884064,87.09285714285735,0.0,1.004097810615987,-200.400768658094
NIFTY,2026-07-24 08:00:00,23772.1,1.0,-22.264603187155643,23779.52681678917,TRENDING_BULL,-0.00996427051723,0.25,-0.001589571284855,0.2689416097705566,0.2690936373138173,-0.001589571284855,0.1582969547992584,NEUTRAL,0.461964752915626,,,-0.0008333333333333,0.1666666666666666,16.666666666666664,0.0,16.666666666666664,83.33333333333334,1.0005806248027769,0.0,0.0,59.79090138456653,66.51682453557946,22.032142857142908,0.0,1.0005806248027769,-0.0149499021470546
NIFTY,2026-07-24 08:03:00,23772.1,1.0457322695488946,1.5906358293777867,23773.197631514628,TRENDING_BEAR,-0.0086632063612341,0.2,2.844486423763698e-05,0.2689417254857377,0.2689418504965638,2.844486423763698e-05,0.0,NEUTRAL,0.4621164240176984,,,0.0,0.0,0.0,0.0,0.0,100.0,0.9972702915681636,0.0,0.0,32.09523809522676,47.51370140434328,6.678571428571429,0.0,0.9972702915681636,-0.0134137585759162
BANKNIFTY,2026-07-24 08:00:00,56693.5,1.0,-53.383076248657176,56695.90678571406,HIGH_VOLATILITY,-160.14922874597153,0.2,-0.0013224071394509,0.2689434224428652,0.2689414246788172,-0.0013224071394509,0.0,NEUTRAL,0.4621151528783175,,,0.0,0.0,0.0,0.0,0.0,100.0,1.0034806225917303,0.0,0.0,67.03677094899001,73.7508446855891,87.92500000000031,0.0,1.0034806225917303,-266.9153812432859
NIFTY,2026-07-24T08:03:00,23772.1,1.0457322695488946,1.5906358293777867,23773.4584988793,TRENDING_BEAR,-0.0086632063612341,0.2,0.0001661870521433,0.2689417063406059,0.2689418234815669,0.0001661870521433,0.0,NEUTRAL,0.4621164701778272,-0.0002419132604227,True,0.0,0.0,0.0,0.0,0.0,100.0,0.9972702915681636,0.0,0.0,32.09523809522676,47.51370140434328,6.678571428571429,0.0,0.9972702915681636,-0.0134137585759162
NIFTY,2026-07-24T08:04:00,23769.05,1.0137742948857358,1.6807696964208303,23769.96307100543,TRENDING_BEAR,-0.0086632063612341,0.2,0.0001613726249042,0.2689417118490353,0.2689418113909079,0.0001613726249042,0.0,NEUTRAL,0.4621164767600567,4.418132013781511e-05,True,0.0,0.0,0.0,0.0,0.0,100.0,0.9972762408761422,0.0,0.0,33.169774288509046,44.61587110495096,6.667857142857299,0.0,0.9972762408761422,-0.0134969227015972
NIFTY,2026-07-24 08:00:00,23769.05,1.0,-25.74734255856786,23778.101143367057,TRENDING_BULL,-0.0093096951022744,0.25,-0.0008394781492719,0.2689483817928604,0.2692840434950501,-0.0008394781492719,0.0931552633169926,NEUTRAL,0.4617675747120894,,,0.0,0.0,0.0,0.0,0.0,100.0,1.000195645313979,0.0,0.0,58.7777777777728,66.27609546916996,22.31428571428556,0.0,1.000195645313979,-0.01506884470582
NIFTY,2026-07-24 08:00:00,23765.15,1.0,-25.80441218755032,23780.966995395163,TRENDING_BEAR,-0.0090027274563908,0.2,-0.0005460055072053,0.2689414322377123,0.2689559257375148,-0.0005460055072053,0.0508536763507856,NEUTRAL,0.4621026420247727,,,-0.0008333333333333,0.1666666666666666,16.666666666666664,0.0,16.666666666666664,83.33333333333334,0.9975908426795044,0.0,0.0,79.1829882484564,41.16644325409772,35.553571428571686,0.0,0.9975908426795044,-0.0145844120532274
NIFTY,2026-07-24 08:05:00,23766.3,1.0,-2.489292003613315,23770.76025468406,TRENDING_BULL,-0.0097336573526263,0.25,0.000231660395143,0.2689432486953892,0.2689520230318937,0.000231660395143,0.0,NEUTRAL,0.462104728272717,,,0.0,0.0,0.0,0.0,0.0,100.0,0.9977863129812878,0.0,0.0,43.45606999634955,60.75546886626382,18.59285714285709,0.0,0.9977863129812878,-0.0154234562069177
BANKNIFTY,2026-07-24 08:00:00,56658.9,1.0,-81.56366921244894,56695.802086481584,HIGH_VOLATILITY,-244.69100763734684,0.2,-0.0011839538699224,0.2689414214401488,0.2689414456728363,-0.0011839538699224,0.1143331051913052,NEUTRAL,0.4621171328870148,,,0.0008333333333333,0.1666666666666666,16.666666666666664,16.666666666666664,0.0,83.33333333333334,0.9981241517011836,0.0,0.0,77.31174769058437,42.996821535107244,129.80714285714308,0.0,0.9981241517011836,-407.8183460622447
NIFTY,2026-07-24 08:05:00,23766.3,1.0,-2.489292003613315,23771.82209345689,TRENDING_BULL,-0.0097336573526263,0.25,6.230206132080316e-05,0.26894352165495,0.2689536066903276,6.230206132080316e-05,0.0,NEUTRAL,0.4621028716547223,,,0.0,0.0,0.0,0.0,0.0,100.0,0.9977863129812878,0.0,0.0,43.45606999634955,60.75546886626382,18.59285714285709,0.0,0.9977863129812878,-0.0154234562069177
NIFTY,2026-07-24T08:06:00,23755.6,1.1518466817961397,1.453214277161905,23757.755921512715,TRENDING_BEAR,-0.0073609161190688,0.2,4.708383887805534e-05,0.2689417150807024,0.2689418931026587,4.708383887805534e-05,0.0,NEUTRAL,0.4621163918166389,-0.000728085366957,True,0.0,0.0,0.0,0.0,0.0,100.0,0.9972747001329002,0.0,0.0,22.63999999999276,42.39603246048512,7.267857142856883,0.0,0.9972747001329002,-0.0155141182243824
NIFTY,2026-07-24 08:05:00,23755.6,1.0,-14.70742684758778,23765.610831696507,TRENDING_BULL,-0.0087006511166691,0.25,0.0002737921560906,0.2689419061163719,0.2690363695279881,0.0002737921560906,0.0,NEUTRAL,0.4620217243556399,,,0.0,0.0,0.0,0.0,0.0,100.0,0.9964366576479418,0.0,0.0,40.23184452778301,60.73080453137303,19.57499999999995,0.0,0.9964366576479418,-0.0149506721645593
NIFTY,2026-07-24T08:05:00,23755.6,1.0,-14.70742684758778,23765.42816976388,TRENDING_BULL,-0.0087006511166691,0.25,0.000100629695081,0.2689419255614292,0.2690401787064937,0.000100629695081,0.0,NEUTRAL,0.462017895732077,0.0021395842011588,True,0.0,0.0,0.0,0.0,0.0,100.0,0.9964366576479418,0.0,0.0,40.23184452778301,60.73080453137303,19.57499999999995,0.0,0.9964366576479418,-0.0149506721645593
NIFTY,2026-07-24 08:00:00,23766.75,1.0,-23.97740136976153,23782.321854706737,TRENDING_BEAR,-0.0080699836835265,0.2,-0.0004758050686696,0.2689414314165073,0.2689519578987717,-0.0004758050686696,0.0349527305749821,NEUTRAL,0.462106610684721,,,0.0008333333333333,0.1666666666666666,16.666666666666664,16.666666666666664,0.0,83.33333333333334,0.9977926569053048,0.0,0.0,79.65847250890828,40.59468872165498,36.42500000000031,0.0,0.9977926569053048,-0.0149741537868976
NIFTY,2026-07-24 04:00:00,4051.3,1.5,,,TRANSITION,-0.0051832259632647,0.2,-0.0083399020030646,0.2811083642186966,0.333328675931118,-0.0083399020030646,0.1873863705462588,NEUTRAL,0.3855629598501853,,,0.0008333333333333,0.1666666666666666,16.666666666666664,16.666666666666664,0.0,83.33333333333334,1.0,0.0,0.0,,,,,1.0,-0.0109126556664705
NIFTY,2026-07-24 04:00:00,4051.3,1.5,,,TRANSITION,-0.0051832259632647,0.2,-0.0088092120666143,0.2807820817906146,0.3347733784119954,-0.0088092120666143,0.1922159781594277,NEUTRAL,0.3844445397973899,,,0.0,0.0,0.0,0.0,0.0,100.0,1.0,0.0,0.0,,,,,1.0,-0.0109126556664705
NIFTY,2026-07-24 04:00:00,4051.3,1.5,,,TRANSITION,-0.0051832259632647,0.2,-0.0088092120666143,0.2807820817906146,0.3347733784119954,-0.0088092120666143,0.1922159781594277,NEUTRAL,0.3844445397973899,,,0.0,0.0,0.0,0.0,0.0,100.0,1.0,0.0,0.0,,,,,1.0,-0.0109126556664705
NIFTY,2026-07-24 08:09:00,23766.75,1.00414901658794,3.83747579692412,23764.56053686457,TRENDING_BEAR,-0.0091856811195611,0.2,-4.963253540473333e-05,0.2689418318131542,0.2689417557645688,-4.963253540473333e-05,2.6574077517436365e-05,NEUTRAL,0.4621164124222769,,,0.0,0.0,0.0,0.0,0.0,100.0,1.0001325439604134,0.0,0.0,34.210526315781976,41.70741950905868,7.47857142857148,0.0,1.0001325439604134,-0.0144677158445119
NIFTY,2026-07-24T08:09:00,23766.75,1.00414901658794,3.83747579692412,23764.66939360938,TRENDING_BEAR,-0.0091856811195611,0.2,-8.595791612908982e-05,0.2689418281596579,0.2689417527880075,-8.595791612908982e-05,0.0,NEUTRAL,0.4621164190523346,-0.0007805169504718,True,0.0,0.0,0.0,0.0,0.0,100.0,1.0001325439604134,0.0,0.0,34.210526315781976,41.70741950905868,7.47857142857148,0.0,1.0001325439604134,-0.0144677158445119
NIFTY,2026-07-24 08:00:00,23765.85,1.0,-25.00509495477032,23782.27276084678,TRENDING_BEAR,-0.0090027274563908,0.2,-0.0011722426077697,0.2689414284041133,0.2689497476090225,-0.0011722426077697,0.1107710005155178,NEUTRAL,0.462108823986864,,,0.0,0.0,0.0,0.0,0.0,100.0,0.997679136403292,0.0,0.0,79.39031232466243,40.59468872165498,36.42500000000031,0.0,0.997679136403292,-0.0145844120532274
NIFTY,2026-07-24T08:00:00,23765.85,1.0,-25.00509495477032,23781.945771754006,TRENDING_BEAR,-0.0090027274563908,0.2,-0.0003520251801939,0.2689414334308635,0.268955697839549,-0.0003520251801939,0.0221411667577119,NEUTRAL,0.4621028687295875,0.0012232737838321,True,0.0,0.0,0.0,0.0,0.0,100.0,0.997679136403292,0.0,0.0,79.39031232466243,40.59468872165498,36.42500000000031,0.0,0.997679136403292,-0.0145844120532274
NIFTY,2026-07-24 08:10:00,23761.95,1.0,-0.4001883788589699,23766.815835179827,TRENDING_BULL,-0.0089095653966069,0.25,0.0002356580049995,0.2689435559931004,0.268948144872194,0.0002356580049995,0.0,NEUTRAL,0.4621082991347056,,,0.0,0.0,0.0,0.0,0.0,100.0,0.9963494445355155,0.0,0.0,48.16161616161095,55.64369751535116,17.60357142857122,0.0,0.9963494445355155,-0.0154032994061708
NIFTY,2026-07-24 08:10:00,23761.75,1.0,-0.6285647310836078,23765.89556284914,TRENDING_BULL,-0.0089095653966069,0.25,-0.0001540109369859,0.268943449813164,0.2689482816960283,-0.0001540109369859,0.0310839560889328,NEUTRAL,0.4621082684908077,,,0.0,0.0,0.0,0.0,0.0,100.0,0.9963242248086452,0.0,0.0,48.08390480031723,55.64369751535116,17.617857142856987,0.0,0.9963242248086452,-0.0154793299734592
NIFTY,2026-07-24 08:10:00,23761.75,1.0,-0.6285647310836078,23766.163722586312,TRENDING_BULL,-0.0089095653966069,0.25,-9.14946814158388e-05,0.2689436097391098,0.2689488225792371,-9.14946814158388e-05,0.019289818024478,NEUTRAL,0.462107567681653,,,0.0,0.0,0.0,0.0,0.0,100.0,0.9963242248086452,0.0,0.0,48.08390480031723,55.64369751535116,17.617857142856987,0.0,0.9963242248086452,-0.0154793299734592
NIFTY,2026-07-24 08:10:00,23746.3,1.0,-18.270637940373472,23757.742763206155,TRENDING_BULL,-0.0100134620442986,0.25,-0.0002818669667372,0.2689416628553671,0.2690543663628352,-0.0002818669667372,0.0,NEUTRAL,0.4620039707817976,,,0.0,0.0,0.0,0.0,0.0,100.0,0.99437600090791,0.0,0.0,42.75466284074138,55.944647316203394,18.85357142857148,0.0,0.99437600090791,-0.0135742887854576
NIFTY,2026-07-24 08:10:00,23746.3,1.0,-18.270637940373472,23757.527257478192,TRENDING_BULL,-0.0100134620442986,0.25,-0.0008575328581446,0.2689416245122655,0.2690364309341997,-0.0008575328581446,0.1053720180172501,NEUTRAL,0.4620219445535347,,,0.0,0.0,0.0,0.0,0.0,100.0,0.99437600090791,0.0,0.0,42.75466284074138,55.944647316203394,18.85357142857148,0.0,0.99437600090791,-0.0135742887854576
NIFTY,2026-07-24 08:10:00,23746.3,1.0,-18.270637940373472,23757.851165751094,TRENDING_BULL,-0.0100134620442986,0.25,6.046541219829611e-05,0.2689417280184371,0.269084848870877,6.046541219829611e-05,0.0,NEUTRAL,0.4619734231106858,,,0.0,0.0,0.0,0.0,0.0,100.0,0.99437600090791,0.0,0.0,42.75466284074138,55.944647316203394,18.85357142857148,0.0,0.99437600090791,-0.0135742887854576
NIFTY,2026-07-24 04:00:00,101.35,1.0,-0.0651616862884555,101.3138600871146,TRANSITION,-0.0093487249687314,0.2,-0.0011628944812659,0.2689434003940982,0.2689414852957341,-0.0011628944812659,0.0,NEUTRAL,0.4621151143101676,-0.0017962226556233,True,-0.0008333333333333,0.1666666666666666,16.666666666666664,0.0,16.666666666666664,83.33333333333334,1.0,0.0,0.0,,,,,1.0,-0.0137580469250679
NIFTY,2026-07-24 08:10:00,23740.4,1.0,-25.007740330973263,23754.05416317553,HIGH_VOLATILITY,-0.0095792366191744,0.2,0.0002723791626427,0.2689414213901609,0.2689414362791656,0.0002723791626427,0.0,NEUTRAL,0.4621171423306735,,,0.0008333333333333,0.1666666666666666,16.666666666666664,16.666666666666664,0.0,83.33333333333334,0.9936320189652346,0.0,0.0,41.018582243630135,56.40962780929562,19.589285714285715,0.0,0.9936320189652346,-0.013693231344223
NIFTY,2026-07-24 04:00:00,92.49,1.5,-8369.87260047527,,TRANSITION,-0.0093821762129664,0.2,-0.0033448205183757,0.2985779810340699,0.3160680904909529,-0.0033448205183757,0.0714014148532834,NEUTRAL,0.3853539284749772,-0.0012279819247823,True,-0.0008333333333333,0.1666666666666666,16.666666666666664,0.0,16.666666666666664,83.33333333333334,1.0,0.0,0.0,,,,,1.0,-0.005243488959968
NIFTY,2026-07-24 08:10:00,23740.4,1.0,-25.007740330973263,23755.00315887314,HIGH_VOLATILITY,-0.0095792366191744,0.2,0.0003474000590007,0.2689414213915704,0.2689414373199293,0.0003474000590007,0.0,NEUTRAL,0.4621171412885003,,,0.0,0.0,0.0,0.0,0.0,100.0,0.9936320189652346,0.0,0.0,41.018582243630135,56.40962780929562,19.589285714285715,0.0,0.9936320189652346,-0.013693231344223
NIFTY,2026-07-24 08:10:00,23748.65,1.0,-15.587215801741255,23758.515006221893,TRENDING_BULL,-0.0100134620442986,0.25,-9.22499718617191e-05,0.2689417783748596,0.2690224744214221,-9.22499718617191e-05,0.0,NEUTRAL,0.4620357472037183,,,0.0,0.0,0.0,0.0,0.0,100.0,0.9946723326986368,0.0,0.0,43.48777818314072,56.40962780929562,19.589285714285715,0.0,0.9946723326986368,-0.0135742887854576
NIFTY,2026-07-24T08:10:00,23748.65,1.0,-15.587215801741255,23759.628643470736,TRENDING_BULL,-0.0100134620442986,0.25,8.048670045984986e-05,0.2689418174501439,0.2690313468612034,8.048670045984986e-05,0.0,NEUTRAL,0.4620268356886527,0.002214946679159,True,0.0,0.0,0.0,0.0,0.0,100.0,0.9946723326986368,0.0,0.0,43.48777818314072,56.40962780929562,19.589285714285715,0.0,0.9946723326986368,-0.0135742887854576
NIFTY,2026-07-24 08:15:00,23744.05,1.0,-4.3442343105892895,23749.708643000224,HIGH_VOLATILITY,-0.0097566517069935,0.2,-0.0001017814025878,0.2689414214483686,0.2689414218156176,-0.0001017814025878,0.0,NEUTRAL,0.4621171567360139,,,0.0,0.0,0.0,0.0,0.0,100.0,0.9940734015522644,0.0,0.0,40.0876232201485,52.239600815803534,18.482142857142858,0.0,0.9940734015522644,-0.0138518393039703
NIFTY,2026-07-24 08:15:00,23744.05,1.0,-4.3442343105892895,23750.070457427533,HIGH_VOLATILITY,-0.0097566517069935,0.2,-9.769477195789767e-06,0.2689414214511587,0.268941421831482,-9.769477195789767e-06,0.0,NEUTRAL,0.4621171567173592,,,0.0,0.0,0.0,0.0,0.0,100.0,0.9940734015522644,0.0,0.0,40.0876232201485,52.239600815803534,18.482142857142858,0.0,0.9940734015522644,-0.0138518393039703
NIFTY,2026-07-24 08:15:00,23749.4,1.0,1.7648331114000193,23753.00525014736,HIGH_VOLATILITY,-0.0100134620442986,0.2,0.000422258798799,0.2689414215417146,0.2689414215526453,0.000422258798799,0.0,NEUTRAL,0.46211715690564,,,0.0,0.0,0.0,0.0,0.0,100.0,0.994748024992592,0.0,0.0,41.91994069680824,52.239600815803534,18.82857142857133,0.0,0.994748024992592,-0.0140094492584466
BANKNIFTY,2026-07-24 08:15:00,56670.25,1.0,42.01971946763874,56681.444711081305,HIGH_VOLATILITY,126.0591584029162,0.2,0.0012668919270165,0.2690233633381004,0.2689872401889718,0.0012668919270165,0.1155554314638383,NEUTRAL,0.4619893964729276,,,0.0008333333333333,0.1666666666666666,16.666666666666664,16.666666666666664,0.0,83.33333333333334,0.999862367959261,0.0,0.0,74.13514242070174,42.90991828933521,136.56428571428583,0.0,0.999862367959261,210.09859733819368
NIFTY,2026-07-24 08:16:00,23750.85,1.0012403090665911,-0.8165748423682953,23750.56885098682,TRENDING_BEAR,-0.0086632063612341,0.2,-5.594956114984652e-05,0.2689416527231095,0.2689419868011322,-5.594956114984652e-05,3.070303380783246e-05,NEUTRAL,0.4621163604757582,,,0.0,0.0,0.0,0.0,0.0,100.0,1.000909716913785,0.0,0.0,34.03933434189611,58.362188737700535,8.049999999999272,0.0,1.000909716913785,-0.0121834337711334
NIFTY,2026-07-24T08:16:00,23750.85,1.0012403090665911,-0.8165748423682953,23750.12256980348,TRENDING_BEAR,-0.0086632063612341,0.2,-3.138028127567412e-05,0.2689416501239765,0.2689419804488023,-3.138028127567412e-05,3.838151792107174e-05,NEUTRAL,0.4621163694272211,0.0006462287186567,True,0.0,0.0,0.0,0.0,0.0,100.0,1.000909716913785,0.0,0.0,34.03933434189611,58.362188737700535,8.049999999999272,0.0,1.000909716913785,-0.0121834337711334
NIFTY,2026-07-24 08:15:00,23754.0,1.0,2.005457573320541,23764.83654617257,TRENDING_BEAR,-0.0079214619472622,0.2,0.0002418092164695,0.2699907360179648,0.2689416007911658,0.0002418092164695,0.0356988011871709,NEUTRAL,0.4610676631908693,,,0.0,0.0,0.0,0.0,0.0,100.0,0.9950007670113664,0.0,0.0,73.68326442566516,39.62245682736612,36.95357142857184,0.0,0.9950007670113664,-0.0151746220886707
NIFTY,2026-07-24T08:17:00,23756.95,1.0003735739118391,3.355821626975384,23754.662465463705,TRENDING_BEAR,-0.0094497818499803,0.2,-5.9968526023077214e-05,0.26894181539879,0.2689417618012654,-5.9968526023077214e-05,0.0,NEUTRAL,0.4621164227999446,0.0013304814995706,True,0.0,0.0,0.0,0.0,0.0,100.0,1.0020218230525737,0.0,0.0,41.38929088277114,58.02903433806817,8.289285714285402,0.0,1.0020218230525737,-0.0132560424506664
NIFTY,2026-07-23 04:00:00,7408.3,1.5,-115.15523504741368,7448.159775754189,TRANSITION,-0.0099472077563405,0.2,0.002337631065224,0.3064721628849419,0.2916985536054254,0.002337631065224,0.0920516204750616,NEUTRAL,0.4018292835096327,0.0028923554397405,True,-0.0008333333333333,0.1666666666666666,16.666666666666664,0.0,16.666666666666664,83.33333333333334,1.0,0.0,0.0,,,,,1.0,-0.0117485225200653
NIFTY,2026-07-24 04:00:00,92.49,1.5,,,TRANSITION,-0.0064565571956336,0.2,-0.0082383471256964,0.2756137437196264,0.3364247870509639,-0.0082383471256964,0.2165395090788669,NEUTRAL,0.3879614692294096,,,0.0,0.0,0.0,0.0,0.0,100.0,1.0,0.0,0.0,,,,,1.0,-0.0092614497989416
NIFTY,2026-07-24 04:00:00,92.49,1.5,,,TRANSITION,-0.0064565571956336,0.2,-0.0082383471256964,0.2756137437196264,0.3364247870509639,-0.0082383471256964,0.2165395090788669,NEUTRAL,0.3879614692294096,,,0.0,0.0,0.0,0.0,0.0,100.0,1.0,0.0,0.0,,,,,1.0,-0.0092614497989416
NIFTY,2026-07-24 04:00:00,4050.0,1.5,-28.04465692777393,4056.343175516231,TRANSITION,-0.0067373435012996,0.2,-0.0339718167989755,0.2689635737809893,0.3774801276788908,-0.0339718167989755,0.25,NEUTRAL,0.3535562985401199,,,-0.0008333333333333,0.1666666666666666,16.666666666666664,0.0,16.666666666666664,83.33333333333334,1.0,0.0,0.0,,,,,1.0,-0.0127395395189523
NIFTY,2026-07-23 23:00:00,10675.01,1.0,2.019919522604397,10665.27254663614,TRANSITION,-0.0131876356899738,0.2,0.0007057789610487,0.2723988682556544,0.2699218011878035,0.0007057789610487,0.0,NEUTRAL,0.4576793305565421,,,-0.0008333333333333,0.1666666666666666,16.666666666666664,0.0,16.666666666666664,83.33333333333334,1.0,0.0,0.0,,,,,1.0,-0.0144605822861194
NIFTY,2026-07-24 04:00:00,52055.0,1.5,77.22697753670604,52097.622543341095,TRANSITION,-0.0057630627416074,0.2,0.0065986822353347,0.3461124571070461,0.2689439111542785,0.0065986822353347,0.25,NEUTRAL,0.3849436317386753,-0.0017962226556233,True,0.0008333333333333,0.1666666666666666,16.666666666666664,16.666666666666664,0.0,83.33333333333334,1.0,0.0,0.0,,,,,1.0,-0.0102674048393964
NIFTY,2026-07-24 08:20:00,23767.95,1.0,11.821848545429756,23764.923759970872,TRENDING_BULL,-0.009751996025443,0.25,-0.0001424779200469,0.2689610686610314,0.2689434864003408,-0.0001424779200469,0.0,NEUTRAL,0.4620954449386277,,,0.0,0.0,0.0,0.0,0.0,100.0,0.9971375309207609,0.0,0.0,40.19083969465164,48.70930180202044,18.33571428571408,0.0,0.9971375309207609,-0.0152671605348587
NIFTY,2026-07-24 08:20:00,23766.25,1.0,9.88064955152657,23764.233958581084,TRENDING_BULL,-0.009751996025443,0.25,-5.658548568855577e-05,0.2689551495010989,0.2689438008090431,-5.658548568855577e-05,0.0,NEUTRAL,0.462101049689858,,,0.0,0.0,0.0,0.0,0.0,100.0,0.9969231609897165,0.0,0.0,39.40448569218351,48.43274453662616,18.589285714285456,0.0,0.9969231609897165,-0.0152061805129051
NIFTY,2026-07-24 08:15:00,23781.35,1.0,33.23592373992439,23780.76802551095,TRENDING_BEAR,-0.0073707550764083,0.2,0.0025630666605692,0.2945233192292795,0.2689414912900509,0.0025630666605692,0.2088318732364543,NEUTRAL,0.4365351894806695,0.00075576401637,True,0.0008333333333333,0.1666666666666666,16.666666666666664,16.666666666666664,0.0,83.33333333333334,0.9984491660590112,0.0,0.0,76.03927986906277,39.6224568273661,38.860714285714494,0.0,0.9984491660590112,-0.0163223806768655
NIFTY,2026-07-24 08:21:00,23766.25,1.0000030744187984,-3.512359503117682,23765.49449115937,TRENDING_BEAR,-0.0089585734531283,0.2,-5.057638706151369e-05,0.268941565684057,0.2689423058019985,-5.057638706151369e-05,8.612344132325942e-05,NEUTRAL,0.4621161285139444,,,0.0,0.0,0.0,0.0,0.0,100.0,1.001648198979506,0.0,0.0,53.8871951219387,48.86641335770735,8.324999999999688,0.0,1.001648198979506,-0.0144201748073101
NIFTY,2026-07-24T08:21:00,23766.25,1.0000030744187984,-3.512359503117682,23766.032587298832,TRENDING_BEAR,-0.0089585734531283,0.2,-3.746704105200341e-05,0.2689415656378993,0.2689423055191198,-3.746704105200341e-05,9.081792783317564e-05,NEUTRAL,0.4621161288429808,0.0009045566515416,True,0.0,0.0,0.0,0.0,0.0,100.0,1.001648198979506,0.0,0.0,53.8871951219387,48.86641335770735,8.324999999999688,0.0,1.001648198979506,-0.0144201748073101
NIFTY,2026-07-24 08:15:00,23789.45,1.0,42.48516600499104,23785.0276567766,TRENDING_BEAR,-0.0078010335564613,0.2,0.001659344839085,0.2689805366245899,0.2691847101773206,0.001659344839085,0.0,NEUTRAL,0.4618347531980895,0.00075576401637,True,0.0008333333333333,0.1666666666666666,16.666666666666664,16.666666666666664,0.0,83.33333333333334,0.9994704469469796,0.0,0.0,76.65816326530202,39.62951138870893,39.63214285714327,0.0,0.9994704469469796,-0.0163426827639341
NIFTY,2026-07-24 08:20:00,23781.5,1.0,27.2943464085918,23772.59875805036,TRENDING_BULL,-0.0086871739476919,0.25,0.0003023410484604,0.269110037748758,0.2689429299325839,0.0003023410484604,0.0280846729510347,NEUTRAL,0.461947032318658,,,0.0008333333333333,0.1666666666666666,16.666666666666664,16.666666666666664,0.0,83.33333333333334,0.9988461853711436,0.0,0.0,45.79730197163104,47.73398312810556,19.303571428571168,0.0,0.9988461853711436,-0.0127845862880349
BANKNIFTY,2026-07-24 08:15:00,56696.6,1.0,72.10830387312356,56694.75201508386,HIGH_VOLATILITY,216.32491161937068,0.2,0.0023039464375587,0.2689438280190659,0.2689436157922835,0.0023039464375587,0.1760114450741902,NEUTRAL,0.4621125561886506,,,0.0008333333333333,0.1666666666666666,16.666666666666664,16.666666666666664,0.0,83.33333333333334,1.0012572157567512,0.0,0.0,74.73337722185553,42.90991828933521,138.19285714285692,0.0,1.0012572157567512,360.5415193656178
NIFTY,2026-07-24 08:20:00,23782.75,1.0,28.721698609990582,23772.52032045944,TRENDING_BULL,-0.0086871739476919,0.25,-0.0001587797109951,0.2692243331298156,0.2689439309585432,-0.0001587797109951,0.0,NEUTRAL,0.4618317359116411,,,0.0,0.0,0.0,0.0,0.0,100.0,0.9990038103204408,0.0,0.0,46.26200274347917,47.55388368133567,19.50714285714249,0.0,0.9990038103204408,-0.0127845862880349
NIFTY,2026-07-24 08:20:00,23782.75,1.0,28.721698609990582,23774.031894144227,TRENDING_BULL,-0.0086871739476919,0.25,0.0005115834698139,0.2691356132943746,0.2689431441408521,0.0005115834698139,0.0742972554302589,NEUTRAL,0.4619212425647734,,,0.0,0.0,0.0,0.0,0.0,100.0,0.9990038103204408,0.0,0.0,46.26200274347917,47.55388368133567,19.50714285714249,0.0,0.9990038103204408,-0.0127845862880349
NIFTY,2026-07-24 08:20:00,23782.5,1.0,28.43622816971083,23772.734982780858,TRENDING_BULL,-0.0086871739476919,0.25,-9.97957727663633e-05,0.2692384401325242,0.2689440895847528,-9.97957727663633e-05,0.0,NEUTRAL,0.461817470282723,,,0.0,0.0,0.0,0.0,0.0,100.0,0.9989722853305814,0.0,0.0,46.169701133626,47.40505958350265,19.682142857142544,0.0,0.9989722853305814,-0.0127845862880349
NIFTY,2026-07-24 08:25:00,23781.55,1.0,-1.0346736712272318,23778.329850296817,TRENDING_BULL,-0.00949302688241,0.25,-0.0004225096893493,0.2689430724682777,0.2689489488337361,-0.0004225096893493,0.0570417947967266,NEUTRAL,0.4621079786979861,,,0.0,0.0,0.0,0.0,0.0,100.0,1.002000782640528,0.0,0.0,43.59958144401288,43.11688448900785,18.392857142856883,0.0,1.002000782640528,-0.0125912316143512
NIFTY,2026-07-24 08:25:00,23789.75,1.000000025301689,6.768692459594076,23785.40515722339,TRENDING_BULL,-0.0103347143158316,0.25,-0.0002264980468134,0.2689530890776773,0.2689464584438271,-0.0002264980468134,0.0,NEUTRAL,0.4621004524784956,,,0.0,0.0,0.0,0.0,0.0,100.0,1.00265053904812,0.0,0.0,85.4070660522047,41.89107441401627,8.742857142857247,0.0,1.00265053904812,-0.0131883369758725
NIFTY,2026-07-24 08:25:00,23789.75,1.000000025301689,6.768692459594076,23785.56072271084,TRENDING_BULL,-0.0103347143158316,0.25,-0.000119579544252,0.2689552935466242,0.2689474101277639,-0.000119579544252,0.0023911510159518,NEUTRAL,0.4620972963256119,,,0.0,0.0,0.0,0.0,0.0,100.0,1.00265053904812,0.0,0.0,85.4070660522047,41.89107441401627,8.742857142857247,0.0,1.00265053904812,-0.0131883369758725
NIFTY,2026-07-24 08:26:00,23787.65,1.0000000076207225,-2.7046097596753444,23786.618131435123,TRENDING_BULL,-0.0103163756430149,0.25,-5.647657522618178e-05,0.2689441367098371,0.2689619798956286,-5.647657522618178e-05,0.0021416670831812,NEUTRAL,0.4620938833945343,,,0.0,0.0,0.0,0.0,0.0,100.0,1.0024107486573648,0.0,0.0,85.92307692305697,42.92691814443356,8.51071428571439,0.0,1.0024107486573648,-0.0143186096101999
NIFTY,2026-07-24 08:25:00,23785.65,1.0,3.647041549363287,23781.36446478961,TRENDING_BULL,-0.00949302688241,0.25,-1.6989808944274803e-05,0.268945689182904,0.2689464232634604,-1.6989808944274803e-05,0.0058046987706847,NEUTRAL,0.4621078875536354,,,0.0,0.0,0.0,0.0,0.0,100.0,1.0025183352478573,0.0,0.0,44.99824499824047,42.766954039465695,19.07499999999995,0.0,1.0025183352478573,-0.0129672642797231
NIFTY,2026-07-24T08:26:00,23787.65,1.0000000076207225,-2.7046097596753444,23786.52688828363,TRENDING_BULL,-0.0103163756430149,0.25,-9.08620774356715e-05,0.2689441477726564,0.2689620636567984,-9.08620774356715e-05,0.0094874691604272,NEUTRAL,0.4620937885705451,0.0002332908085522,True,0.0,0.0,0.0,0.0,0.0,100.0,1.0024107486573648,0.0,0.0,85.92307692305697,42.92691814443356,8.51071428571439,0.0,1.0024107486573648,-0.0143186096101999
NIFTY,2026-07-24T08:27:00,23785.65,1.0000000022953175,-6.454167295514914,23786.4686087322,TRENDING_BULL,-0.0095892306417226,0.25,-4.034439629240943e-05,0.2689431164366724,0.2689759276528275,-4.034439629240943e-05,0.0040313400756328,NEUTRAL,0.4620809559105,0.0003699126501718,True,0.0,0.0,0.0,0.0,0.0,100.0,1.0004099670344455,0.0,0.0,83.2585949177696,43.91281104044519,8.757142857142753,0.0,1.0004099670344455,-0.0128950998187065
NIFTY,2026-07-24 08:25:00,23785.65,1.0,3.647041549363287,23780.068508022523,TRENDING_BULL,-0.00949302688241,0.25,-0.0005064617252673,0.2689449544800311,0.26898297445229,-0.0005064617252673,0.0914192137854935,NEUTRAL,0.4620720710676789,,,0.0,0.0,0.0,0.0,0.0,100.0,1.0025183352478573,0.0,0.0,44.99824499824047,42.766954039465695,19.07499999999995,0.0,1.0025183352478573,-0.0129672642797231
BANKNIFTY,2026-07-24T08:15:00,56712.6,1.0,90.37841205102804,56701.09543504999,HIGH_VOLATILITY,271.1352361530842,0.2,0.0025999557146914,0.2689414415729643,0.2689769933347095,0.0025999557146914,0.0,NEUTRAL,0.4620815650923262,-0.0010521242070516,True,-0.0008333333333333,0.1666666666666666,16.666666666666664,0.0,16.666666666666664,83.33333333333334,1.0021041821612997,0.0,0.0,75.08331529971774,42.90991828933521,140.89642857142877,0.0,1.0021041821612997,451.8920602551402
NIFTY,2026-07-24T08:25:00,23790.75,1.0,9.470638531068689,23783.71129761704,TRENDING_BULL,-0.00949302688241,0.25,0.0001600406134665,0.2689494165745709,0.2689432510909866,0.0001600406134665,0.0250894090099469,NEUTRAL,0.4621073323344424,-0.0011322126038999,True,0.0,0.0,0.0,0.0,0.0,100.0,1.003162120198437,0.0,0.0,46.899356150452434,42.766954039465695,19.07499999999995,0.0,1.003162120198437,-0.0129672642797231
NIFTY,2026-07-24T08:28:00,23790.75,1.0000000006913363,0.8353020740448063,23789.363521871303,TRENDING_BULL,-0.0103163756430149,0.25,-7.921398501752907e-05,0.2689464964102973,0.2689534568720786,-7.921398501752907e-05,0.0004778377561561,NEUTRAL,0.4621000467176241,0.0008300795615498,True,0.0,0.0,0.0,0.0,0.0,100.0,1.0015833830988048,0.0,0.0,87.13298791016798,46.1375362908754,8.350000000000104,0.0,1.0015833830988048,-0.0131883369758725
NIFTY,2026-07-24 04:00:00,28601.75,1.5,,,TRANSITION,-0.0003966720541939,0.2,-0.0017149019649825,0.294756923216672,0.3071723849416325,-0.0017149019649825,0.0540128915972117,NEUTRAL,0.3980706918416954,-0.0012279819247823,True,0.0008333333333333,0.1666666666666666,16.666666666666664,16.666666666666664,0.0,83.33333333333334,1.0,0.0,0.0,,,,,1.0,-0.0021983612794429
NIFTY,2026-07-24 08:30:00,23795.8,1.0,-10.71706192157038,23793.45733016096,TRENDING_BULL,-0.00949302688241,0.25,-0.000940162062892,0.2689419586646422,0.2689739007004642,-0.000940162062892,0.1649889438773681,NEUTRAL,0.4620841406348936,,,-0.0008333333333333,0.1666666666666666,16.666666666666664,0.0,16.666666666666664,83.33333333333334,1.0037237601141111,0.0,0.0,50.10772545398108,36.79305174498701,19.84642857142847,0.0,1.0037237601141111,-0.0154566641896963
NIFTY,2026-07-24 08:30:00,23812.65,1.0,8.523645753287788,23801.856441386364,TRENDING_BULL,-0.0102201718837022,0.25,-0.0005357785274604,0.2689514478534999,0.2689438511676394,-0.0005357785274604,0.0,NEUTRAL,0.4621047009788606,,,0.0,0.0,0.0,0.0,0.0,100.0,1.005850721399629,0.0,0.0,55.212121212116855,36.58260319639894,20.65357142857153,0.0,1.005850721399629,-0.0165991690009832
NIFTY,2026-07-24T08:32:00,23798.2,1.0000000000056894,2.275069904138446,23797.06983119226,TRENDING_BULL,-0.0103163756430149,0.25,0.000105547528669,0.2689477485428979,0.2689497700937558,0.000105547528669,0.0,NEUTRAL,0.4621024813633462,0.0,True,0.0,0.0,0.0,0.0,0.0,100.0,1.0011097379505156,0.0,0.0,81.3813813813627,57.87302339731581,8.853571428571481,0.0,1.0011097379505156,-0.015826004371047
NIFTY,2026-07-24T08:33:00,23812.65,1.1505971059578148,5.104249875881525,23808.09687249221,TRENDING_BULL,-0.0104722790420055,0.25,-0.0002877095335491,0.26895135184971,0.2689472482094389,-0.0002877095335491,0.0,NEUTRAL,0.4621013999408511,-0.0005646918545824,True,0.0,0.0,0.0,0.0,0.0,100.0,1.0024902386846497,0.0,0.0,83.49966733198629,62.877007305184186,9.221428571428728,0.0,1.0024902386846497,-0.0157071065157651
NIFTY,2026-07-24 08:30:00,23819.0,1.0,15.774594936391974,23804.345470914825,TRENDING_BULL,-0.0102201718837022,0.25,-0.0002472583045139,0.268979294753187,0.2689429330459156,-0.0002472583045139,0.0,NEUTRAL,0.4620777722008973,,,0.0,0.0,0.0,0.0,0.0,100.0,1.006652276542836,0.0,0.0,56.871899620654816,36.58356607560831,21.107142857142858,0.0,1.006652276542836,-0.0163515139371156
BANKNIFTY,2026-07-24 08:30:00,56762.45,1.0,57.02708067925997,56752.56830634079,HIGH_VOLATILITY,171.0812420377799,0.2,0.0014540987779607,0.2694950157315894,0.2689662133057162,0.0014540987779607,0.1344626854597099,NEUTRAL,0.4615387709626944,,,0.0008333333333333,0.1666666666666666,16.666666666666664,16.666666666666664,0.0,83.33333333333334,1.0025205061112792,0.0,0.0,74.80304621848649,44.38040582478969,140.9749999999996,0.0,1.0025205061112792,285.1354033962998
NIFTY,2026-07-24T08:34:00,23819.0,1.0453589766452225,-0.3834493462715258,23815.62956693604,TRENDING_BULL,-0.0100399926304817,0.25,-0.0003752735298948,0.2689452529045508,0.2689528465243372,-0.0003752735298948,0.0988883039400171,NEUTRAL,0.4621019005711119,-0.0006654868445637,True,0.0,0.0,0.0,0.0,0.0,100.0,1.002022858511235,0.0,0.0,83.47768154561936,66.99105690465305,9.06428571428556,0.0,1.002022858511235,-0.015627859532833
NIFTY,2026-07-24 08:35:00,23809.35,1.0,-12.71754985962033,23806.283323408843,TRENDING_BULL,-0.0100478716194629,0.25,-0.0009331914096431,0.2689417454128973,0.2689822727685469,-0.0009331914096431,0.1230420690251111,NEUTRAL,0.4620759818185558,,,0.0,0.0,0.0,0.0,0.0,100.0,1.0077817898537755,0.0,0.0,53.38088445077992,31.402600936858427,20.84642857142847,0.0,1.0077817898537755,-0.0170053012669086
NIFTY,2026-07-24T08:36:00,23809.3,1.0041148735245569,-2.117679710665165,23809.372012094274,TRENDING_BULL,-0.0103163756430149,0.25,-2.448544201562736e-05,0.2689450474021623,0.2689582808059242,-2.448544201562736e-05,0.0017750816616395,NEUTRAL,0.4620966717919134,-0.0004620237480206,True,0.0,0.0,0.0,0.0,0.0,100.0,1.0017272100724504,0.0,0.0,69.40836940835402,71.17027008214228,8.639285714285506,0.0,1.0017272100724504,-0.0157467573881149
NIFTY,2026-07-23 15:00:00,64611.15,1.0,-2205.5422141412328,65257.22080977751,TRANSITION,-0.0046164435334503,0.2,0.0021119074338254,0.3112026502636746,0.2988755020466184,0.0021119074338254,0.0549081328715745,NEUTRAL,0.3899218476897069,,,0.0008333333333333,0.1666666666666666,16.666666666666664,16.666666666666664,0.0,83.33333333333334,1.0,0.0,0.0,,,,,1.0,0.0002691778354346
NIFTY,2026-07-24 08:35:00,23804.85,1.0,-17.85601778465597,23803.28902582676,TRENDING_BULL,-0.0093680080026388,0.25,-0.0010337653289011,0.2689415666272464,0.2690249820883775,-0.0010337653289011,0.1017565063241925,NEUTRAL,0.462033451284376,,,0.0,0.0,0.0,0.0,0.0,100.0,1.0072133149456262,0.0,0.0,52.04450625868818,31.402600936858427,21.08214285714296,0.0,1.0072133149456262,-0.0170058701187372
NIFTY,2026-07-24T08:38:00,23804.85,1.0003732929041926,-5.214756826059755,23806.30478028497,TRENDING_BULL,-0.0095892306417226,0.25,0.0001002144460038,0.268943612621277,0.2689673100661577,0.0001002144460038,0.0,NEUTRAL,0.4620890773125652,-0.0002878042426967,True,0.0,0.0,0.0,0.0,0.0,100.0,0.9983059244362528,0.0,0.0,65.22693997070368,71.86053624839758,8.696428571428312,0.0,0.9983059244362528,-0.0154741197824478
NIFTY,2026-07-24 08:30:00,23796.8,1.0,7.172146789751821,23800.69420117392,TRENDING_BEAR,-0.0086640138179063,0.2,0.0002653278077982,0.2689416734689709,0.2693251808139414,0.0002653278077982,0.0,NEUTRAL,0.4617331457170876,0.0004538034400823,True,0.0008333333333333,0.1666666666666666,16.666666666666664,16.666666666666664,0.0,83.33333333333334,0.9999117554364954,0.0,0.0,74.77749523203627,40.30156404070716,40.38571428571465,0.0,0.9999117554364954,-0.0161761857569217
NIFTY,2026-07-24 08:35:00,23800.45,1.0,-22.880297533577217,23801.405222290035,TRENDING_BULL,-0.00975295715034,0.25,-0.0005792482401448,0.2689415809999071,0.2691717576341045,-0.0005792482401448,0.0537752374412936,NEUTRAL,0.4618866613659882,,,0.0,0.0,0.0,0.0,0.0,100.0,1.006657472813214,0.0,0.0,50.80097746402023,31.402600936858427,21.40357142857153,0.0,1.006657472813214,-0.0153528828173875
NIFTY,2026-07-24 08:39:00,23801.3,1.0001124336620906,-0.9395306177150768,23801.875266136165,TRENDING_BULL,-0.0095892306417226,0.25,-8.910246582922363e-06,0.268945573313057,0.2689559801115285,-8.910246582922363e-06,0.0015122831758177,NEUTRAL,0.4620984465754145,,,0.0,0.0,0.0,0.0,0.0,100.0,0.9980035394663088,0.0,0.0,58.470764617679166,67.60240806513399,8.367857142856467,0.0,0.9980035394663088,-0.0153330959379672
NIFTY,2026-07-24T08:39:00,23801.3,1.0001124336620906,-0.9395306177150768,23801.734151282923,TRENDING_BULL,-0.0095892306417226,0.25,4.72391272605023e-06,0.2689456200355269,0.2689561439453689,4.72391272605023e-06,0.0016397074773878,NEUTRAL,0.4620982360191042,-0.0001239477570706,True,0.0,0.0,0.0,0.0,0.0,100.0,0.9980035394663088,0.0,0.0,58.470764617679166,67.60240806513399,8.367857142856467,0.0,0.9980035394663088,-0.0153330959379672
NIFTY,2026-07-24 08:35:00,23800.45,1.0,-22.880297533577217,23801.24452441437,TRENDING_BULL,-0.00975295715034,0.25,-0.0011870638665862,0.2689415327730324,0.2691021560577702,-0.0011870638665862,0.1204927604222259,NEUTRAL,0.4619563111691973,,,0.0,0.0,0.0,0.0,0.0,100.0,1.006657472813214,0.0,0.0,50.80097746402023,31.402600936858427,21.40357142857153,0.0,1.006657472813214,-0.0153528828173875
NIFTY,2026-07-24T08:35:00,23800.45,1.0,-22.880297533577217,23802.80925073253,TRENDING_BULL,-0.00975295715034,0.25,-0.0010280115180436,0.2689415416648694,0.2691149880040377,-0.0010280115180436,0.1068914438749053,NEUTRAL,0.4619434703310928,-0.0013949374694068,True,0.0,0.0,0.0,0.0,0.0,100.0,1.006657472813214,0.0,0.0,50.80097746402023,31.402600936858427,21.40357142857153,0.0,1.006657472813214,-0.0153528828173875
NIFTY,2026-07-24 08:41:00,23794.4,1.0000101997517057,-2.5732970914701703,23795.99025088578,TRENDING_BEAR,-0.0087006511166691,0.2,0.0001399467111841,0.2689415846545866,0.2689422104688165,0.0001399467111841,0.0,NEUTRAL,0.4621162048765968,,,0.0008333333333333,0.1666666666666666,16.666666666666664,16.666666666666664,0.0,83.33333333333334,0.9982485099734127,0.0,0.0,53.46740638001743,54.48622027642667,9.007142857142494,0.0,0.9982485099734127,-0.0151399366557598
NIFTY,2026-07-23 23:00:00,10675.01,1.0,2.019919522604397,10661.688643969524,TRANSITION,-0.0131876356899738,0.2,0.0005092263914285,0.2718873466648828,0.2696563136872328,0.0005092263914285,0.0686421539747505,NEUTRAL,0.4584563396478843,,,0.0,0.0,0.0,0.0,0.0,100.0,1.0,0.0,0.0,,,,,1.0,-0.0144605822861194
NIFTY,2026-07-24 08:40:00,23794.4,1.0,-13.441742940590052,23796.75811024637,TRENDING_BULL,-0.0095892306417226,0.25,-0.0005737583537328,0.2689417976716666,0.2689853490714349,-0.0005737583537328,0.058385127541345,NEUTRAL,0.4620728532568985,,,0.0,0.0,0.0,0.0,0.0,100.0,1.004052638002214,0.0,0.0,55.90080669255588,28.16406346432979,20.06428571428608,0.0,1.004052638002214,-0.0151560645550489
NIFTY,2026-07-24 08:40:00,23793.6,1.0,-14.355248349488605,23796.281726570967,TRENDING_BULL,-0.0095892306417226,0.25,-0.0006789794996774,0.2689417390930664,0.2689894603914283,-0.0006789794996774,0.0779109214539067,NEUTRAL,0.4620688005155052,,,0.0,0.0,0.0,0.0,0.0,100.0,1.0039516376781707,0.0,0.0,55.63484983645,28.112181890779105,20.13571428571465,0.0,1.0039516376781707,-0.0151560645550489
NIFTY,2026-07-24 08:42:00,23792.5,1.0000030721061768,-1.7647815815151304,23793.62005976636,TRENDING_BEAR,-0.0087578343227505,0.2,1.7290331395518695e-05,0.268941605959154,0.2689421445981834,1.7290331395518695e-05,8.480740654725118e-05,NEUTRAL,0.4621162494426625,,,0.0,0.0,0.0,0.0,0.0,100.0,0.997719503078461,0.0,0.0,49.716312056726686,47.61572723120501,9.0821428571427,0.0,0.997719503078461,-0.0151399366557598
NIFTY,2026-07-24T08:42:00,23792.5,1.0000030721061768,-1.7647815815151304,23793.79857958991,TRENDING_BEAR,-0.0087578343227505,0.2,9.212976068302298e-06,0.2689416046522363,0.2689421394776211,9.212976068302298e-06,8.119509244895592e-05,NEUTRAL,0.4621162558701425,0.0002858163629867,True,0.0,0.0,0.0,0.0,0.0,100.0,0.997719503078461,0.0,0.0,49.716312056726686,47.61572723120501,9.0821428571427,0.0,0.997719503078461,-0.0151399366557598
NIFTY,2026-07-24T08:43:00,23794.05,1.0000009253005988,3.2663810824892034,23793.51139036764,TRENDING_BEAR,-0.0087006511166691,0.2,-4.753307744213673e-05,0.2689417894304224,0.2689417882759821,-4.753307744213673e-05,1.4504080810049286e-05,NEUTRAL,0.4621164222935954,-0.0002038328990501,True,0.0,0.0,0.0,0.0,0.0,100.0,0.9991365872719096,0.0,0.0,43.04687499998945,41.65575959338644,8.79285714285704,0.0,0.9991365872719096,-0.015241752192378
BANKNIFTY,2026-07-24T08:30:00,56772.0,1.0,67.93205149795006,56754.364990060814,HIGH_VOLATILITY,203.79615449385017,0.2,0.0021080068284111,0.2689927256413049,0.2689540781039712,0.0021080068284111,0.1678632226198031,NEUTRAL,0.4620531962547238,-0.0005371051616686,True,0.0008333333333333,0.1666666666666666,16.666666666666664,16.666666666666664,0.0,83.33333333333334,1.0030256652584508,0.0,0.0,75.01193628195584,44.38040582478969,140.9749999999996,0.0,1.0030256652584508,339.6602574897503
NIFTY,2026-07-23 18:30:00,14.12,1.0,0.6687073756420108,13.750307857313132,TRANSITION,-0.0129909887909889,0.2,-0.009780800569433,0.2836402330418878,0.337043798575623,-0.009780800569433,0.1732509027462349,NEUTRAL,0.379315968382489,,,-0.0008333333333333,0.1666666666666666,16.666666666666664,0.0,16.666666666666664,83.33333333333334,1.0,0.0,0.0,,,,,1.0,-0.0145153686404228
NIFTY,2026-07-24 08:45:00,23799.3,1.0,3.3320765467452524,23797.49011829873,TRENDING_BULL,-0.0095892306417226,0.25,-4.930151735151476e-06,0.2689461247766307,0.268946172888566,-4.930151735151476e-06,0.0,NEUTRAL,0.4621077023348033,,,0.0,0.0,0.0,0.0,0.0,100.0,1.00192355801472,0.0,0.0,59.99371464487225,25.60036931690098,20.06428571428582,0.0,1.00192355801472,-0.015609161183238
NIFTY,2026-07-24T08:46:00,23799.2,1.0000000252826566,-0.6825714455076426,23798.411004863447,TRENDING_BULL,-0.0097336573526263,0.25,-8.193761023598296e-05,0.2689455334611443,0.2689557292895754,-8.193761023598296e-05,0.0148379029473228,NEUTRAL,0.4620987372492802,-0.0008717828063423,True,0.0,0.0,0.0,0.0,0.0,100.0,1.0006051844131392,0.0,0.0,37.872340425522005,28.040793081741345,6.878571428571116,0.0,1.0006051844131392,-0.0156010173261165
NIFTY,2026-07-23 15:00:00,64611.15,1.0,-2205.5422141412328,65272.40486147426,TRANSITION,-0.0046164435334503,0.2,0.0022978386453153,0.310917803562692,0.2990382816075414,0.0022978386453153,0.070092998628893,NEUTRAL,0.3900439148297665,,,0.0,0.0,0.0,0.0,0.0,100.0,1.0,0.0,0.0,,,,,1.0,0.0002691778354346
NIFTY,2026-07-24 08:45:00,23789.15,1.0,-8.258023328610424,23792.247904922573,TRENDING_BULL,-0.0097336573526263,0.25,-0.0002859064401228,0.2689422786225035,0.2689669223455269,-0.0002859064401228,0.0439246856949803,NEUTRAL,0.4620907990319696,,,0.0,0.0,0.0,0.0,0.0,100.0,1.0006432882541034,0.0,0.0,56.54276216379149,25.60036931690098,20.57500000000021,0.0,1.0006432882541034,-0.01559639275074
NIFTY,2026-07-24 08:47:00,23798.55,1.00000000761499,-4.098554027070414,23798.83419881178,TRENDING_BULL,-0.0089095653966069,0.25,-4.2693612532271655e-05,0.2689439605833255,0.268965017934536,-4.2693612532271655e-05,0.0026315188629214,NEUTRAL,0.4620910214821385,,,0.0,0.0,0.0,0.0,0.0,100.0,1.000888972952525,0.0,0.0,28.031145717453697,24.308027999835925,7.210714285714338,0.0,1.000888972952525,-0.0155024975538253
NIFTY,2026-07-24T08:47:00,23798.55,1.00000000761499,-4.098554027070414,23798.40693296392,TRENDING_BULL,-0.0089095653966069,0.25,-4.101810705065339e-05,0.268943962145697,0.2689650324538018,-4.101810705065339e-05,0.002647868852305,NEUTRAL,0.4620910054005011,-0.0008992238941436,True,0.0,0.0,0.0,0.0,0.0,100.0,1.000888972952525,0.0,0.0,28.031145717453697,24.308027999835925,7.210714285714338,0.0,1.000888972952525,-0.0155024975538253
NIFTY,2026-07-24T08:48:00,23789.15,1.0000000022935909,-11.549592602720804,23793.331185506428,TRENDING_BEAR,-0.0094314431771636,0.2,1.2175239623833743e-05,0.2689414777129268,0.2689445210219268,1.2175239623833743e-05,0.000379851208991,NEUTRAL,0.4621140012651463,-0.0006095369410914,True,0.0,0.0,0.0,0.0,0.0,100.0,0.9993885013028496,0.0,0.0,23.68421052630812,23.532476424826843,7.567857142857195,0.0,0.9993885013028496,-0.0142269417643547
NIFTY,2026-07-23 23:00:00,96.53,1.0,,,TRANSITION,-0.0111876754090189,0.2,-0.0113877289689159,0.2743820371196667,0.3466301228563095,-0.0113877289689159,0.2445206618946186,NEUTRAL,0.3789878400240236,,,-0.0008333333333333,0.1666666666666666,16.666666666666664,0.0,16.666666666666664,83.33333333333334,1.0,0.0,0.0,,,,,1.0,-0.0155482482165098
NIFTY,2026-07-23 15:00:00,6690.62,1.5,-456.4015996665354,6784.387237344324,TRANSITION,-0.0104771796613931,0.2,-0.0043693163167663,0.2982961789229094,0.3182558047741946,-0.0043693163167663,0.0928162883753119,NEUTRAL,0.383448016302896,,,-0.0008333333333333,0.1666666666666666,16.666666666666664,0.0,16.666666666666664,83.33333333333334,1.0,0.0,0.0,,,,,1.0,-0.0098591733723878
NIFTY,2026-07-24 08:45:00,23789.05,1.0,-16.044738337065038,23795.93482400933,TRENDING_BEAR,-0.0088623715564608,0.2,-0.0008634282187677,0.2689414323505502,0.2689437134167507,-0.0008634282187677,0.0774538628199379,NEUTRAL,0.462114854232699,,,0.0,0.0,0.0,0.0,0.0,100.0,1.0006559072648038,0.0,0.0,76.1080556454176,40.40292454851217,39.78214285714317,0.0,1.0006559072648038,-0.0143755842000246
NIFTY,2026-07-24T08:49:00,23789.05,1.0000000006908163,-0.3015962706685897,23790.66447852224,TRENDING_BEAR,-0.0094314431771636,0.2,5.19390687016188e-05,0.2689416577548028,0.2689420135483431,5.19390687016188e-05,0.0,NEUTRAL,0.4621163286968541,-0.0005401451876637,True,0.0,0.0,0.0,0.0,0.0,100.0,0.9989473639977474,0.0,0.0,27.99145299144193,23.433749972890208,6.917857142857299,0.0,0.9989473639977474,-0.0143659003078937
BANKNIFTY,2026-07-24 08:45:00,56723.15,1.0,-77.52766560760985,56749.81767449499,HIGH_VOLATILITY,-232.5829968228296,0.2,-0.0013267342824162,0.2689414214123046,0.2689414360086258,-0.0013267342824162,0.1120139005394027,NEUTRAL,0.4621171425790695,,,-0.0008333333333333,0.1666666666666666,16.666666666666664,0.0,16.666666666666664,83.33333333333334,1.00187871608719,0.0,0.0,75.61469233087786,45.58066707189118,140.09642857142848,0.0,1.00187871608719,-387.6383280380492
NIFTY,2026-07-24 08:45:00,23780.55,1.0,-25.7507333065768,23791.52219521356,TRENDING_BEAR,-0.0086044492200016,0.2,-0.0002921900915368,0.2689414330764528,0.2689596533046802,-0.0002921900915368,0.0110545470414221,NEUTRAL,0.462098913618867,,,0.0,0.0,0.0,0.0,0.0,100.0,0.9995837511588748,0.0,0.0,74.071158690172,40.11222573933502,40.33214285714322,0.0,0.9995837511588748,-0.0145052131265401
NIFTY,2026-07-24 08:50:00,23778.0,1.0,-12.444344027968802,23784.907630584574,TRENDING_BULL,-0.0089585734531283,0.25,-0.0003937893337154,0.2689418731367455,0.2689887576442489,-0.0003937893337154,0.0624784324180583,NEUTRAL,0.4620693692190056,,,0.0008333333333333,0.1666666666666666,16.666666666666664,16.666666666666664,0.0,83.33333333333334,0.9968554317847156,0.0,0.0,48.17472698907581,22.23986302947952,20.37857142857164,0.0,0.9968554317847156,-0.0156318482011556
NIFTY,2026-07-24 04:00:00,52102.0,1.5,130.90160550033647,52097.42109539813,TRANSITION,-0.0057975822128355,0.2,0.0106386660788763,0.3766365682055692,0.2689528482229971,0.0106386660788763,0.2426689173773734,NEUTRAL,0.3544105835714337,-0.0017962226556233,True,0.0008333333333333,0.1666666666666666,16.666666666666664,16.666666666666664,0.0,83.33333333333334,1.0,0.0,0.0,,,,,1.0,-0.0121414024382829
NIFTY,2026-07-24 08:45:00,23778.85,1.0,-42.79652818330669,23789.06059326418,TRENDING_BEAR,-0.0043084053322672,0.2,-0.0053841424683933,0.2690200751331275,0.3332867391719077,-0.0053841424683933,0.25,NEUTRAL,0.3976931856949647,,,0.0,0.0,0.0,0.0,0.0,100.0,1.0216212667364146,0.0,0.0,33.376783754115735,69.24615121038029,82.39642857142904,0.0,1.0216212667364146,-0.0092208685353398
NIFTY,2026-07-24 00:00:00,23779.75,1.0,-77.80859217195895,23844.222421789786,TRENDING_BEAR,0.0074693509377539,0.2,-0.0140186434284295,0.269515836477517,0.376151267564631,-0.0140186434284295,0.2145932533666489,NEUTRAL,0.354332895957852,,,0.0,0.0,0.0,0.0,0.0,100.0,0.9316335378457568,0.0,0.0,32.73812682409107,16.39947171316333,241.7964285714284,0.0,0.9316335378457568,-0.0002444450045004
NIFTY,2026-07-24 08:50:00,23779.65,1.0,-10.560239122120738,23784.523568208213,TRENDING_BULL,-0.0089095653966069,0.25,-0.0001570359802814,0.2689419907151931,0.2689764668077502,-0.0001570359802814,0.0,NEUTRAL,0.4620815424770567,,,0.0,0.0,0.0,0.0,0.0,100.0,0.9970633892017589,0.0,0.0,48.67591424968135,22.30643623760397,20.285714285714544,0.0,0.9970633892017589,-0.0156318482011556
NIFTY,2026-07-24 00:00:00,23779.75,1.0,-77.80859217195895,23873.276540268027,TRENDING_BEAR,0.0074693509377539,0.2,-0.0147954402709531,0.2703863910879164,0.374361942767008,-0.0147954402709531,0.21162001103365,NEUTRAL,0.3552516661450755,,,0.0016666666666666,0.3333333333333333,33.33333333333333,33.33333333333333,0.0,66.66666666666667,0.9316335378457568,0.0,0.0,32.73812682409107,16.39947171316333,241.7964285714284,0.0,0.9316335378457568,-0.0002444450045004
NIFTY,2026-07-24 08:50:00,23779.65,1.0,-10.560239122120738,23785.225972780787,TRENDING_BULL,-0.0089095653966069,0.25,-0.0003650129741502,0.268941973000515,0.2689753763567867,-0.0003650129741502,0.0545821056276518,NEUTRAL,0.4620826506426984,,,0.0,0.0,0.0,0.0,0.0,100.0,0.9970633892017589,0.0,0.0,48.67591424968135,22.30643623760397,20.285714285714544,0.0,0.9970633892017589,-0.0156318482011556
NIFTY,2026-07-24 08:45:00,23777.25,1.0,-29.518943118268773,23789.812038591343,TRENDING_BEAR,-0.0086044492200016,0.2,-0.0013331028315883,0.2689414302557893,0.2689610574645678,-0.0013331028315883,0.1283280718122366,NEUTRAL,0.4620975122796429,,,0.0,0.0,0.0,0.0,0.0,100.0,0.9991675023177494,0.0,0.0,73.30944219382579,39.99245923175664,40.567857142857456,0.0,0.9991675023177494,-0.0145052131265401
NIFTY,2026-07-24 08:50:00,23779.65,1.0,-10.560239122120738,23785.03112499741,TRENDING_BULL,-0.0089095653966069,0.25,-0.0005418302443201,0.2689418976920248,0.2689707406715542,-0.0005418302443201,0.0587671711581286,NEUTRAL,0.462087361636421,,,0.0,0.0,0.0,0.0,0.0,100.0,0.9970633892017589,0.0,0.0,48.67591424968135,22.30643623760397,20.285714285714544,0.0,0.9970633892017589,-0.0156318482011556
NIFTY,2026-07-24 08:50:00,23783.0,1.0,-6.734935222373645,23786.064970867938,TRENDING_BULL,-0.0089095653966069,0.25,-0.0001118161302681,0.2689424005349154,0.2689611036327632,-0.0001118161302681,0.0,NEUTRAL,0.4620964958323213,,,0.0,0.0,0.0,0.0,0.0,100.0,0.9974856057757546,0.0,0.0,49.726247987113545,22.16448310913836,20.485714285714494,0.0,0.9974856057757546,-0.0155558176338672
NIFTY,2026-07-24 08:50:00,23783.0,1.0,-6.734935222373645,23786.51399608866,TRENDING_BULL,-0.0089095653966069,0.25,-0.0005163602400984,0.2689422632694149,0.2689583443971635,-0.0005163602400984,0.0751135709273087,NEUTRAL,0.4620993923334215,,,0.0,0.0,0.0,0.0,0.0,100.0,0.9974856057757546,0.0,0.0,49.726247987113545,22.16448310913836,20.485714285714494,0.0,0.9974856057757546,-0.0155558176338672
NIFTY,2026-07-24 08:50:00,23774.2,1.0,-16.78349472022029,23783.81583197584,TRENDING_BULL,-0.0087006511166691,0.25,-0.0002490842690605,0.2689416848386761,0.2690364191511388,-0.0002490842690605,0.0,NEUTRAL,0.462021896010185,,,0.0,0.0,0.0,0.0,0.0,100.0,0.9963764995515262,0.0,0.0,47.0588235294084,22.05178727949656,20.650000000000155,0.0,0.9963764995515262,-0.015611907094717
NIFTY,2026-07-24T08:53:00,23774.05,1.0000000000056852,-3.199354816602868,23776.36535952252,TRENDING_BEAR,-0.0072923311963677,0.2,4.540318978754371e-05,0.2689415828254995,0.2689423198403339,4.540318978754371e-05,0.0001244651116633,NEUTRAL,0.4621160973341665,1.6824324608580203e-05,True,-0.0008333333333333,0.1666666666666666,16.666666666666664,0.0,16.666666666666664,83.33333333333334,0.9981713891767258,0.0,0.0,25.23540489641689,30.29788847014141,7.057142857143065,0.0,0.9981713891767258,-0.0147585824131965
NIFTY,2026-07-24 08:50:00,23774.2,1.0,-16.78349472022029,23783.2581317672,TRENDING_BULL,-0.0087006511166691,0.25,-0.0002624182732408,0.268941687439882,0.2690373571622937,-0.0002624182732408,0.0,NEUTRAL,0.4620209553978242,,,0.0,0.0,0.0,0.0,0.0,100.0,0.9963764995515262,0.0,0.0,47.0588235294084,22.05178727949656,20.650000000000155,0.0,0.9963764995515262,-0.015611907094717
NIFTY,2026-07-24T08:54:00,23777.05,1.0000000000017124,2.66502481214438,23777.105665920782,TRENDING_BEAR,-0.0086632063612341,0.2,-1.444006543387422e-05,0.2689417692477528,0.268941784172489,-1.444006543387422e-05,0.0,NEUTRAL,0.4621164465797581,7.360363391655451e-05,True,0.0008333333333333,0.1666666666666666,16.666666666666664,16.666666666666664,0.0,83.33333333333334,0.9983795644370088,0.0,0.0,30.246305418713007,32.92176457787173,6.667857142857039,0.0,0.9983795644370088,-0.0134969227015972
NIFTY,2026-07-24 08:50:00,23777.05,1.0,-13.529131701032712,23783.692706399645,TRENDING_BULL,-0.0089585734531283,0.25,-0.0002635300350415,0.2689418022551942,0.2689954223566386,-0.0002635300350415,5.253668574072758e-05,NEUTRAL,0.4620627753881671,,,0.0,0.0,0.0,0.0,0.0,100.0,0.9967356987264182,0.0,0.0,47.89081885855687,21.975378789952664,20.764285714286025,0.0,0.9967356987264182,-0.0153131179511547
NIFTY,2026-07-24 08:50:00,23776.55,1.0,-14.100072581592228,23783.04227791276,TRENDING_BULL,-0.0089585734531283,0.25,-0.0002890658734016,0.2689417885874584,0.269004119925077,-0.0002890658734016,0.018122703335166,NEUTRAL,0.4620540914874646,,,0.0,0.0,0.0,0.0,0.0,100.0,0.9966726813273142,0.0,0.0,47.74273345701528,21.975378789952664,20.764285714286025,0.0,0.9966726813273142,-0.0156322091817855
NIFTY,2026-07-24T08:50:00,23776.55,1.0,-14.100072581592228,23783.842042834705,TRENDING_BULL,-0.0089585734531283,0.25,0.0001106715128198,0.2689418519616776,0.2690149413417879,0.0001106715128198,0.0,NEUTRAL,0.4620432066965344,-9.673620457601248e-05,True,0.0,0.0,0.0,0.0,0.0,100.0,0.9966726813273142,0.0,0.0,47.74273345701528,21.975378789952664,20.764285714286025,0.0,0.9966726813273142,-0.0156322091817855
NIFTY,2026-07-24 08:45:00,23764.85,1.0,-58.78287283897313,23780.76555957133,TRENDING_BEAR,-0.0042953523807227,0.2,-0.0074908177229563,0.269344531278624,0.3615412469381583,-0.0074908177229563,0.2262126865508764,NEUTRAL,0.3691142217832177,-0.0008403608509493,True,0.0,0.0,16.666666666666664,16.666666666666664,16.666666666666664,66.66666666666667,1.019842261539178,0.0,0.0,32.74771136241192,69.24615121038029,83.39642857142904,0.0,1.019842261539178,-0.0118454027920961
NIFTY,2026-07-24 08:55:00,23782.8,1.0,7.944836626581388,23781.943586488866,TRENDING_BULL,-0.0078621208667755,0.25,0.0003013059881801,0.2689481706084226,0.2689434775897578,0.0003013059881801,0.0492525907838698,NEUTRAL,0.4621083518018195,,,0.0,0.0,0.0,0.0,0.0,100.0,0.9956732858465432,0.0,0.0,47.49999999999516,18.422140639431795,19.985714285714494,0.0,0.9956732858465432,-0.0157134275883436
NIFTY,2026-07-24 08:55:00,23782.8,1.0,7.944836626581388,23782.47989612849,TRENDING_BULL,-0.0078621208667755,0.25,0.0001598574815071,0.2689482005970512,0.2689434867260284,0.0001598574815071,0.0113103228421436,NEUTRAL,0.4621083126769204,,,0.0,0.0,0.0,0.0,0.0,100.0,0.9956732858465432,0.0,0.0,47.49999999999516,18.422140639431795,19.985714285714494,0.0,0.9956732858465432,-0.0157134275883436
NIFTY,2026-07-24 08:55:00,23781.05,1.0,5.946543544623083,23781.79521062148,TRENDING_BULL,-0.0083374818786978,0.25,0.0004835019367279,0.2689468712135295,0.2689443075765897,0.0004835019367279,0.1004403728243152,NEUTRAL,0.4621088212098808,,,0.0,0.0,0.0,0.0,0.0,100.0,0.9954528564500787,0.0,0.0,46.92667706707783,18.422140639431795,20.328571428571585,0.0,0.9954528564500787,-0.0157134275883436
NIFTY,2026-07-24 08:55:00,23775.3,1.0,-0.6192765818113486,23777.891419643373,TRENDING_BEAR,-0.0087006511166691,0.2,4.939442758888453e-05,0.2689415367780924,0.2689417618600252,4.939442758888453e-05,0.0,NEUTRAL,0.4621167013618822,,,0.0,0.0,0.0,0.0,0.0,100.0,0.9947285884331246,0.0,0.0,44.99679281590282,18.422140639431795,20.525000000000155,0.0,0.9947285884331246,-0.0156673405319452
NIFTY,2026-07-24 08:57:00,23771.85,1.0000000000000469,-7.725537951145252,23774.894672253973,TRENDING_BEAR,-0.0086632063612341,0.2,1.2457705556684218e-05,0.2689415135514067,0.2689430593522125,1.2457705556684218e-05,0.0002106454093832,NEUTRAL,0.4621154270963807,,,0.0,0.0,0.0,0.0,0.0,100.0,0.9993628269454804,0.0,0.0,31.61825726140445,34.49161678537151,7.389285714285506,0.0,0.9993628269454804,-0.0133393127471208
NIFTY,2026-07-24 08:55:00,23775.3,1.0,-0.6192765818113486,23779.356666452102,TRENDING_BEAR,-0.0087006511166691,0.2,-0.000113930974096,0.2689415255683452,0.2689417287877523,-0.000113930974096,0.0090006705639676,NEUTRAL,0.4621167456439025,,,0.0,0.0,0.0,0.0,0.0,100.0,0.9947285884331246,0.0,0.0,44.99679281590282,18.422140639431795,20.525000000000155,0.0,0.9947285884331246,-0.0156673405319452
NIFTY,2026-07-24 08:55:00,23770.7,1.0,-5.87193268295723,23775.386018455745,TRENDING_BEAR,-0.0087578343227505,0.2,0.0001352793911655,0.2689414829843708,0.2689422153985197,0.0001352793911655,0.0,NEUTRAL,0.4621163016171095,,,-0.0008333333333333,0.1666666666666666,16.666666666666664,0.0,16.666666666666664,83.33333333333334,0.9941491740195616,0.0,0.0,43.707165109030086,18.510657570561545,20.735714285714494,0.0,0.9941491740195616,-0.0159306373447179
NIFTY,2026-07-24 08:55:00,23770.7,1.0,-5.87193268295723,23775.97853017785,TRENDING_BEAR,-0.0087578343227505,0.2,-0.0003221500815659,0.2689695191649624,0.2689420836998923,-0.0003221500815659,0.0,NEUTRAL,0.4620883971351453,,,0.0,0.0,0.0,0.0,0.0,100.0,0.9941491740195616,0.0,0.0,43.707165109030086,18.510657570561545,20.735714285714494,0.0,0.9941491740195616,-0.0159306373447179
NIFTY,2026-07-24 08:55:00,23777.75,1.0,2.178333732931112,23779.388520583183,TRENDING_BEAR,-0.0089585734531283,0.2,0.0002523593657329,0.2689415939819189,0.2689416600948612,0.0002523593657329,0.0,NEUTRAL,0.4621167459232199,,,0.0,0.0,0.0,0.0,0.0,100.0,0.9950371895881748,0.0,0.0,45.81076776042863,18.52442546718221,20.757142857143013,0.0,0.9950371895881748,-0.015789458155632
NIFTY,2026-07-24 08:58:00,23775.5,1.000000000000014,4.377055315578193,23775.32687422124,TRENDING_BEAR,-0.0091856811195611,0.2,3.469353380555364e-05,0.2689418534106937,0.2689417257030289,3.469353380555364e-05,6.107880880628057e-06,NEUTRAL,0.4621164208862773,,,0.0,0.0,0.0,0.0,0.0,100.0,1.0000504729738258,0.0,0.0,32.13703099509836,35.168001030004184,7.553571428570909,0.0,1.0000504729738258,-0.0144677158445119
NIFTY,2026-07-24T08:58:00,23775.5,1.000000000000014,4.377055315578193,23775.31229150049,TRENDING_BEAR,-0.0091856811195611,0.2,-1.6444274668866814e-05,0.2689418536553876,0.2689417258753933,-1.6444274668866814e-05,2.280417140583092e-05,NEUTRAL,0.4621164204692191,-4.205921938088829e-05,True,0.0,0.0,0.0,0.0,0.0,100.0,1.0000504729738258,0.0,0.0,32.13703099509836,35.168001030004184,7.553571428570909,0.0,1.0000504729738258,-0.0144677158445119
NIFTY,2026-07-24T08:59:00,23777.75,1.0000000000000042,4.011792010305992,23776.896608317453,TRENDING_BEAR,-0.0094497818499803,0.2,3.793853056366303e-05,0.2689418331865151,0.2689417415622536,3.793853056366303e-05,0.0,NEUTRAL,0.4621164252512311,-0.0002418237294265,True,0.0,0.0,0.0,0.0,0.0,100.0,1.0002208109017496,0.0,0.0,32.52230332521768,36.89310596246004,7.446428571428312,0.0,1.0002208109017496,-0.0144677158445119
NIFTY,2026-07-24 08:55:00,23777.75,1.0,2.178333732931112,23780.41224763224,TRENDING_BEAR,-0.0089585734531283,0.2,8.439313291799088e-05,0.2689415770419471,0.2689416366666259,8.439313291799088e-05,0.0,NEUTRAL,0.4621167862914269,,,0.0,0.0,0.0,0.0,0.0,100.0,0.9950371895881748,0.0,0.0,45.81076776042863,18.52442546718221,20.757142857143013,0.0,0.9950371895881748,-0.015789458155632
NIFTY,2026-07-24 09:00:00,23772.95,1.000000000000001,-5.316957084694622,23775.06963677161,TRENDING_BEAR,-0.0086632063612341,0.2,4.268011611093053e-05,0.2689415438579263,0.2689426533543222,4.268011611093053e-05,0.0001739554569779,NEUTRAL,0.4621158027877514,,,-0.0008333333333333,0.1666666666666666,16.666666666666664,0.0,16.666666666666664,83.33333333333334,0.9987007662956072,0.0,0.0,27.372549019605543,38.651734707559946,7.432142857142545,0.0,0.9987007662956072,-0.0143101058900356
BANKNIFTY,2026-07-24 09:00:00,56698.05,1.0,-57.25574242460394,56725.40540691463,HIGH_VOLATILITY,-171.7672272738118,0.2,-0.0014814793110625,0.268980177602543,0.2689414260294196,-0.0014814793110625,0.0,NEUTRAL,0.4620783963680374,,,0.0008333333333333,0.1666666666666666,16.666666666666664,16.666666666666664,0.0,83.33333333333334,0.9978110468113458,0.0,0.0,77.03443737661674,46.18511415592492,139.37142857142837,0.0,0.9978110468113458,-286.27871212301966
NIFTY,2026-07-24 09:00:00,23770.75,1.0,-4.57378162546043,23774.74196479478,TRENDING_BEAR,-0.0087578343227505,0.2,0.0002560298530978,0.2689415175533822,0.2689422628856042,0.0002560298530978,0.0,NEUTRAL,0.4621162195610135,,,0.0,0.0,0.0,0.0,0.0,100.0,0.996268962431225,0.0,0.0,43.79584352077895,14.74989867344786,20.39642857142878,0.0,0.996268962431225,-0.0156115461140871
NIFTY,2026-07-24T09:01:00,23770.75,1.0000000000000004,-2.4573833332097816,23772.59591981342,TRENDING_BEAR,-0.0086632063612341,0.2,0.0001217505886873,0.2689416264444255,0.2689422927133428,0.0001217505886873,0.0001575062471264,NEUTRAL,0.4621160808422316,-0.0004772657508209,True,0.0,0.0,0.0,0.0,0.0,100.0,0.9992492650367796,0.0,0.0,27.94235388310362,39.36549348417164,7.253571428571116,0.0,0.9992492650367796,-0.0133951071649789
NIFTY,2026-07-24 09:00:00,23770.75,1.0,-4.57378162546043,23774.514531468754,TRENDING_BEAR,-0.0087578343227505,0.2,1.2195892987135948e-05,0.2689415059725223,0.2689421615637211,1.2195892987135948e-05,0.007623858473984,NEUTRAL,0.4621163324637566,,,0.0,0.0,0.0,0.0,0.0,100.0,0.996268962431225,0.0,0.0,43.79584352077895,14.74989867344786,20.39642857142878,0.0,0.996268962431225,-0.0156115461140871
NIFTY,2026-07-24 09:00:00,23773.05,1.0,-1.947453574887488,23775.727253755525,TRENDING_BEAR,-0.0087578343227505,0.2,1.93070904586384e-05,0.2689415397915703,0.2689419248025727,1.93070904586384e-05,0.0,NEUTRAL,0.4621165354058569,,,0.0,0.0,0.0,0.0,0.0,100.0,0.996558874134204,0.0,0.0,44.42033477990945,14.837591249929709,20.892857142857142,0.0,0.996558874134204,-0.0156673405319452
NIFTY,2026-07-24T09:02:00,23779.15,1.0000000000000002,-0.43992624329913,23778.832680630097,TRENDING_BEAR,-0.0094314431771636,0.2,-9.816729650859132e-05,0.2689416552456233,0.2689420238596781,-9.816729650859132e-05,2.0563652977659336e-05,NEUTRAL,0.4621163208946985,-2.5236858431678348e-05,True,0.0,0.0,0.0,0.0,0.0,100.0,1.0009717539317122,0.0,0.0,42.61006289307435,35.04368953555083,7.560714285713662,0.0,1.0009717539317122,-0.0143360562622547
NIFTY,2026-07-24T09:03:00,23773.8,1.0,-3.062905357284464,23774.856472712432,TRENDING_BEAR,-0.0091673424467444,0.2,7.624791818559431e-06,0.2689415773103212,0.2689422649748321,7.624791818559431e-06,0.0001011600039949,NEUTRAL,0.4621161577148467,-7.360672975814932e-05,True,-0.0008333333333333,0.1666666666666666,16.666666666666664,0.0,16.666666666666664,83.33333333333334,0.999722409152086,0.0,0.0,38.09171597632224,32.089347638057475,7.724999999999584,0.0,0.999722409152086,-0.0143659003078937
NIFTY,2026-07-24 09:00:00,23769.6,1.0,-15.37518099205296,23782.245859197305,TRENDING_BEAR,-0.0100134620442986,0.2,-0.0003712050963758,0.2690526913871577,0.2741216114192553,-0.0003712050963758,0.0446573364501448,NEUTRAL,0.4568256971935869,,,-0.0008333333333333,0.1666666666666666,16.666666666666664,0.0,16.666666666666664,83.33333333333334,0.997345595853833,0.0,0.0,72.35122251268251,39.05871690378471,40.86785714285698,0.0,0.997345595853833,-0.0135238856077194
NIFTY,2026-07-24T09:04:00,23771.9,1.0,-3.1620368122242466,23773.778511609227,TRENDING_BEAR,-0.0091673424467444,0.2,6.243614481184364e-05,0.268941587582389,0.268942336940176,6.243614481184364e-05,0.0,NEUTRAL,0.4621160754774349,0.0002187893794585,True,0.0,0.0,0.0,0.0,0.0,100.0,0.9992745288117204,0.0,0.0,43.77104377103506,28.110258666847702,7.446428571428052,0.0,0.9992745288117204,-0.0143659003078937
NIFTY,2026-07-23 04:00:00,51711.65,1.5,-619.0311394073938,51925.271711076704,TRANSITION,-0.0106814745813608,0.2,0.0031818733130625,0.3096848001940933,0.2810273468643624,0.0031818733130625,0.1091224458265442,NEUTRAL,0.4092878529415443,0.0028923554397405,True,0.0008333333333333,0.1666666666666666,16.666666666666664,16.666666666666664,0.0,83.33333333333334,1.0,0.0,0.0,,,,,1.0,-0.0108249373733997
NIFTY,2026-07-24 09:05:00,23768.8,1.0,1.5534523606131696,23771.004127998585,TRENDING_BEAR,-0.0087578343227505,0.2,2.350916896732842e-05,0.2689415965937097,0.2689416889042494,2.350916896732842e-05,0.0032655785645232,NEUTRAL,0.4621167145020408,,,0.0008333333333333,0.1666666666666666,16.666666666666664,16.666666666666664,0.0,83.33333333333334,0.9963945641120456,0.0,0.0,43.51439596318959,11.75701080773132,20.985714285714234,0.0,0.9963945641120456,-0.0148226078599691
NIFTY,2026-07-24T09:06:00,23769.95,1.0,2.489795161488358,23770.15615895697,TRENDING_BEAR,-0.0095688300207257,0.2,5.05587525102706e-07,0.2689417513599104,0.2689418089434438,5.05587525102706e-07,9.870279780453232e-06,NEUTRAL,0.4621164396966458,0.0002377010730205,True,0.0,0.0,0.0,0.0,0.0,100.0,0.9985682027475372,0.0,0.0,44.30794430793348,23.877858090747484,7.867857142856987,0.0,0.9985682027475372,-0.0144677158445119
NIFTY,2026-07-24T09:08:00,23773.25,1.0,-0.5326594805086309,23773.10272176525,TRENDING_BEAR,-0.0094314431771636,0.2,-5.337515244286854e-06,0.2689416399317897,0.2689420048538524,-5.337515244286854e-06,5.226263735369192e-05,NEUTRAL,0.4621163552143578,-0.0001872170708311,True,0.0,0.0,0.0,0.0,0.0,100.0,0.9997791798107256,0.0,0.0,47.832939322290365,18.04543563208607,8.099999999999584,0.0,0.9997791798107256,-0.0143659003078937
NIFTY,2026-07-24T09:05:00,23771.6,1.0,4.750721291745625,23771.83803301592,TRENDING_BEAR,-0.0087761729955673,0.2,0.0004442866377938,0.2689416584410106,0.2689415850219326,0.0004442866377938,0.0984739070900777,NEUTRAL,0.4621167565370567,-0.0006709475504103,True,0.0,0.0,0.0,0.0,0.0,100.0,0.9967475438493276,0.0,0.0,44.43795620437509,11.75701080773132,21.1928571428572,0.0,0.9967475438493276,-0.0157990001142025
NIFTY,2026-07-24 04:00:00,52123.0,1.5,,,TRANSITION,-0.005653060041368,0.2,-0.006824169795037,0.2799252526411988,0.3289095766448516,-0.006824169795037,0.1807150902025881,NEUTRAL,0.3911651707139495,-0.0017962226556233,True,0.0008333333333333,0.1666666666666666,16.666666666666664,16.666666666666664,0.0,83.33333333333334,1.0,0.0,0.0,,,,,1.0,-0.0082220407202839
NIFTY,2026-07-24 09:10:00,23773.35,1.0,3.594057752509057,23773.15842395563,TRENDING_BEAR,-0.0087189897894859,0.2,-0.0001062576250763,0.2689420935225962,0.2689416175900426,-0.0001062576250763,0.0,NEUTRAL,0.4621162888873612,,,-0.0008333333333333,0.1666666666666666,16.666666666666664,0.0,16.666666666666664,83.33333333333334,0.9979129798780152,0.0,0.0,52.58358662613412,9.385409012358505,19.596428571428728,0.0,0.9979129798780152,-0.0157158359885215
NIFTY,2026-07-24T09:00:00,23774.55,1.0,-9.722866274512924,23785.08528944418,TRENDING_BEAR,-0.0087578343227505,0.2,-0.0007268403074143,0.269025897820302,0.2689423208264485,-0.0007268403074143,0.0,NEUTRAL,0.4620317813532494,0.0076845727941299,False,-0.0008333333333333,0.1666666666666666,16.666666666666664,0.0,16.666666666666664,83.33333333333334,0.9979697906530504,0.0,0.0,73.46970643347517,38.89901833624111,41.19642857142857,0.0,0.9979697906530504,-0.0154032334685325
BANKNIFTY,2026-07-24T09:00:00,56702.6,1.0,-52.06018041151732,56729.80159855369,HIGH_VOLATILITY,-156.18054123455198,0.2,-0.0009665186312826,0.2690016259685991,0.2693304621837681,-0.0009665186312826,0.0824751506727653,NEUTRAL,0.4616679118476326,0.0088822010217618,False,-0.0008333333333333,0.1666666666666666,16.666666666666664,0.0,16.666666666666664,83.33333333333334,0.998051620169036,0.0,0.0,77.34319943622144,46.18511415592492,139.37142857142837,0.0,0.998051620169036,-260.3009020575866
NIFTY,2026-07-24 09:10:00,23764.65,1.0,-6.340313569223191,23768.28769540328,TRENDING_BEAR,-0.00969057995826,0.2,-0.000158313558272,0.2689414755360499,0.2689421488847644,-0.000158313558272,0.0191355862068007,NEUTRAL,0.4621163755791856,,,-0.0008333333333333,0.1666666666666666,16.666666666666664,0.0,16.666666666666664,83.33333333333334,0.9968158756447064,0.0,0.0,49.66074313408297,9.303638838216187,20.367857142857247,0.0,0.9968158756447064,-0.0144090872257947
NIFTY,2026-07-24T09:12:00,23773.75,1.0,-1.293898400096464,23774.0971487183,TRENDING_BEAR,-0.0094314431771636,0.2,-2.2052272351826565e-05,0.2689416181664732,0.2689420659480032,-2.2052272351826565e-05,5.806514612261282e-05,NEUTRAL,0.4621163158855235,0.0002230236110467,True,0.0,0.0,0.0,0.0,0.0,100.0,0.999949525009306,0.0,0.0,47.79195289498183,17.690350143960796,7.432142857143065,0.0,0.999949525009306,-0.0142827361822128
NIFTY,2026-07-24 04:00:00,52123.0,1.5,,,TRANSITION,-0.005653060041368,0.2,-0.0071087061256595,0.2797155353317327,0.3300444479279741,-0.0071087061256595,0.1844034659905906,NEUTRAL,0.3902400167402932,,,0.0,0.0,0.0,0.0,0.0,100.0,1.0,0.0,0.0,,,,,1.0,-0.0082220407202839
NIFTY,2026-07-24T09:13:00,23764.75,1.0,-1.3769726631946746,23766.55815204244,TRENDING_BEAR,-0.0086632063612341,0.2,2.9592307126148004e-05,0.2689416249247273,0.2689420751461483,2.9592307126148004e-05,7.673183626660593e-05,NEUTRAL,0.4621162999291243,2.9455948628856208e-05,True,-0.0008333333333333,0.1666666666666666,16.666666666666664,0.0,16.666666666666664,83.33333333333334,0.9994383487875064,0.0,0.0,39.10472972971872,19.35836946973796,8.067857142857454,0.0,0.9994383487875064,-0.0133951071649789
NIFTY,2026-07-24 09:10:00,23764.75,1.0,-6.226125393112948,23767.39949755926,TRENDING_BEAR,-0.00969057995826,0.2,-0.000166387577129,0.2689414788331123,0.2689421619693261,-0.000166387577129,0.0110039529945843,NEUTRAL,0.4621163591975615,,,0.0,0.0,0.0,0.0,0.0,100.0,0.9968284860381924,0.0,0.0,49.69285483349024,9.303638838216187,20.367857142857247,0.0,0.9968284860381924,-0.0144090872257947
NIFTY,2026-07-24 09:10:00,23768.35,1.0,-2.1153510530860977,23769.679946571046,TRENDING_BEAR,-0.00969057995826,0.2,-6.506617043300003e-05,0.2689415169409362,0.268941813920971,-6.506617043300003e-05,0.0,NEUTRAL,0.4621166691380928,,,0.0,0.0,0.0,0.0,0.0,100.0,0.9972824602036996,0.0,0.0,50.8771929824507,9.303638838216187,20.596428571428728,0.0,0.9972824602036996,-0.0142827361822128
NIFTY,2026-07-24 09:14:00,23768.55,1.0,6.474825705830636,23767.949977554515,TRENDING_BEAR,-0.0094497818499803,0.2,-7.522956914741562e-05,0.2689419804610608,0.2689416448186236,-7.522956914741562e-05,0.0,NEUTRAL,0.4621163747203155,,,0.0,0.0,0.0,0.0,0.0,100.0,0.9995204512805844,0.0,0.0,47.28070175437227,18.358020808781067,8.235714285714494,0.0,0.9995204512805844,-0.014384551718831
NIFTY,2026-07-24T09:14:00,23768.55,1.0,6.474825705830636,23767.70209231458,TRENDING_BEAR,-0.0094497818499803,0.2,-2.292657629017829e-05,0.268942012151923,0.2689416574843182,-2.292657629017829e-05,5.799217988424352e-05,NEUTRAL,0.4621163303637587,0.0002229851399336,True,0.0,0.0,0.0,0.0,0.0,100.0,0.9995204512805844,0.0,0.0,47.28070175437227,18.358020808781067,8.235714285714494,0.0,0.9995204512805844,-0.014384551718831
NIFTY,2026-07-24 09:16:00,23768.1,1.0,0.2706124534384387,23768.11656549151,TRENDING_BEAR,-0.0094314431771636,0.2,-1.272243298305524e-05,0.2689416646499468,0.268941942747476,-1.272243298305524e-05,3.7541494941282605e-05,NEUTRAL,0.4621163926025772,,,0.0,0.0,0.0,0.0,0.0,100.0,0.999129337539432,0.0,0.0,42.2039859319894,18.68929076149595,7.242857142857247,0.0,0.999129337539432,-0.014384551718831
NIFTY,2026-07-24 09:15:00,23766.1,1.0,-0.8613884762790782,23776.73311738781,TRENDING_BEAR,-0.0100134620442986,0.2,0.0002001328687167,0.2689415380634429,0.268941754868611,0.0002001328687167,0.0,NEUTRAL,0.4621167070679461,,,-0.0008333333333333,0.1666666666666666,16.666666666666664,0.0,16.666666666666664,83.33333333333334,1.002318114347675,0.0,0.0,68.57335127859618,38.330951957553566,37.682142857142544,0.0,1.002318114347675,-0.0140322413295507
NIFTY,2026-07-24 09:16:00,23768.55,1.0,0.7844592459428337,23768.23859278659,TRENDING_BEAR,-0.0094314431771636,0.2,-1.9664849181988186e-05,0.2689416825595803,0.268941907566079,-1.9664849181988186e-05,2.769848773447836e-05,NEUTRAL,0.4621164098743407,,,0.0,0.0,0.0,0.0,0.0,100.0,0.9991861198738168,0.0,0.0,42.80742459395313,18.68929076149595,7.275000000000156,0.0,0.9991861198738168,-0.014384551718831
BANKNIFTY,2026-07-24 09:15:00,56683.5,1.0,-1.3015954228338948,56679.19844358752,HIGH_VOLATILITY,-3.904786268501685,0.2,0.0001544384222648,0.2689414215592393,0.268941421589594,0.0001544384222648,0.0,NEUTRAL,0.4621171568511666,,,0.0,0.0,0.0,0.0,0.0,100.0,0.9986748030058956,0.0,0.0,51.36485498415582,8.212324935659495,60.889285714286025,0.0,0.9986748030058956,-7.809572537003369
NIFTY,2026-07-24 09:15:00,23768.55,1.0,-0.399021607828018,23769.15167517326,TRENDING_BEAR,-0.00969057995826,0.2,-7.407542441894981e-05,0.2689415609243323,0.2689417797654214,-7.407542441894981e-05,0.0,NEUTRAL,0.4621166593102461,,,0.0,0.0,0.0,0.0,0.0,100.0,0.9990599764468372,0.0,0.0,50.74726004649148,9.65914183322134,19.8178571428572,0.0,0.9990599764468372,-0.0143313143402338
NIFTY,2026-07-24 09:15:00,23769.6,1.0,0.7999542413461338,23769.82716414844,TRENDING_BEAR,-0.0087578343227505,0.2,4.417090191370011e-05,0.2689415878910471,0.2689417366820697,4.417090191370011e-05,0.0,NEUTRAL,0.4621166754268831,,,0.0,0.0,0.0,0.0,0.0,100.0,0.9991924629878868,0.0,0.0,51.088390501314336,9.65914183322134,19.882142857143013,0.0,0.9991924629878868,-0.0147504441440105
NIFTY,2026-07-24T09:17:00,23769.6,1.0,2.18596534763042,23769.018145381247,TRENDING_BEAR,-0.0094314431771636,0.2,-4.835213132345033e-05,0.268941745918532,0.2689418303946766,-4.835213132345033e-05,0.0,NEUTRAL,0.4621164236867914,0.0004459562079417,True,0.0,0.0,0.0,0.0,0.0,100.0,1.0006690708331405,0.0,0.0,43.84965831433536,19.72062582050224,7.314285714285818,0.0,1.0006690708331405,-0.014354707673192
NIFTY,2026-07-24 09:15:00,23769.6,1.0,0.7999542413461338,23768.16086683525,TRENDING_BEAR,-0.0087578343227505,0.2,-0.0006240493593788,0.2689415895067923,0.268941739741527,-0.0006240493593788,0.1485078956086418,NEUTRAL,0.4621166707516806,,,0.0,0.0,0.0,0.0,0.0,100.0,0.9991924629878868,0.0,0.0,51.088390501314336,9.65914183322134,19.882142857143013,0.0,0.9991924629878868,-0.0147504441440105
NIFTY,2026-07-24 09:15:00,23769.6,1.0,0.7999542413461338,23768.932551354243,TRENDING_BEAR,-0.0087578343227505,0.2,-0.0001820078141879,0.2689415883023378,0.2689417374608597,-0.0001820078141879,0.0426427517382016,NEUTRAL,0.4621166742368024,,,0.0,0.0,0.0,0.0,0.0,100.0,0.9991924629878868,0.0,0.0,51.088390501314336,9.65914183322134,19.882142857143013,0.0,0.9991924629878868,-0.0147504441440105
NIFTY,2026-07-24 09:15:00,23764.8,1.0,-4.681078212024385,23767.107999432097,TRENDING_BEAR,-0.00969057995826,0.2,0.0001598870441901,0.2689415200551474,0.2689422421675659,0.0001598870441901,0.0,NEUTRAL,0.4621162377772867,,,0.0,0.0,0.0,0.0,0.0,100.0,0.998586810228802,0.0,0.0,49.512987012982514,9.65914183322134,20.014285714286025,0.0,0.998586810228802,-0.0142269417643547
NIFTY,2026-07-24T09:18:00,23765.0,1.0,-4.555858212769123,23766.668447333857,TRENDING_BEAR,-0.0095688300207257,0.2,5.509894813013327e-05,0.268941560036821,0.2689425408265953,5.509894813013327e-05,0.0001635694905248,NEUTRAL,0.4621158991365837,0.000681640312713,True,0.0,0.0,0.0,0.0,0.0,100.0,1.0000883678458865,0.0,0.0,47.295597484258735,19.14121977750902,7.042857142857558,0.0,1.0000883678458865,-0.0143101058900356
NIFTY,2026-07-24 09:15:00,23775.05,1.0,9.358453285737085,23780.41615195016,TRENDING_BEAR,-0.0077103893272578,0.2,0.0006101946882017,0.2700637720849878,0.2689449350550946,0.0006101946882017,0.0750494277486627,NEUTRAL,0.4609912928599174,0.000250344486636,True,0.0008333333333333,0.1666666666666666,16.666666666666664,16.666666666666664,0.0,83.33333333333334,1.003448747776105,0.0,0.0,69.78942132315998,38.330951957553566,38.37142857142836,0.0,1.003448747776105,-0.015241752192378
NIFTY,2026-07-20T00:00:00,56677.5,1.0,-2033.037846744765,57363.533994613244,HIGH_VOLATILITY,0.0173627864569425,0.2,0.0066444272683457,0.3248728252527107,0.2899614602001291,0.0066444272683457,0.1410352251108588,NEUTRAL,0.3851657145471602,-0.024653312788906,False,0.0016666666666666,0.3333333333333333,33.33333333333333,33.33333333333333,0.0,66.66666666666667,0.9475650398928678,0.0,0.0,50.51370177727944,20.0,1811.553571428572,0.8632814240165974,0.9475650398928678,0.0199649948626756
NIFTY,2026-07-24 09:19:00,23766.25,1.0,-0.595007831787683,23767.12385207961,TRENDING_BEAR,-0.0091673424467444,0.2,4.094747748394059e-05,0.2689416461381025,0.2689420318270921,4.094747748394059e-05,7.203151791059066e-05,NEUTRAL,0.4621163220348053,,,0.0,0.0,0.0,0.0,0.0,100.0,0.9997286312919672,0.0,0.0,45.81618655691162,18.971995102019232,6.575000000000467,0.0,0.9997286312919672,-0.0143659003078937
BANKNIFTY,2026-07-24 09:19:00,56684.35,1.0001124336620897,11.118343707051928,56682.4895318178,TRENDING_BEAR,33.35503112115578,0.2,-0.0001584014866843,0.2689420899276429,0.268941611649827,-0.0001584014866843,0.0,NEUTRAL,0.4621162984225301,,,0.0,0.0,0.0,0.0,0.0,100.0,0.9998915083688502,0.0,0.0,47.92773645058028,12.846826423687096,23.07142857142961,0.0,0.9998915083688502,66.71006224231157
BANKNIFTY,2026-07-24T09:19:00,56684.35,1.0001124336620897,11.118343707051928,56682.7140999436,TRENDING_BEAR,33.35503112115578,0.2,-0.0001629673994226,0.2689420830175586,0.268941609683132,-0.0001629673994226,0.0,NEUTRAL,0.4621163072993093,0.0007866405158668,True,0.0,0.0,0.0,0.0,0.0,100.0,0.9998915083688502,0.0,0.0,47.92773645058028,12.846826423687096,23.07142857142961,0.0,0.9998915083688502,66.71006224231157
NIFTY,2026-07-24T09:19:00,23766.25,1.0,-0.595007831787683,23767.17822502503,TRENDING_BEAR,-0.0091673424467444,0.2,1.710317322436562e-05,0.2689416409941883,0.2689420178565143,1.710317322436562e-05,6.176146347951783e-05,NEUTRAL,0.4621163411492974,0.000704560081098,True,0.0,0.0,0.0,0.0,0.0,100.0,0.9997286312919672,0.0,0.0,45.81618655691162,18.971995102019232,6.575000000000467,0.0,0.9997286312919672,-0.0143659003078937
NIFTY,2026-07-24 09:20:00,23772.85,1.0,0.3621123287001921,23772.34697413945,TRENDING_BEAR,-0.00969057995826,0.2,-6.940126886824978e-06,0.268941668434759,0.2689419363506683,-6.940126886824978e-06,3.798560389601609e-05,NEUTRAL,0.4621163952145727,,,0.0,0.0,0.0,0.0,0.0,100.0,1.0007068550210898,0.0,0.0,53.91498881429977,17.61925638464923,6.84285714285813,0.0,1.0007068550210898,-0.014433129876852
NIFTY,2026-07-24 09:20:00,23773.3,1.0,0.5290473267297173,23772.78815129176,TRENDING_BEAR,-0.0087006511166691,0.2,-3.4417251205569475e-05,0.2689415580444401,0.2689417178912989,-3.4417251205569475e-05,0.0,NEUTRAL,0.462116724064261,,,0.0,0.0,0.0,0.0,0.0,100.0,0.9994511652749531,0.0,0.0,59.28753180660952,10.38274544170128,18.05714285714333,0.0,0.9994511652749531,-0.0157990001142025
NIFTY,2026-07-24 09:20:00,23772.95,1.0,0.1293887103397164,23772.41202609893,TRENDING_BEAR,-0.0087578343227505,0.2,0.000166161999873,0.2689415516136938,0.2689417366637381,0.000166161999873,0.0,NEUTRAL,0.462116711722568,,,0.0,0.0,0.0,0.0,0.0,100.0,0.9994070061591452,0.0,0.0,59.13705583755785,10.525512319537492,18.471428571428987,0.0,0.9994070061591452,-0.0157990001142025
NIFTY,2026-07-24T09:21:00,23773.45,1.0,-0.8296665961601581,23773.03197189682,TRENDING_BEAR,-0.0087578343227505,0.2,-2.950173948204376e-05,0.2689416234931903,0.2689420501007959,-2.950173948204376e-05,5.290598695212443e-05,NEUTRAL,0.4621163264060137,0.0004415976582707,True,0.0,0.0,0.0,0.0,0.0,100.0,1.0007510255601135,0.0,0.0,49.12060301505733,17.925527242012226,6.689285714286598,0.0,1.0007510255601135,-0.0155841764062643
BANKNIFTY,2026-07-24 09:15:00,56728.75,1.0,47.27193811987095,56728.19850806287,HIGH_VOLATILITY,141.81581435961286,0.2,0.0017526375052395,0.275952263341983,0.2689414213843432,0.0017526375052395,0.1565716632250392,NEUTRAL,0.4551063152736738,,,-0.0008333333333333,0.1666666666666666,16.666666666666664,0.0,16.666666666666664,83.33333333333334,1.006070031900124,0.0,0.0,74.85514577393441,46.933045419283566,136.6142857142856,0.0,1.006070031900124,236.3596905993548
NIFTY,2026-07-24 09:20:00,23780.35,1.0,8.579313742618057,23775.787361397484,TRENDING_BEAR,-0.0089279040694236,0.2,-3.8571272762851856e-05,0.2689418273573085,0.2689415209224963,-3.8571272762851856e-05,0.0,NEUTRAL,0.4621166517201951,,,0.0008333333333333,0.1666666666666666,16.666666666666664,16.666666666666664,0.0,83.33333333333334,1.0003406560362351,0.0,0.0,61.335187760772726,10.68356574665127,18.7107142857146,0.0,1.0003406560362351,-0.0156601075083017
NIFTY,2026-07-24 09:22:00,23779.75,1.0,2.76134452838006,23777.67666667326,TRENDING_BEAR,-0.0097336573526263,0.2,-0.0002040692271054,0.2689417462820928,0.2689417853724751,-0.0002040692271054,0.0613673844991052,NEUTRAL,0.4621164683454321,,,0.0,0.0,0.0,0.0,0.0,100.0,1.0013378686238252,0.0,0.0,62.8189550425035,18.179298769212533,6.732142857143637,0.0,1.0013378686238252,-0.0156668465584516
NIFTY,2026-07-24T09:22:00,23779.75,1.0,2.76134452838006,23777.882193858142,TRENDING_BEAR,-0.0097336573526263,0.2,-4.837223808890849e-05,0.2689417691665295,0.2689418110101544,-4.837223808890849e-05,0.0,NEUTRAL,0.4621164198233159,0.0001387811232439,True,0.0,0.0,0.0,0.0,0.0,100.0,1.0013378686238252,0.0,0.0,62.8189550425035,18.179298769212533,6.732142857143637,0.0,1.0013378686238252,-0.0156668465584516
NIFTY,2026-07-24T09:23:00,23782.4,1.0,3.8785026903341904,23780.11535707042,TRENDING_BEAR,-0.0096075693145394,0.2,-0.0001413920314356,0.2689418838432918,0.2689418048006864,-0.0001413920314356,6.849903832006622e-05,NEUTRAL,0.4621163113560217,-0.0004056027824771,True,0.0,0.0,0.0,0.0,0.0,100.0,1.0020449209381392,0.0,0.0,62.36162361621561,17.9114075012735,6.735714285715013,0.0,1.0020449209381392,-0.0156668465584516
NIFTY,2026-07-24 09:20:00,23792.65,1.0,22.624459404385465,23782.69773720593,TRENDING_BEAR,-0.008254887536168,0.2,0.0002331600030067,0.2689449507043753,0.2689414787991342,0.0002331600030067,0.0,NEUTRAL,0.4621135704964905,,,0.0,0.0,0.0,0.0,0.0,100.0,1.001892533534643,0.0,0.0,64.38180653426772,11.200316725896569,19.61428571428613,0.0,1.001892533534643,-0.0155166752636432
NIFTY,2026-07-24 09:20:00,23792.2,1.0,22.11061261188107,23781.862991969698,TRENDING_BEAR,-0.008254887536168,0.2,0.0006570542524598,0.268943984561267,0.2689414654628837,0.0006570542524598,0.0718859147050664,NEUTRAL,0.4621145499758493,,,0.0,0.0,0.0,0.0,0.0,100.0,1.0018357575286034,0.0,0.0,64.27883070992077,11.200316725896569,19.61428571428613,0.0,1.0018357575286034,-0.0155166752636432
NIFTY,2026-07-24 09:25:00,23790.85,1.0,1.9275726038780905,23786.08787460724,TRENDING_BULL,-0.0096957106143236,0.25,-0.0003185956551513,0.2689456939655555,0.2689485082099377,-0.0003185956551513,0.091737496864177,NEUTRAL,0.4621057978245066,,,0.0,0.0,0.0,0.0,0.0,100.0,1.0029915240152896,0.0,0.0,60.21466905187233,13.02365434582482,18.09285714285761,0.0,1.0029915240152896,-0.0156802643090486
NIFTY,2026-07-24 09:25:00,23786.9,1.0453589766447062,-6.673979102291517,23787.05669703196,TRENDING_BULL,-0.0095892306417226,0.25,0.0001282049569161,0.2689430814728287,0.2689713416888738,0.0001282049569161,0.0,NEUTRAL,0.4620855768382975,,,0.0,0.0,0.0,0.0,0.0,100.0,1.001728837514512,0.0,0.0,61.39846743293416,20.44855460763844,7.300000000000312,0.0,1.001728837514512,-0.0154741197824478
NIFTY,2026-07-24 09:25:00,23786.9,1.0453589766447062,-6.673979102291517,23787.51742729658,TRENDING_BULL,-0.0095892306417226,0.25,-6.150560393608333e-05,0.2689432795363141,0.2689749115538206,-6.150560393608333e-05,0.0036538486099014,NEUTRAL,0.4620818089098653,,,0.0,0.0,0.0,0.0,0.0,100.0,1.001728837514512,0.0,0.0,61.39846743293416,20.44855460763844,7.300000000000312,0.0,1.001728837514512,-0.0154741197824478
NIFTY,2026-07-24T09:27:00,23786.75,1.00411487352451,-0.0920004775281055,23786.96399206875,TRENDING_BULL,-0.0095892306417226,0.25,-7.741933797445428e-06,0.2689461356032515,0.268954203222117,-7.741933797445428e-06,0.0011846556185574,NEUTRAL,0.4620996611746315,-0.0013939260146962,True,0.0,0.0,0.0,0.0,0.0,100.0,1.0010471666572045,0.0,0.0,74.32286023832876,21.04464496871317,6.753571428571896,0.0,1.0010471666572045,-0.0153330959379672
NIFTY,2026-07-24 09:25:00,23782.1,1.0,-8.063892805913433,23780.79331054654,TRENDING_BEAR,-0.0090732919052243,0.2,-0.0005526198382349,0.26894145984011,0.2689423048609929,-0.0005526198382349,0.0809284902676335,NEUTRAL,0.4621162352988969,,,0.0,0.0,0.0,0.0,0.0,100.0,1.0018870583978303,0.0,0.0,56.70277589708304,13.023654345824816,19.00000000000077,0.0,1.0018870583978303,-0.0155024975538253
NIFTY,2026-07-24T09:15:00,23786.1,1.0,21.97624674610155,23787.486346237216,TRENDING_BEAR,-0.0078661404550075,0.2,0.0016493825169849,0.273948684381733,0.2689422112782565,0.0016493825169849,0.144616568457243,NEUTRAL,0.4571091043400105,0.0066051781568587,False,0.0008333333333333,0.1666666666666666,16.666666666666664,16.666666666666664,0.0,83.33333333333334,1.0048446694950046,0.0,0.0,70.85732565578647,38.54037959224102,39.59642857142847,0.0,1.0048446694950046,-0.0150984652340412
NIFTY,2026-07-24T09:28:00,23782.1,1.0012393760883331,-0.203831698002217,23782.79778162418,TRENDING_BULL,-0.0089095653966069,0.25,7.856428468431783e-05,0.2689456806978816,0.2689540457287632,7.856428468431783e-05,0.0,NEUTRAL,0.4621002735733552,-0.0012152456562327,True,0.0,0.0,0.0,0.0,0.0,100.0,0.9987831916525683,0.0,0.0,64.45147679322639,20.765010609401376,6.800000000000312,0.0,0.9987831916525683,-0.0152739442884922
NIFTY,2026-07-24T09:25:00,23774.85,1.0,-16.342535574026414,23777.360794710883,TRENDING_BEAR,-0.0087578343227505,0.2,-0.00092921995534,0.2689415673835659,0.2689443000982636,-0.00092921995534,0.1259366337734796,NEUTRAL,0.4621141325181705,0.00010935029104,True,0.0,0.0,0.0,0.0,0.0,100.0,1.000971929743364,0.0,0.0,54.0496934494947,13.023654345824816,19.339285714286493,0.0,1.000971929743364,-0.0153226599097251
NIFTY,2026-07-24T09:29:00,23774.3,1.0003732929041882,-7.003421476841723,23777.89741006908,TRENDING_BULL,-0.0094314431771636,0.25,5.999896564148099e-05,0.268943481641394,0.2689828551931499,5.999896564148099e-05,0.0062387326173338,NEUTRAL,0.462073663165456,-0.0008579792066214,True,-0.0008333333333333,0.1666666666666666,16.666666666666664,0.0,16.666666666666664,83.33333333333334,0.9979634685346428,0.0,0.0,56.60731021554183,19.297992659839984,7.300000000000831,0.0,0.9979634685346428,-0.0142456758767366
NIFTY,2026-07-24 09:30:00,23773.85,1.0,-8.47918489433297,23775.11437006789,TRENDING_BEAR,-0.0087578343227505,0.2,-7.05518799277998e-05,0.2689414748277651,0.2689428003903351,-7.05518799277998e-05,0.0,NEUTRAL,0.4621157247818997,,,0.0,0.0,0.0,0.0,0.0,100.0,1.0001892955471376,0.0,0.0,46.19970193740178,13.887087625071398,17.910714285715066,0.0,1.0001892955471376,-0.0156413901597261
NIFTY,2026-07-24 09:30:00,23773.85,1.0,-8.47918489433297,23775.47751562617,TRENDING_BEAR,-0.0087578343227505,0.2,0.0004010045786836,0.2689414772390963,0.2689428625942027,0.0004010045786836,0.0,NEUTRAL,0.4621156601667009,,,0.0,0.0,0.0,0.0,0.0,100.0,1.0001892955471376,0.0,0.0,46.19970193740178,13.887087625071398,17.910714285715066,0.0,1.0001892955471376,-0.0156413901597261
NIFTY,2026-07-24 09:30:00,23767.6,1.0001124336620897,-10.475425898877209,23773.50153840092,TRENDING_BEAR,-0.0095688300207257,0.2,4.6365541983557366e-05,0.2689414885802141,0.2689441876992473,4.6365541983557366e-05,0.000374508290722,NEUTRAL,0.4621143237205385,,,0.0,0.0,0.0,0.0,0.0,100.0,0.9977360203989396,0.0,0.0,50.083612040120826,17.335989288419803,7.642857142857922,0.0,0.9977360203989396,-0.0142269417643547
NIFTY,2026-07-24 09:30:00,23748.6,1.0,-37.31169936258851,23762.685585851097,TRENDING_BEAR,-0.0087433801963925,0.2,2.5153290312551208e-05,0.2689415064733782,0.2691487658381651,2.5153290312551208e-05,0.0,NEUTRAL,0.4619097276884566,,,0.0,0.0,0.0,0.0,0.0,100.0,0.9970028205036524,0.0,0.0,38.88366259015007,12.080732819967816,20.117857142858025,0.0,0.9970028205036524,-0.0141966920346021
NIFTY,2026-07-24 09:31:00,23754.55,1.1506309703243465,-10.6893453340682,23761.6078718806,TRENDING_BEAR,-0.0073609161190688,0.2,0.0005008975984565,0.2689415377686727,0.2689468668721669,0.0005008975984565,0.1524362900512198,NEUTRAL,0.4621115953591603,,,0.0,0.0,0.0,0.0,0.0,100.0,0.9958066740093662,0.0,0.0,39.74719101122671,18.34864936750652,8.675000000000832,0.0,0.9958066740093662,-0.0156305003911256
NIFTY,2026-07-24T09:31:00,23754.55,1.1506309703243465,-10.6893453340682,23761.896369658512,TRENDING_BEAR,-0.0073609161190688,0.2,0.0005010387031005,0.2689415377850412,0.268946867637946,0.0005010387031005,0.1622994218003947,NEUTRAL,0.4621115945770127,0.0004631461942014,True,0.0,0.0,0.0,0.0,0.0,100.0,0.9958066740093662,0.0,0.0,39.74719101122671,18.34864936750652,8.675000000000832,0.0,0.9958066740093662,-0.0156305003911256
BANKNIFTY,2026-07-24 09:30:00,56653.6,1.0,-90.4977519163146,56676.6818224466,HIGH_VOLATILITY,-271.49325574894385,0.2,-0.0009429238599736,0.2689414215314559,0.2689414794206643,-0.0009429238599736,0.1064097298026988,NEUTRAL,0.4621170990478797,,,0.0,0.0,0.0,0.0,0.0,100.0,0.9977961116672032,0.0,0.0,41.51918356801268,14.249874709630218,57.38214285714327,0.0,0.9977961116672032,-542.9865114978876
NIFTY,2026-07-24 09:32:00,23748.6,1.045369176396412,-1.1414128952682034,23753.53181700423,TRENDING_BEAR,-0.0073609161190688,0.2,0.0005022060412945,0.2689417892582068,0.2689426552271464,0.0005022060412945,0.1867048176627325,NEUTRAL,0.4621155555146468,,,0.0,0.0,0.0,0.0,0.0,100.0,0.9958182219559114,0.0,0.0,38.14016172505884,19.27775942576192,8.653571428572052,0.0,0.9958182219559114,-0.0157272230833768
NIFTY,2026-07-24 09:30:00,23755.65,1.0,-29.26143294669601,23765.110266856547,TRENDING_BEAR,-0.0090074809268116,0.2,-0.000490690624986,0.2689414371993938,0.2689712224670641,-0.000490690624986,0.0611170660653307,NEUTRAL,0.462087340333542,,,0.0,0.0,0.0,0.0,0.0,100.0,0.9978925095752,0.0,0.0,40.682414698159576,12.025588463386464,20.18571428571496,0.0,0.9978925095752,-0.0141103181988
BANKNIFTY,2026-07-24 09:30:00,56664.5,1.0,-49.92768018250953,56699.30472477239,HIGH_VOLATILITY,-149.7830405475286,0.2,-0.0008762989566292,0.2689414213906778,0.2689414243376516,-0.0008762989566292,0.118939695858994,NEUTRAL,0.4621171542716706,,,0.0008333333333333,0.1666666666666666,16.666666666666664,16.666666666666664,0.0,83.33333333333334,0.995884026657338,0.0,0.0,70.0248250959142,47.37876685562576,137.59285714285735,0.0,0.995884026657338,-249.63840091254767
NIFTY,2026-07-24T09:32:00,23748.6,1.045369176396412,-1.1414128952682034,23753.650881320584,TRENDING_BEAR,-0.0073609161190688,0.2,0.0001795454953848,0.2689416238597738,0.2689421004984348,0.0001795454953848,0.0,NEUTRAL,0.4621162756417913,2.1048067471685085e-05,True,0.0,0.0,0.0,0.0,0.0,100.0,0.9958182219559114,0.0,0.0,38.14016172505884,19.27775942576192,8.653571428572052,0.0,0.9958182219559114,-0.0157272230833768
NIFTY,2026-07-24 09:30:00,23755.65,1.0,-29.26143294669601,23765.737930327577,TRENDING_BEAR,-0.0090074809268116,0.2,-0.000556899950084,0.2689414360948529,0.2689691429438582,-0.000556899950084,0.0690445680346269,NEUTRAL,0.4620894209612888,,,0.0,0.0,0.0,0.0,0.0,100.0,0.9978925095752,0.0,0.0,40.682414698159576,12.025588463386464,20.18571428571496,0.0,0.9978925095752,-0.0141103181988
NIFTY,2026-07-24 09:30:00,23755.0,1.0,-30.003656091425047,23765.10462929184,TRENDING_BEAR,-0.0090074809268116,0.2,-0.0010944900984408,0.2689418035709229,0.268963557438402,-0.0010944900984408,0.1162652798807922,NEUTRAL,0.462094638990675,,,0.0,0.0,0.0,0.0,0.0,100.0,0.9978104815047736,0.0,0.0,40.50963737340387,12.025588463386464,20.18571428571496,0.0,0.9978104815047736,-0.0141103181988
NIFTY,2026-07-24 09:30:00,23755.0,1.0,-30.003656091425047,23764.65964285069,TRENDING_BEAR,-0.0090074809268116,0.2,-0.0006184133810221,0.2689414368983844,0.2689715275605325,-0.0006184133810221,0.0773731431583239,NEUTRAL,0.462087035541083,,,0.0,0.0,0.0,0.0,0.0,100.0,0.9978104815047736,0.0,0.0,40.50963737340387,12.025588463386464,20.18571428571496,0.0,0.9978104815047736,-0.0141103181988
NIFTY,2026-07-24 09:30:00,23756.15,1.0,-18.756350043735672,23771.952418912148,TRENDING_BEAR,-0.009696265682578,0.2,-0.0020970470335063,0.2689414283390339,0.2689438670764061,-0.0020970470335063,0.1675500125361257,NEUTRAL,0.46211470458456,-0.0003955704525705,True,-0.0008333333333333,0.1666666666666666,16.666666666666664,0.0,16.666666666666664,83.33333333333334,0.9941015714438758,0.0,0.0,62.4306606152266,37.78505333167526,39.34285714285709,0.0,0.9941015714438758,-0.0137306023389101
NIFTY,2026-07-24 09:35:00,23754.65,1.0,-3.892043987816024,23759.94422568111,TRENDING_BEAR,-0.0094314431771636,0.2,0.0002208691070915,0.2689415189584471,0.268942088738457,0.0002208691070915,0.0,NEUTRAL,0.4621163923030957,,,0.0,0.0,0.0,0.0,0.0,100.0,0.9982645024486292,0.0,0.0,32.04460966542396,12.479520626644582,18.6714285714292,0.0,0.9982645024486292,-0.0144851166754961
NIFTY,2026-07-24 04:00:00,28697.75,1.5,,,TRANSITION,-0.0003966720541939,0.2,-0.0017665186325517,0.2945889319384109,0.3073756635792551,-0.0017665186325517,0.0555153392842958,NEUTRAL,0.3980354044823339,-0.0017962226556233,True,0.0008333333333333,0.1666666666666666,16.666666666666664,16.666666666666664,0.0,83.33333333333334,1.0,0.0,0.0,,,,,1.0,-0.0022612864617258
NIFTY,2026-07-24 09:35:00,23754.15,1.0,-4.462984868375536,23759.606622331296,TRENDING_BEAR,-0.0094314431771636,0.2,-0.0001065663157844,0.2689414950990869,0.2689420118748224,-0.0001065663157844,0.0160763771576616,NEUTRAL,0.4621164930260906,,,0.0,0.0,0.0,0.0,0.0,100.0,0.9982013934467612,0.0,0.0,31.9259259259224,12.479520626644582,18.70714285714348,0.0,0.9982013934467612,-0.0144851166754961
NIFTY,2026-07-24 09:35:00,23762.45,1.0,5.014633748911592,23764.26011753705,TRENDING_BEAR,-0.0083863222971558,0.2,-0.0002063057503154,0.2689416920948541,0.2689415829390063,-0.0002063057503154,0.0,NEUTRAL,0.4621167249661395,,,0.0,0.0,0.0,0.0,0.0,100.0,0.9992490028777704,0.0,0.0,35.410662824203456,12.47952062664458,19.264285714286284,0.0,0.9992490028777704,-0.0146427266299724
NIFTY,2026-07-24T09:36:00,23762.45,1.000373376845565,8.952628986451085,23759.924352999777,TRENDING_BEAR,-0.0094497818499803,0.2,-0.0004714078148331,0.2689430104041909,0.2689417287414011,-0.0004714078148331,0.0042520561871506,NEUTRAL,0.4621152608544078,-0.000191485421857,True,0.0,0.0,0.0,0.0,0.0,100.0,1.0014968042912602,0.0,0.0,40.22004889974984,28.044204234211016,8.953571428571845,0.0,1.0014968042912602,-0.0131728783249855
NIFTY,2026-07-24 09:35:00,23762.45,1.0,5.014633748911592,23763.820507207634,TRENDING_BEAR,-0.0083863222971558,0.2,8.662089853044979e-05,0.2689416810956753,0.2689415763746803,8.662089853044979e-05,0.0256998567964041,NEUTRAL,0.4621167425296444,,,0.0,0.0,0.0,0.0,0.0,100.0,0.9992490028777704,0.0,0.0,35.410662824203456,12.47952062664458,19.264285714286284,0.0,0.9992490028777704,-0.0146427266299724
NIFTY,2026-07-24 09:35:00,23756.25,1.0,-2.065033170027234,23760.80813964579,TRENDING_BEAR,-0.0094314431771636,0.2,6.140078523047308e-05,0.2689415302247961,0.2689418674205688,6.140078523047308e-05,0.0,NEUTRAL,0.462116602354635,,,0.0,0.0,0.0,0.0,0.0,100.0,0.9984664512546068,0.0,0.0,32.43039879608331,12.47952062664458,19.310714285714702,0.0,0.9984664512546068,-0.0145409110933542
NIFTY,2026-07-24T09:37:00,23756.25,1.000112458944746,-5.0004308015664805,23757.96504669672,TRENDING_BEAR,-0.0086632063612341,0.2,1.8401008844598653e-05,0.2689415423132449,0.2689425261934162,1.8401008844598653e-05,0.0,NEUTRAL,0.4621159314933388,9.681907251534992e-05,True,0.0,0.0,0.0,0.0,0.0,100.0,1.000138917245313,0.0,0.0,25.68493150684681,30.40972698276845,8.417857142857299,0.0,1.000138917245313,-0.0143101058900356
NIFTY,2026-07-24 09:35:00,23753.55,1.0,-5.148113925049451,23759.10206158921,TRENDING_BEAR,-0.0094314431771636,0.2,4.274113195296437e-05,0.2689414896918061,0.2689420829539382,4.274113195296437e-05,0.0,NEUTRAL,0.4621164273542557,,,0.0,0.0,0.0,0.0,0.0,100.0,0.9981256626445192,0.0,0.0,31.784660766957643,12.47952062664458,19.39285714285766,0.0,0.9981256626445192,-0.0144851166754961
NIFTY,2026-07-24T09:38:00,23753.2,1.0000338719832351,-4.735844366576257,23755.630517886497,TRENDING_BEAR,-0.0086632063612341,0.2,2.728348288458784e-05,0.2689415558134354,0.2689424908486422,2.728348288458784e-05,0.0001424089145228,NEUTRAL,0.4621159533379224,0.0002568204782754,True,0.0,0.0,0.0,0.0,0.0,100.0,1.0001136732021745,0.0,0.0,25.0836120401315,32.59616779845241,8.503571428571636,0.0,1.0001136732021745,-0.0133393127471208
NIFTY,2026-07-24 09:35:00,23753.55,1.0,-5.148113925049451,23759.13590632035,TRENDING_BEAR,-0.0094314431771636,0.2,0.0001734056568461,0.2689414900724006,0.2689420866393704,0.0001734056568461,0.0,NEUTRAL,0.462116423288229,,,0.0,0.0,0.0,0.0,0.0,100.0,0.9981256626445192,0.0,0.0,31.784660766957643,12.47952062664458,19.39285714285766,0.0,0.9981256626445192,-0.0144851166754961
NIFTY,2026-07-24T09:39:00,23756.5,1.0000102020452963,5.031561963101579,23756.243011477924,TRENDING_BEAR,-0.0091856811195611,0.2,-9.024165502150804e-06,0.2689418947067712,0.2689417005982178,-9.024165502150804e-06,0.0,NEUTRAL,0.462116404695011,0.0003619962832241,True,0.0,0.0,0.0,0.0,0.0,100.0,1.000012628175986,0.0,0.0,30.7743216412936,36.26996825948855,8.36428571428587,0.0,1.000012628175986,-0.0144677158445119
NIFTY,2026-07-24 09:35:00,23756.5,1.0,-1.7795627297474752,23760.33927329452,TRENDING_BEAR,-0.0094314431771636,0.2,4.980694261933216e-05,0.2689415238706726,0.2689418095930326,4.980694261933216e-05,0.0038851666745702,NEUTRAL,0.4621166665362946,,,0.0,0.0,0.0,0.0,0.0,100.0,0.9984980057555408,0.0,0.0,32.51787730522709,12.47952062664458,19.45714285714348,0.0,0.9984980057555408,-0.0145409110933542
NIFTY,2026-07-24T09:35:00,23756.5,1.0,-1.7795627297474752,23759.932462099983,TRENDING_BEAR,-0.0094314431771636,0.2,0.0001713767006249,0.2689415306876156,0.2689418354123277,0.0001713767006249,0.0,NEUTRAL,0.4621166339000566,0.006530665504911,False,0.0,0.0,0.0,0.0,0.0,100.0,0.9984980057555408,0.0,0.0,32.51787730522709,12.47952062664458,19.45714285714348,0.0,0.9984980057555408,-0.0145409110933542
NIFTY,2026-07-24 09:40:00,23753.0,1.0000030727969929,-2.9923388302671388,23754.92484399308,TRENDING_BEAR,-0.0086632063612341,0.2,4.122651716095716e-05,0.2689415867868469,0.2689422899213155,4.122651716095716e-05,0.0001177440049664,NEUTRAL,0.4621161232918375,,,0.0,0.0,0.0,0.0,0.0,100.0,0.999905278113982,0.0,0.0,27.72087067861536,37.52725289691626,8.567857142857454,0.0,0.999905278113982,-0.0143360562622547
NIFTY,2026-07-24 09:40:00,23753.0,1.0000030727969929,-2.9923388302671388,23754.903509008567,TRENDING_BEAR,-0.0086632063612341,0.2,8.633574236909882e-05,0.2689415977479679,0.268942347474729,8.633574236909882e-05,1.7334039424485056e-05,NEUTRAL,0.4621160547773031,,,0.0,0.0,0.0,0.0,0.0,100.0,0.999905278113982,0.0,0.0,27.72087067861536,37.52725289691626,8.567857142857454,0.0,0.999905278113982,-0.0143360562622547
NIFTY,2026-07-24 09:40:00,23757.95,1.0,5.637150342469596,23759.10561890057,TRENDING_BEAR,-0.0094497818499803,0.2,0.0002610553881947,0.2689417018362002,0.2689415613361866,0.0002610553881947,0.0560286203835678,NEUTRAL,0.4621167368276132,,,0.0,0.0,0.0,0.0,0.0,100.0,0.9980125096219772,0.0,0.0,25.353871773517767,15.111744982219818,17.442857142857974,0.0,0.9980125096219772,-0.014384551718831
NIFTY,2026-07-24 09:41:00,23757.05,1.0000009255086686,2.9989799803891977,23756.61239240002,TRENDING_BEAR,-0.0094314431771636,0.2,-2.634062413926323e-05,0.2689417785810787,0.2689417858677916,-2.634062413926323e-05,0.0,NEUTRAL,0.4621164355511296,,,0.0,0.0,0.0,0.0,0.0,100.0,0.9994255437344288,0.0,0.0,33.489304812828905,39.24405443630285,8.335714285714337,0.0,0.9994255437344288,-0.0144378717988729
NIFTY,2026-07-24T09:41:00,23757.05,1.0000009255086686,2.9989799803891977,23756.589725688344,TRENDING_BEAR,-0.0094314431771636,0.2,-4.978849258101426e-05,0.2689417848904739,0.2689417923058916,-4.978849258101426e-05,0.0,NEUTRAL,0.4621164228036346,0.0008334596150931,True,0.0,0.0,0.0,0.0,0.0,100.0,0.9994255437344288,0.0,0.0,33.489304812828905,39.24405443630285,8.335714285714337,0.0,0.9994255437344288,-0.0144378717988729
NIFTY,2026-07-24 09:42:00,23757.95,1.000000278757854,2.287694426131036,23757.38051437348,TRENDING_BEAR,-0.0094314431771636,0.2,-5.812752230176768e-06,0.2689417424940344,0.2689418190310113,-5.812752230176768e-06,7.322102260112225e-05,NEUTRAL,0.4621164384749542,,,0.0,0.0,0.0,0.0,0.0,100.0,1.000290457217546,0.0,0.0,34.53093812374786,41.67206176677216,8.132142857143013,0.0,1.000290457217546,-0.0144378717988729
NIFTY,2026-07-24 09:42:00,23757.95,1.000000278757854,2.287694426131036,23757.80951979163,TRENDING_BEAR,-0.0094314431771636,0.2,3.733664221100101e-06,0.268941742719304,0.2689418193099718,3.733664221100101e-06,1.3690241684004211e-05,NEUTRAL,0.4621164379707242,,,0.0,0.0,0.0,0.0,0.0,100.0,1.000290457217546,0.0,0.0,34.53093812374786,41.67206176677216,8.132142857143013,0.0,1.000290457217546,-0.0144378717988729
NIFTY,2026-07-24T09:42:00,23757.95,1.000000278757854,2.287694426131036,23757.42445379204,TRENDING_BEAR,-0.0094314431771636,0.2,5.836007771316307e-07,0.2689417425833117,0.268941819141567,5.836007771316307e-07,1.2671450642831412e-05,NEUTRAL,0.4621164382751213,0.0005219470307947,True,0.0,0.0,0.0,0.0,0.0,100.0,1.000290457217546,0.0,0.0,34.53093812374786,41.67206176677216,8.132142857143013,0.0,1.000290457217546,-0.0144378717988729
NIFTY,2026-07-24T09:30:00,23758.0,1.0,-16.643868785667124,23772.620861313186,TRENDING_BEAR,-0.009696265682578,0.2,-0.0004947261219099,0.2689414351114346,0.268944292010479,-0.0004947261219099,0.025983072019343,NEUTRAL,0.4621142728780865,0.0067895288134308,False,-0.0008333333333333,0.1666666666666666,16.666666666666664,0.0,16.666666666666664,83.33333333333334,0.99433473582056,0.0,0.0,62.8213802435692,37.78505333167526,39.34285714285709,0.0,0.99433473582056,-0.0137306023389101
BANKNIFTY,2026-07-24T09:30:00,56641.7,1.0,-75.96258433602677,56686.20892225672,HIGH_VOLATILITY,-227.8877530080803,0.2,-0.0006692879326118,0.2689430660585263,0.2689414432180769,-0.0006692879326118,0.0,NEUTRAL,0.4621154907233967,0.0077404637927125,False,-0.0008333333333333,0.1666666666666666,16.666666666666664,0.0,16.666666666666664,83.33333333333334,0.9946785778170978,0.0,0.0,68.61262217504645,47.212810273785685,138.62857142857163,0.0,0.9946785778170978,-379.81292168013385
NIFTY,2026-07-24T09:43:00,23758.1,1.000000083960252,0.8673746592732603,23758.15402515954,TRENDING_BEAR,-0.0094314431771636,0.2,-2.758160152823272e-06,0.2689416863242557,0.2689419023061016,-2.758160152823272e-06,3.189405922269494e-05,NEUTRAL,0.4621164113696426,0.000448255905719,True,0.0,0.0,0.0,0.0,0.0,100.0,1.0007704614348265,0.0,0.0,36.81241184766595,44.17573941384636,7.782142857142909,0.0,1.0007704614348265,-0.0144378717988729
NIFTY,2026-07-24 09:40:00,23758.1,1.0,5.808432606634958,23758.52234814534,TRENDING_BEAR,-0.0094497818499803,0.2,0.000322810088739,0.2689417215209687,0.2689415644723502,0.000322810088739,0.0591365258777064,NEUTRAL,0.4621167140066811,,,0.0,0.0,0.0,0.0,0.0,100.0,0.9980314381017676,0.0,0.0,25.44698544697978,15.111744982219818,17.503571428572155,0.0,0.9980314381017676,-0.014384551718831
NIFTY,2026-07-24 09:40:00,23764.6,1.0,13.230664053908662,23762.63452366607,TRENDING_BEAR,-0.0086431317031383,0.2,0.0001487724583057,0.268942334598877,0.2689414873679716,0.0001487724583057,0.0,NEUTRAL,0.4621161780331513,,,0.0,0.0,0.0,0.0,0.0,100.0,0.998851672226031,0.0,0.0,29.27021696251909,15.071462458792771,17.885714285714908,0.0,0.998851672226031,-0.0142557956278324
NIFTY,2026-07-24T09:44:00,23765.75,1.000000025288342,7.859372724704576,23762.41279362032,TRENDING_BEAR,-0.0087189897894859,0.2,-0.000502151352437,0.2689427422935356,0.2689417944265242,-0.000502151352437,0.1748715145959742,NEUTRAL,0.4621154632799402,-2.1033236720665995e-05,True,0.0,0.0,0.0,0.0,0.0,100.0,1.0010859888496724,0.0,0.0,52.003081664086,43.41860966029154,6.992857142857507,0.0,1.0010859888496724,-0.0145574826747179
NIFTY,2026-07-24 09:40:00,23764.6,1.0,13.230664053908662,23762.852098534306,TRENDING_BEAR,-0.0086431317031383,0.2,0.0002243530963867,0.2689422607328127,0.268941482029763,0.0002243530963867,0.0298218038542691,NEUTRAL,0.4621162572374243,,,0.0,0.0,0.0,0.0,0.0,100.0,0.998851672226031,0.0,0.0,29.27021696251909,15.071462458792771,17.885714285714908,0.0,0.998851672226031,-0.0142557956278324
NIFTY,2026-07-24 09:45:00,23773.6,1.0,5.923407861096418,23770.033935848995,TRENDING_BEAR,-0.0084320912137627,0.2,3.1706114134031386e-05,0.2689417464329036,0.2689415741177986,3.1706114134031386e-05,0.0068310436615905,NEUTRAL,0.4621166794492978,,,0.0,0.0,0.0,0.0,0.0,100.0,0.997875197820974,0.0,0.0,38.75577973938077,16.024822969510677,17.317857142857456,0.0,0.997875197820974,-0.0144743185490369
NIFTY,2026-07-24 09:45:00,23788.9,1.0,23.39419880622092,23778.650297529955,TRENDING_BEAR,-0.0090470304712653,0.2,-0.0002738425697087,0.2689471539889536,0.2689415106190875,-0.0002738425697087,0.0,NEUTRAL,0.4621113353919588,,,0.0,0.0,0.0,0.0,0.0,100.0,0.9998045434197336,0.0,0.0,45.735567970200925,14.71557387548516,18.61071428571476,0.0,0.9998045434197336,-0.0153240479528903
NIFTY,2026-07-24 09:45:00,23789.5,1.0,24.07932786289068,23778.91104990902,TRENDING_BEAR,-0.0090470304712653,0.2,-0.0001754438304082,0.268948083646959,0.2689415139752477,-0.0001754438304082,0.0,NEUTRAL,0.4621104023777931,,,0.0,0.0,0.0,0.0,0.0,100.0,0.9998802040314496,0.0,0.0,45.97701149424837,14.71557387548516,18.61071428571476,0.0,0.9998802040314496,-0.0153240479528903
NIFTY,2026-07-24 09:45:00,23789.5,1.0,24.07932786289068,23779.46331638386,TRENDING_BEAR,-0.0090470304712653,0.2,-0.0003722208275574,0.2689497187825247,0.268941536703316,-0.0003722208275574,0.0,NEUTRAL,0.4621087445141592,,,0.0,0.0,0.0,0.0,0.0,100.0,0.9998802040314496,0.0,0.0,45.97701149424837,14.71557387548516,18.61071428571476,0.0,0.9998802040314496,-0.0153240479528903
NIFTY,2026-07-24 09:45:00,23770.05,1.0,1.869727609124688,23767.10379204779,TRENDING_BEAR,-0.0089215608313679,0.2,-6.649593126099755e-05,0.2689416042149237,0.2689416747113129,-6.649593126099755e-05,0.0,NEUTRAL,0.4621167210737633,,,0.0008333333333333,0.1666666666666666,16.666666666666664,16.666666666666664,0.0,83.33333333333334,0.9974275392016544,0.0,0.0,37.27959697732536,14.71557387548516,18.61071428571476,0.0,0.9974275392016544,-0.0144743185490369
NIFTY,2026-07-23 23:00:00,10681.73,1.0,9.69424930804186,10662.52690538134,TRANSITION,-0.0131876356899738,0.2,0.0039660705557475,0.3140997802284942,0.2689641132917456,0.0039660705557475,0.2433828638159793,NEUTRAL,0.4169361064797602,,,0.0,0.0,0.0,0.0,0.0,100.0,1.0,0.0,0.0,,,,,1.0,-0.0144605822861194
NIFTY,2026-07-23 23:00:00,96.55,1.0,0.0234436834392422,96.51957280003816,TRANSITION,-0.0133972903713583,0.2,-0.0002982940466994,0.2689414468206002,0.2689444444064339,-0.0002982940466994,0.049142903612244,NEUTRAL,0.4621141087729659,,,-0.0008333333333333,0.1666666666666666,16.666666666666664,0.0,16.666666666666664,83.33333333333334,1.0,0.0,0.0,,,,,1.0,-0.0138908509165048
NIFTY,2026-07-24 09:45:00,23769.1,1.0,-4.01004123131429,23777.081081595392,TRENDING_BEAR,-0.0099530760198831,0.2,-0.0006764244328613,0.2690079255006735,0.2711452172191361,-0.0006764244328613,0.0841115102562417,NEUTRAL,0.4598468572801904,,,0.0,0.0,0.0,0.0,0.0,100.0,0.9964323833696116,0.0,0.0,63.40740740740353,36.70893360704191,38.785714285714285,0.0,0.9964323833696116,-0.0138518393039703
NIFTY,2026-07-24 09:45:00,23770.05,1.0,1.869727609124688,23768.338104477923,TRENDING_BEAR,-0.0089215608313679,0.2,-9.722216593374865e-05,0.2689416103862922,0.2689416868525757,-9.722216593374865e-05,0.0154565340713699,NEUTRAL,0.462116702761132,,,0.0,0.0,0.0,0.0,0.0,100.0,0.9974275392016544,0.0,0.0,37.27959697732536,14.71557387548516,18.61071428571476,0.0,0.9974275392016544,-0.0144743185490369
NIFTY,2026-07-24 09:45:00,23767.95,1.0,-0.5282240892236132,23767.18399582116,TRENDING_BEAR,-0.0098543064668774,0.2,0.0002241499553449,0.2689415507110047,0.2689417442600106,0.0002241499553449,0.0,NEUTRAL,0.4621167050289846,,,0.0,0.0,0.0,0.0,0.0,100.0,0.9971627270606482,0.0,0.0,36.63366336633258,14.715573875485155,18.757142857143272,0.0,0.9971627270606482,-0.0130897969007492
NIFTY,2026-07-24T09:48:00,23769.4,1.017776734956273,-0.6277105975732731,23770.86953725781,TRENDING_BULL,-0.0087006511166691,0.25,0.000168299673427,0.2689452141324689,0.2689544263508328,0.000168299673427,0.0,NEUTRAL,0.4621003595166982,0.0004059585459531,True,0.0,0.0,0.0,0.0,0.0,100.0,1.001344767717157,0.0,0.0,57.81249999999054,53.87753416427004,8.085714285713818,0.0,1.001344767717157,-0.0156673405319452
NIFTY,2026-07-24 09:45:00,23767.95,1.0,-0.5282240892236132,23766.997760833983,TRENDING_BEAR,-0.0098543064668774,0.2,-0.0002385313968576,0.2689415737627616,0.2689418018069881,-0.0002385313968576,0.0661935765235677,NEUTRAL,0.4621166244302502,,,0.0,0.0,0.0,0.0,0.0,100.0,0.9971627270606482,0.0,0.0,36.63366336633258,14.715573875485155,18.757142857143272,0.0,0.9971627270606482,-0.0130897969007492
BANKNIFTY,2026-07-24 09:45:00,56723.9,1.0,40.68989039238795,56723.27331998716,TRENDING_BULL,122.06967117716384,0.25,0.0017425953067772,0.2689719933498037,0.2690200809678621,0.0017425953067772,0.0,NEUTRAL,0.462007925682334,,,-0.0008333333333333,0.1666666666666666,16.666666666666664,0.0,16.666666666666664,83.33333333333334,0.9967245390140862,0.0,0.0,71.50120295973397,48.10416609893793,137.62142857142888,0.0,0.9967245390140862,203.44945196193976
NIFTY,2026-07-24 09:45:00,23771.8,1.0,3.8680206910829895,23768.12407169989,TRENDING_BEAR,-0.0089215608313679,0.2,-0.0003643488216352,0.2689417317896426,0.2689416747344944,-0.0003643488216352,0.0,NEUTRAL,0.462116593475863,,,0.0,0.0,0.0,0.0,0.0,100.0,0.997648215985826,0.0,0.0,37.83553472517635,14.715573875485155,18.79285714285756,0.0,0.997648215985826,-0.0144743185490369
NIFTY,2026-07-24 09:49:00,23771.4,1.0053542496755268,2.9266389393250067,23771.938647120023,TRENDING_BULL,-0.0089585734531283,0.25,7.983192802763175e-06,0.2689483131927451,0.268949988238552,7.983192802763175e-06,0.0,NEUTRAL,0.4621016985687028,,,0.0,0.0,0.0,0.0,0.0,100.0,0.999936900289838,0.0,0.0,60.74254412658803,54.54246826096236,8.067857142856935,0.0,0.999936900289838,-0.015706294029951
NIFTY,2026-07-24T09:49:00,23771.4,1.0053542496755268,2.9266389393250067,23771.88493357888,TRENDING_BULL,-0.0089585734531283,0.25,-5.452524211563911e-06,0.2689483528528992,0.2689500375381368,-5.452524211563911e-06,0.000247415097855,NEUTRAL,0.4621016096089638,0.0002818358873834,True,0.0,0.0,0.0,0.0,0.0,100.0,0.999936900289838,0.0,0.0,60.74254412658803,54.54246826096236,8.067857142856935,0.0,0.999936900289838,-0.015706294029951
NIFTY,2026-07-24 09:50:00,23773.9,1.0,-0.9186978858278688,23772.37227106424,TRENDING_BEAR,-0.0088643776252865,0.2,-0.0002340687934332,0.268941528918587,0.2689417389717944,-0.0002340687934332,0.0207329123354144,NEUTRAL,0.4621167321096185,,,0.0,0.0,0.0,0.0,0.0,100.0,0.9996340971030588,0.0,0.0,39.89681857265174,14.09594421509585,18.046428571428937,0.0,0.9996340971030588,-0.0141179993748664
NIFTY,2026-07-24 09:50:00,23773.1,1.0,-1.8322032947264173,23771.389729316936,TRENDING_BEAR,-0.0089215608313679,0.2,-0.0003173578858897,0.2689415290493445,0.2689418302820578,-0.0003173578858897,0.0758064846654087,NEUTRAL,0.4621166406685976,,,0.0,0.0,0.0,0.0,0.0,100.0,0.9995331583728676,0.0,0.0,39.480519480512775,14.09594421509585,17.98928571428587,0.0,0.9995331583728676,-0.0141179993748664
NIFTY,2026-07-24 09:52:00,23775.15,1.0001462980320477,-2.095823501158258,23775.17555491327,TRENDING_BULL,-0.0097336573526263,0.25,-2.9347812729255777e-05,0.2689448193925732,0.268958622759602,-2.9347812729255777e-05,0.0018200652646971,NEUTRAL,0.4620965578478248,,,0.0008333333333333,0.1666666666666666,16.666666666666664,16.666666666666664,0.0,83.33333333333334,1.0007004745557355,0.0,0.0,66.15491974876655,54.69083068207663,7.221428571428468,0.0,1.0007004745557355,-0.0152941010892391
NIFTY,2026-07-24 09:50:00,23775.15,1.0,0.5086543155709204,23772.21756984696,TRENDING_BEAR,-0.0084320912137627,0.2,1.3011383303130024e-05,0.2689415695602108,0.2689417345119172,1.3011383303130024e-05,0.0,NEUTRAL,0.4621166959278719,,,0.0,0.0,0.0,0.0,0.0,100.0,0.9997918138689816,0.0,0.0,40.53594215227045,14.09594421509585,18.3357142857146,0.0,0.9997918138689816,-0.0142198149114847
NIFTY,2026-07-24 09:52:00,23775.15,1.0001462980320477,-2.095823501158258,23775.33644637597,TRENDING_BULL,-0.0097336573526263,0.25,-5.79654410608316e-05,0.2689448370179577,0.2689589434631711,-5.79654410608316e-05,0.0016317552705677,NEUTRAL,0.4620962195188712,,,0.0,0.0,0.0,0.0,0.0,100.0,1.0007004745557355,0.0,0.0,66.15491974876655,54.69083068207663,7.221428571428468,0.0,1.0007004745557355,-0.0152941010892391
NIFTY,2026-07-24 09:50:00,23775.15,1.0,0.5086543155709204,23772.490392722026,TRENDING_BEAR,-0.0084320912137627,0.2,-0.0003031957903566,0.2689415433525032,0.2689416791321933,-0.0003031957903566,0.040917865684944,NEUTRAL,0.4621167775153033,,,0.0,0.0,0.0,0.0,0.0,100.0,0.9997918138689816,0.0,0.0,40.53594215227045,14.09594421509585,18.3357142857146,0.0,0.9997918138689816,-0.0142198149114847
NIFTY,2026-07-24 09:45:00,23774.85,1.0,2.55577889512014,23780.05503475849,TRENDING_BEAR,-0.008697448298335,0.2,8.622730417901127e-05,0.2689415528683641,0.2697268016944835,8.622730417901127e-05,0.0,NEUTRAL,0.4613316454371524,-0.0006032263149597,True,-0.0008333333333333,0.1666666666666666,16.666666666666664,0.0,16.666666666666664,83.33333333333334,0.9971572524729588,0.0,0.0,64.46418656301691,36.70893360704191,38.90357142857128,0.0,0.9971572524729588,-0.015241752192378
NIFTY,2026-07-24T09:54:00,23778.75,1.0000132718580377,-1.2465768904815544,23778.58399240014,TRENDING_BULL,-0.0090370764955878,0.25,-3.5898595663230086e-05,0.2689453933464162,0.2689564441242453,-3.5898595663230086e-05,0.0013906901985939,NEUTRAL,0.4620981625293384,0.0003953001337291,True,0.0,0.0,0.0,0.0,0.0,100.0,1.0007634807994044,0.0,0.0,67.77620396599156,55.80883316211143,6.978571428571221,0.0,1.0007634807994044,-0.015126933529973
NIFTY,2026-07-24T09:50:00,23778.05,1.0,3.8201114228136186,23773.964139577736,TRENDING_BEAR,-0.0086410054937005,0.2,-0.0003041051739291,0.2689416480668286,0.2689416160216968,-0.0003041051739291,0.0,NEUTRAL,0.4621167359114745,0.0066423038428218,False,0.0,0.0,0.0,0.0,0.0,100.0,1.000157716765923,0.0,0.0,41.96762141967,14.09594421509585,18.58928571428597,0.0,1.000157716765923,-0.0142401169985532
NIFTY,2026-07-24 04:00:00,88.92,1.5,-3.548660614317649,88.94893649148928,TRANSITION,-0.0070960987359285,0.2,-0.0071522212625533,0.2889466814244771,0.3270527135998608,-0.0071522212625533,0.1403616792942476,NEUTRAL,0.3840006049756621,-0.0017962226556233,True,-0.0008333333333333,0.1666666666666666,16.666666666666664,0.0,16.666666666666664,83.33333333333334,1.0,0.0,0.0,,,,,1.0,-0.0121195256710052
NIFTY,2026-07-24 09:55:00,23777.1,1.0000039974068222,-3.588519336496365,23777.63112631301,TRENDING_BULL,-0.0097336573526263,0.25,-0.0001013452360532,0.2689439454060115,0.268961309477313,-0.0001013452360532,0.04067001696826,NEUTRAL,0.4620947451166754,,,0.0,0.0,0.0,0.0,0.0,100.0,1.0003407026044815,0.0,0.0,64.89208633092008,56.72737047687495,7.142857142857143,0.0,1.0003407026044815,-0.0152383066713809
NIFTY,2026-07-24 09:45:00,23786.75,1.0,16.144171852438273,23787.91149834606,TRENDING_BEAR,-0.008039204403758,0.2,0.0007529907177446,0.2717549686071053,0.2689787844748684,0.0007529907177446,0.0724576213377582,NEUTRAL,0.4592662469180262,-0.0006032263149597,True,0.0008333333333333,0.1666666666666666,16.666666666666664,16.666666666666664,0.0,83.33333333333334,0.9986574163564084,0.0,0.0,65.96348165218598,36.72059529994295,38.93928571428556,0.0,0.9986574163564084,-0.0141113609075546
NIFTY,2026-07-24 09:55:00,23777.5,1.0,-3.014718003252735,23775.12382935336,TRENDING_BEAR,-0.0089585734531283,0.2,-0.0005819071446358,0.2689414953358416,0.268941823919547,-0.0005819071446358,0.0631885243009227,NEUTRAL,0.4621166807446114,,,0.0008333333333333,0.1666666666666666,16.666666666666664,16.666666666666664,0.0,83.33333333333334,1.0026645451331009,0.0,0.0,44.66437177279937,13.177934349717534,18.057142857143067,0.0,1.0026645451331009,-0.0153499748557806
NIFTY,2026-07-24T09:56:00,23774.95,1.0000012039957975,-2.31726465976816,23776.41903818018,TRENDING_BULL,-0.0089095653966069,0.25,2.707407318068281e-05,0.2689449130790545,0.2689605933264468,2.707407318068281e-05,0.0025819856875722,NEUTRAL,0.4620944935944988,,,0.0,0.0,0.0,0.0,0.0,100.0,0.999772887379478,0.0,0.0,62.52646436131465,56.73371945845431,7.442857142856675,0.0,0.999772887379478,-0.0153499748557806
NIFTY,2026-07-24T09:57:00,23777.5,1.0000003626365654,-0.2190406809056555,23777.75352223685,TRENDING_BULL,-0.0097336573526263,0.25,-2.7529412111132822e-06,0.2689459077413105,0.2689547955740112,-2.7529412111132822e-06,0.0013454041936172,NEUTRAL,0.4620992966846782,,,0.0,0.0,0.0,0.0,0.0,100.0,1.0003217672382063,0.0,0.0,63.25088339221363,57.21582122193562,7.724999999999584,0.0,1.0003217672382063,-0.0152941010892391
NIFTY,2026-07-24 09:55:00,23777.5,1.0,-3.014718003252735,23775.712666941592,TRENDING_BEAR,-0.0089585734531283,0.2,-0.0004469788055668,0.2689415029749421,0.2689418711788012,-0.0004469788055668,0.0766755416542027,NEUTRAL,0.4621166258462567,,,0.0,0.0,0.0,0.0,0.0,100.0,1.0026645451331009,0.0,0.0,44.66437177279937,13.177934349717534,18.057142857143067,0.0,1.0026645451331009,-0.0153499748557806
NIFTY,2026-07-24 09:59:00,23788.8,1.0000000328976468,0.4273859112997191,23786.832953428224,TRENDING_BULL,-0.0103163756430149,0.25,-6.090182802251072e-05,0.2689463713375939,0.268954178045674,-6.090182802251072e-05,0.0007450024513678,NEUTRAL,0.462099450616732,,,0.0,0.0,0.0,0.0,0.0,100.0,1.0011859004011874,0.0,0.0,50.04975124376644,57.21656353065109,6.892857142856883,0.0,1.0011859004011874,-0.0173274222761392
NIFTY,2026-07-24 09:55:00,23787.0,1.0,7.833158727378061,23780.93033670587,TRENDING_BEAR,-0.0098973838612437,0.2,-6.426254634187249e-05,0.2689418053176868,0.2689415275347919,-6.426254634187249e-05,0.0,NEUTRAL,0.4621166671475212,,,0.0,0.0,0.0,0.0,0.0,100.0,1.0038642218517957,0.0,0.0,48.81050041016601,13.229189262417847,18.83214285714322,0.0,1.0038642218517957,-0.0154123429208993
NIFTY,2026-07-24 09:59:00,23787.0,1.0000000328976468,-1.6280012587137065,23786.074433937298,TRENDING_BULL,-0.0096365679055452,0.25,-7.430874737763486e-05,0.2689449801530113,0.2689588862664924,-7.430874737763486e-05,0.0014785716362155,NEUTRAL,0.4620961335804963,,,0.0,0.0,0.0,0.0,0.0,100.0,1.0009588130903218,0.0,0.0,48.212461695593866,57.608408714837005,7.48928571428561,0.0,1.0009588130903218,-0.0171829015016555
BANKNIFTY,2026-07-24 09:45:00,56755.4,1.0,76.65916586763743,56742.83156485449,TRENDING_BULL,229.97749760291228,0.25,0.0023076226136804,0.2691883496019678,0.268961143909996,0.0023076226136804,0.1600620385347046,NEUTRAL,0.4618505064880361,,,0.0008333333333333,0.1666666666666666,16.666666666666664,16.666666666666664,0.0,83.33333333333334,0.998388684514994,0.0,0.0,72.29356988393042,48.208648486793415,139.5107142857149,0.0,0.998388684514994,383.2958293381871
NIFTY,2026-07-24 09:45:00,23784.65,1.0,13.74622015408997,23786.473835185257,TRENDING_BEAR,-0.0090619157999753,0.2,0.0004276126055141,0.2689421883325396,0.268941696305112,0.0004276126055141,0.030583822116866,NEUTRAL,0.4621161153623483,,,0.0,0.0,0.0,0.0,0.0,100.0,0.9983926815534472,0.0,0.0,65.7081621718132,36.72059529994295,38.93928571428556,0.0,0.9983926815534472,-0.0141113609075546
NIFTY,2026-07-24 09:45:00,23787.0,1.0,16.429642292718032,23786.40068292758,TRENDING_BEAR,-0.008039204403758,0.2,0.0013006568159097,0.2696245643639313,0.2689632949411663,0.0013006568159097,0.1147880051357992,NEUTRAL,0.4614121406949023,-0.0006032263149597,True,0.0008333333333333,0.1666666666666666,16.666666666666664,16.666666666666664,0.0,83.33333333333334,0.9986889324043802,0.0,0.0,65.99362380445999,36.78163727442863,39.12857142857138,0.0,0.9986889324043802,-0.0141113609075546
NIFTY,2026-07-24 09:55:00,23787.0,1.0,7.833158727378061,23781.02174347269,TRENDING_BEAR,-0.0098973838612437,0.2,-9.463411016526716e-05,0.2689418227313239,0.2689415323498087,-9.463411016526716e-05,0.0,NEUTRAL,0.4621166449188673,,,0.0,0.0,0.0,0.0,0.0,100.0,1.0038642218517957,0.0,0.0,48.81050041016601,13.229189262417847,18.83214285714322,0.0,1.0038642218517957,-0.0154123429208993
NIFTY,2026-07-24 09:55:00,23787.0,1.0,7.833158727378061,23781.77088372001,TRENDING_BEAR,-0.0098973838612437,0.2,-3.8170115283763576e-05,0.2689418094467158,0.2689415286765031,-3.8170115283763576e-05,0.0,NEUTRAL,0.462116661876781,,,0.0,0.0,0.0,0.0,0.0,100.0,1.0038642218517957,0.0,0.0,48.81050041016601,13.229189262417847,18.83214285714322,0.0,1.0038642218517957,-0.0154123429208993
NIFTY,2026-07-24 09:55:00,23787.0,1.0,7.833158727378061,23781.462261705805,TRENDING_BEAR,-0.0098973838612437,0.2,7.106774149288906e-05,0.2689418289740302,0.2689415340759694,7.106774149288906e-05,0.015331721854121,NEUTRAL,0.4621166369500004,,,0.0,0.0,0.0,0.0,0.0,100.0,1.0038642218517957,0.0,0.0,48.81050041016601,13.229189262417847,18.83214285714322,0.0,1.0038642218517957,-0.0154123429208993
NIFTY,2026-07-24 09:59:00,23787.0,1.0000000328976468,-1.6280012587137065,23786.06864418359,TRENDING_BULL,-0.0096365679055452,0.25,-4.5333770277484464e-05,0.2689449149086707,0.2689585660716584,-4.5333770277484464e-05,0.0016786928498005,NEUTRAL,0.4620965190196708,,,0.0,0.0,0.0,0.0,0.0,100.0,1.0009588130903218,0.0,0.0,48.212461695593866,57.608408714837005,7.48928571428561,0.0,1.0009588130903218,-0.0171829015016555
NIFTY,2026-07-24 09:55:00,23787.0,1.0,7.833158727378061,23781.143246054045,TRENDING_BEAR,-0.0098973838612437,0.2,9.135352732092897e-05,0.2689417807908756,0.2689415207529224,9.135352732092897e-05,0.0182218626165602,NEUTRAL,0.4621166984562019,,,0.0,0.0,0.0,0.0,0.0,100.0,1.0038642218517957,0.0,0.0,48.81050041016601,13.229189262417847,18.83214285714322,0.0,1.0038642218517957,-0.0154123429208993
NIFTY,2026-07-24 09:59:00,23787.0,1.0000000328976468,-1.6280012587137065,23786.00094945068,TRENDING_BULL,-0.0096365679055452,0.25,-6.382805336900019e-05,0.2689449478461547,0.2689587277164931,-6.382805336900019e-05,0.0015476653785405,NEUTRAL,0.4620963244373521,,,0.0,0.0,0.0,0.0,0.0,100.0,1.0009588130903218,0.0,0.0,48.212461695593866,57.608408714837005,7.48928571428561,0.0,1.0009588130903218,-0.0171829015016555
NIFTY,2026-07-24 09:59:00,23787.0,1.0000000328976468,-1.6280012587137065,23786.026771494224,TRENDING_BULL,-0.0096365679055452,0.25,-5.021923591065327e-05,0.2689449202842419,0.2689585924529457,-5.021923591065327e-05,0.0016425867416028,NEUTRAL,0.4620964872628122,,,0.0,0.0,0.0,0.0,0.0,100.0,1.0009588130903218,0.0,0.0,48.212461695593866,57.608408714837005,7.48928571428561,0.0,1.0009588130903218,-0.0171829015016555
NIFTY,2026-07-24 09:55:00,23787.0,1.0,7.833158727378061,23780.433927427013,TRENDING_BEAR,-0.0098973838612437,0.2,-0.0009032905511876,0.2689419985345476,0.2689415809608682,-0.0009032905511876,0.0,NEUTRAL,0.4621164205045842,,,0.0,0.0,0.0,0.0,0.0,100.0,1.0038642218517957,0.0,0.0,48.81050041016601,13.229189262417847,18.83214285714322,0.0,1.0038642218517957,-0.0154123429208993
NIFTY,2026-07-24 09:55:00,23787.0,1.0,7.833158727378061,23780.28144661825,TRENDING_BEAR,-0.0098973838612437,0.2,-0.0002386811460459,0.2689418364294701,0.2689415361374611,-0.0002386811460459,0.0,NEUTRAL,0.4621166274330688,,,0.0,0.0,0.0,0.0,0.0,100.0,1.0038642218517957,0.0,0.0,48.81050041016601,13.229189262417847,18.83214285714322,0.0,1.0038642218517957,-0.0154123429208993
NIFTY,2026-07-24 09:55:00,23787.0,1.0,7.833158727378061,23781.802961728245,TRENDING_BEAR,-0.0098973838612437,0.2,-0.0001103414064336,0.2689418196873376,0.268941531508121,-0.0001103414064336,0.0,NEUTRAL,0.4621166488045413,,,0.0,0.0,0.0,0.0,0.0,100.0,1.0038642218517957,0.0,0.0,48.81050041016601,13.229189262417847,18.83214285714322,0.0,1.0038642218517957,-0.0154123429208993
NIFTY,2026-07-24 09:55:00,23787.0,1.0,7.833158727378061,23780.704136185017,TRENDING_BEAR,-0.0098973838612437,0.2,3.111388118322373e-05,0.2689417941288505,0.2689415244409846,3.111388118322373e-05,0.0004775073662778,NEUTRAL,0.4621166814301648,,,0.0,0.0,0.0,0.0,0.0,100.0,1.0038642218517957,0.0,0.0,48.81050041016601,13.229189262417847,18.83214285714322,0.0,1.0038642218517957,-0.0154123429208993
NIFTY,2026-07-24 09:55:00,23787.0,1.0,7.833158727378061,23780.68727840725,TRENDING_BEAR,-0.0098973838612437,0.2,-6.661487292108251e-06,0.2689418093022866,0.2689415286365672,-6.661487292108251e-06,0.0,NEUTRAL,0.4621166620611462,,,0.0,0.0,0.0,0.0,0.0,100.0,1.0038642218517957,0.0,0.0,48.81050041016601,13.229189262417847,18.83214285714322,0.0,1.0038642218517957,-0.0154123429208993
NIFTY,2026-07-24 09:59:00,23787.0,1.0000000328976468,-1.6280012587137065,23785.968628550017,TRENDING_BULL,-0.0096365679055452,0.25,-7.988613727002704e-05,0.2689449985951158,0.2689587355284604,-7.988613727002704e-05,0.0014102986447808,NEUTRAL,0.4620962658764238,,,0.0008333333333333,0.1666666666666666,16.666666666666664,16.666666666666664,0.0,83.33333333333334,1.0009588130903218,0.0,0.0,48.212461695593866,57.608408714837005,7.48928571428561,0.0,1.0009588130903218,-0.0171829015016555
NIFTY,2026-07-24 09:55:00,23787.0,1.0,7.833158727378061,23781.70757365676,TRENDING_BEAR,-0.0098973838612437,0.2,-2.1151765528499635e-05,0.270552499795154,0.2689415372112183,-2.1151765528499635e-05,0.0034783592248299,NEUTRAL,0.4605059629936276,,,0.0,0.0,0.0,0.0,0.0,100.0,1.0038642218517957,0.0,0.0,48.81050041016601,13.229189262417847,18.83214285714322,0.0,1.0038642218517957,-0.0154123429208993
NIFTY,2026-07-23 15:00:00,64611.15,1.0,-2205.5422141412328,65214.38596763257,TRANSITION,-0.0046164435334503,0.2,0.0023766367609472,0.3118617675994414,0.2997002203404236,0.0023766367609472,0.0585879987742823,NEUTRAL,0.388438012060135,,,0.0008333333333333,0.1666666666666666,16.666666666666664,16.666666666666664,0.0,83.33333333333334,1.0,0.0,0.0,,,,,1.0,0.0002691778354346
NIFTY,2026-07-23 18:30:00,14.03,1.0,0.5659261731584636,13.692934934931,TRANSITION,-0.0129909887909889,0.2,0.0080336142175084,0.3334718375744366,0.2875282542241751,0.0080336142175084,0.0948407986778833,NEUTRAL,0.3789999082013882,,,-0.0008333333333333,0.1666666666666666,16.666666666666664,0.0,16.666666666666664,83.33333333333334,1.0,0.0,0.0,,,,,1.0,-0.0145153686404228
NIFTY,2026-07-24 04:00:00,28697.0,1.5,-11.071444012505708,28769.45468111674,TRANSITION,0.0009588850662112,0.2,-0.0020064828172473,0.2692533703867419,0.2781223468293969,-0.0020064828172473,0.1413378990088591,NEUTRAL,0.4526242827838611,,,0.0008333333333333,0.1666666666666666,16.666666666666664,16.666666666666664,0.0,83.33333333333334,1.0,0.0,0.0,,,,,1.0,-0.0065582077950239
NIFTY,2026-07-24 09:55:00,23787.0,1.0,7.833158727378061,23780.331986369027,TRENDING_BEAR,-0.0098973838612437,0.2,-0.0002837865827024,0.2689418397647535,0.2689415370596949,-0.0002837865827024,0.0,NEUTRAL,0.4621166231755516,,,0.0,0.0,0.0,0.0,0.0,100.0,1.0038642218517957,0.0,0.0,48.81050041016601,13.229189262417847,18.83214285714322,0.0,1.0038642218517957,-0.0154123429208993
NIFTY,2026-07-24 09:59:00,23787.0,1.0000000328976468,-1.6280012587137065,23785.98299514249,TRENDING_BULL,-0.0096365679055452,0.25,-7.882331258140572e-05,0.2689449945157884,0.2689587157837543,-7.882331258140572e-05,0.0014170953973011,NEUTRAL,0.4620962897004572,,,0.0008333333333333,0.1666666666666666,16.666666666666664,16.666666666666664,0.0,83.33333333333334,1.0009588130903218,0.0,0.0,48.212461695593866,57.608408714837005,7.48928571428561,0.0,1.0009588130903218,-0.0171829015016555
NIFTY,2026-07-24 04:00:00,91.66,1.5,,,TRANSITION,-0.0003966720541939,0.2,0.0018900561262116,0.3081401419907179,0.2946870407785922,0.0018900561262116,0.0580137295462795,NEUTRAL,0.3971728172306898,-0.0017962226556233,True,-0.0008333333333333,0.1666666666666666,16.666666666666664,0.0,16.666666666666664,83.33333333333334,1.0,0.0,0.0,0.0,20.0,,1.0,1.0,0.0024414148181676
NIFTY,2026-07-24 09:55:00,23787.0,1.0,7.833158727378061,23781.143807203323,TRENDING_BEAR,-0.0098973838612437,0.2,5.969351361124725e-05,0.268941795314338,0.2689415247687819,5.969351361124725e-05,0.0,NEUTRAL,0.46211667991688,,,0.0,0.0,0.0,0.0,0.0,100.0,1.0038642218517957,0.0,0.0,48.81050041016601,13.229189262417847,18.83214285714322,0.0,1.0038642218517957,-0.0154123429208993
NIFTY,2026-07-24 09:59:00,23787.0,1.0000000328976468,-1.6280012587137065,23786.29542251443,TRENDING_BULL,-0.0096365679055452,0.25,-5.927777126706565e-05,0.2689449366800684,0.2689586729175185,-5.927777126706565e-05,0.0015786076268342,NEUTRAL,0.4620963904024129,,,0.0,0.0,0.0,0.0,0.0,100.0,1.0009588130903218,0.0,0.0,48.212461695593866,57.608408714837005,7.48928571428561,0.0,1.0009588130903218,-0.0171829015016555
NIFTY,2026-07-24 09:55:00,23787.0,1.0,7.833158727378061,23781.07415938438,TRENDING_BEAR,-0.0098973838612437,0.2,5.7056880806298616e-06,0.2689417912220505,0.26894152363723,5.7056880806298616e-06,0.0,NEUTRAL,0.4621166851407194,,,0.0,0.0,0.0,0.0,0.0,100.0,1.0038642218517957,0.0,0.0,48.81050041016601,13.229189262417847,18.83214285714322,0.0,1.0038642218517957,-0.0154123429208993
NIFTY,2026-07-24 09:55:00,23787.0,1.0,7.833158727378061,23781.85958150722,TRENDING_BEAR,-0.0098973838612437,0.2,7.576467496836977e-05,0.2689417947085848,0.2689415227177084,7.576467496836977e-05,0.0088094266778123,NEUTRAL,0.4621166825737068,,,0.0008333333333333,0.1666666666666666,16.666666666666664,16.666666666666664,0.0,83.33333333333334,1.0038642218517957,0.0,0.0,48.81050041016601,13.229189262417847,18.83214285714322,0.0,1.0038642218517957,-0.0154123429208993
NIFTY,2026-07-23 16:00:00,24963.23,1.0,-198.7324144200511,25031.660176582904,TRANSITION,-0.0123516973108053,0.2,-0.0336912911292044,0.2710606513563926,0.3714665128902836,-0.0336912911292044,0.25,NEUTRAL,0.3574728357533236,,,0.0008333333333333,0.1666666666666666,16.666666666666664,16.666666666666664,0.0,83.33333333333334,1.0,0.0,0.0,,,,,1.0,-0.0141293887048959
NIFTY,2026-07-24 09:59:00,23787.0,1.0000000328976468,-1.6280012587137065,23786.215724421927,TRENDING_BULL,-0.0096365679055452,0.25,-7.674274617321992e-05,0.2689449888361526,0.2689589288801181,-7.674274617321992e-05,0.0014628379788635,NEUTRAL,0.4620960822837293,,,0.0,0.0,0.0,0.0,0.0,100.0,1.0009588130903218,0.0,0.0,48.212461695593866,57.608408714837005,7.48928571428561,0.0,1.0009588130903218,-0.0171829015016555
NIFTY,2026-07-24 09:45:00,23787.0,1.0,16.429642292718032,23787.06994514529,TRENDING_BEAR,-0.008039204403758,0.2,0.0004931227545547,0.2689424881256812,0.2689432635227476,0.0004931227545547,0.0,NEUTRAL,0.4621142483515711,,,0.0,0.0,0.0,0.0,0.0,100.0,0.9986889324043802,0.0,0.0,65.99362380445999,36.78163727442863,39.12857142857138,0.0,0.9986889324043802,-0.0141113609075546
NIFTY,2026-07-24 09:59:00,23787.0,1.0000000328976468,-1.6280012587137065,23786.40463235332,TRENDING_BULL,-0.0096365679055452,0.25,-6.0731587494464825e-05,0.2689449397335645,0.2689586879029346,-6.0731587494464825e-05,0.0016112354670089,NEUTRAL,0.4620963723635009,,,0.0,0.0,0.0,0.0,0.0,100.0,1.0009588130903218,0.0,0.0,48.212461695593866,57.608408714837005,7.48928571428561,0.0,1.0009588130903218,-0.0171829015016555
NIFTY,2026-07-24 04:00:00,28643.5,1.5,-72.16915882216995,28725.783556546245,TRANSITION,0.001136363716796,0.2,-0.0119186981013594,0.2689464440089325,0.3772471662868777,-0.0119186981013594,0.1669305123613914,NEUTRAL,0.3538063897041897,-0.0017962226556233,True,0.0008333333333333,0.1666666666666666,16.666666666666664,16.666666666666664,0.0,83.33333333333334,1.0,0.0,0.0,,,,,1.0,-0.0050486125051975
NIFTY,2026-07-24 09:55:00,23787.0,1.0,7.833158727378061,23781.95189486963,TRENDING_BEAR,-0.0098973838612437,0.2,-0.0001755733051356,0.2689418371803487,0.2689415363450853,-0.0001755733051356,0.0,NEUTRAL,0.462116626474566,,,0.0,0.0,0.0,0.0,0.0,100.0,1.0038642218517957,0.0,0.0,48.81050041016601,13.229189262417847,18.83214285714322,0.0,1.0038642218517957,-0.0154123429208993
NIFTY,2026-07-24 09:55:00,23787.0,1.0,7.833158727378061,23781.10905979086,TRENDING_BEAR,-0.0098973838612437,0.2,-0.000238333492212,0.2689418343779802,0.2689415355702069,-0.000238333492212,0.0,NEUTRAL,0.4621166300518128,,,0.0,0.0,0.0,0.0,0.0,100.0,1.0038642218517957,0.0,0.0,48.81050041016601,13.229189262417847,18.83214285714322,0.0,1.0038642218517957,-0.0154123429208993
NIFTY,2026-07-24 09:55:00,23787.0,1.0,7.833158727378061,23781.15670075076,TRENDING_BEAR,-0.0098973838612437,0.2,-3.02873551608981e-05,0.2689418075719926,0.2689415281581264,-3.02873551608981e-05,0.0042652564003497,NEUTRAL,0.462116664269881,,,0.0,0.0,0.0,0.0,0.0,100.0,1.0038642218517957,0.0,0.0,48.81050041016601,13.229189262417847,18.83214285714322,0.0,1.0038642218517957,-0.0154123429208993
NIFTY,2026-07-24 09:55:00,23787.0,1.0,7.833158727378061,23781.612944990065,TRENDING_BEAR,-0.0098973838612437,0.2,-0.0001974948941503,0.2689418410222764,0.2689415374074105,-0.0001974948941503,0.0,NEUTRAL,0.4621166215703131,,,0.0,0.0,0.0,0.0,0.0,100.0,1.0038642218517957,0.0,0.0,48.81050041016601,13.229189262417847,18.83214285714322,0.0,1.0038642218517957,-0.0154123429208993
NIFTY,2026-07-24 09:55:00,23787.0,1.0,7.833158727378061,23781.545953479097,TRENDING_BEAR,-0.0098973838612437,0.2,-0.0001729039148989,0.2689418454774933,0.2689415386393153,-0.0001729039148989,0.0,NEUTRAL,0.4621166158831914,,,0.0,0.0,0.0,0.0,0.0,100.0,1.0038642218517957,0.0,0.0,48.81050041016601,13.229189262417847,18.83214285714322,0.0,1.0038642218517957,-0.0154123429208993
NIFTY,2026-07-24 09:55:00,23787.0,1.0,7.833158727378061,23780.73564102088,TRENDING_BEAR,-0.0098973838612437,0.2,-0.0001591785335799,0.2689418319082544,0.268941534887307,-0.0001591785335799,0.0,NEUTRAL,0.4621166332044386,,,0.0,0.0,0.0,0.0,0.0,100.0,1.0038642218517957,0.0,0.0,48.81050041016601,13.229189262417847,18.83214285714322,0.0,1.0038642218517957,-0.0154123429208993
NIFTY,2026-07-24 09:55:00,23787.0,1.0,7.833158727378061,23780.9255752544,TRENDING_BEAR,-0.0098973838612437,0.2,-0.0001209165004922,0.2689418472538702,0.2689415391304984,-0.0001209165004922,0.0,NEUTRAL,0.4621166136156313,,,0.0,0.0,0.0,0.0,0.0,100.0,1.0038642218517957,0.0,0.0,48.81050041016601,13.229189262417847,18.83214285714322,0.0,1.0038642218517957,-0.0154123429208993
NIFTY,2026-07-24 09:55:00,23787.0,1.0,7.833158727378061,23781.83720242319,TRENDING_BEAR,-0.0098973838612437,0.2,-5.971897218478195e-05,0.2689418172146175,0.2689415308243931,-5.971897218478195e-05,0.0,NEUTRAL,0.4621166519609893,,,0.0,0.0,0.0,0.0,0.0,100.0,1.0038642218517957,0.0,0.0,48.81050041016601,13.229189262417847,18.83214285714322,0.0,1.0038642218517957,-0.0154123429208993
NIFTY,2026-07-24 09:55:00,23787.0,1.0,7.833158727378061,23781.01153749445,TRENDING_BEAR,-0.0098973838612437,0.2,5.7535359855234746e-05,0.2689417852785838,0.2689415219938115,5.7535359855234746e-05,0.0113312223150383,NEUTRAL,0.4621166927276047,,,0.0,0.0,0.0,0.0,0.0,100.0,1.0038642218517957,0.0,0.0,48.81050041016601,13.229189262417847,18.83214285714322,0.0,1.0038642218517957,-0.0154123429208993
NIFTY,2026-07-24 09:55:00,23787.0,1.0,7.833158727378061,23781.475219971988,TRENDING_BEAR,-0.0098973838612437,0.2,2.725008852709233e-05,0.26894181457976,0.2689415300958329,2.725008852709233e-05,0.0115892010497469,NEUTRAL,0.4621166553244071,,,0.0,0.0,0.0,0.0,0.0,100.0,1.0038642218517957,0.0,0.0,48.81050041016601,13.229189262417847,18.83214285714322,0.0,1.0038642218517957,-0.0154123429208993
NIFTY,2026-07-24 09:59:00,23787.0,1.0000000328976468,-1.6280012587137065,23786.03468102877,TRENDING_BULL,-0.0096365679055452,0.25,-5.370401927932732e-05,0.2689449256319108,0.2689586186972995,-5.370401927932732e-05,0.0016175541577872,NEUTRAL,0.4620964556707897,,,0.0,0.0,0.0,0.0,0.0,100.0,1.0009588130903218,0.0,0.0,48.212461695593866,57.608408714837005,7.48928571428561,0.0,1.0009588130903218,-0.0171829015016555
NIFTY,2026-07-24 09:55:00,23787.0,1.0,7.833158727378061,23781.70234918368,TRENDING_BEAR,-0.0098973838612437,0.2,-0.0001245734186879,0.26894183526981,0.2689415358168053,-0.0001245734186879,0.0,NEUTRAL,0.4621166289133845,,,0.0,0.0,0.0,0.0,0.0,100.0,1.0038642218517957,0.0,0.0,48.81050041016601,13.229189262417847,18.83214285714322,0.0,1.0038642218517957,-0.0154123429208993
NIFTY,2026-07-24 09:59:00,23787.0,1.0000000328976468,-1.6280012587137065,23785.7940598358,TRENDING_BULL,-0.0096365679055452,0.25,-7.669534902529637e-05,0.2689449886631785,0.2689589280312255,-7.669534902529637e-05,0.0014631435465334,NEUTRAL,0.4620960833055959,,,0.0,0.0,0.0,0.0,0.0,100.0,1.0009588130903218,0.0,0.0,48.212461695593866,57.608408714837005,7.48928571428561,0.0,1.0009588130903218,-0.0171829015016555
NIFTY,2026-07-24 09:59:00,23787.0,1.0000000328976468,-1.6280012587137065,23785.89690962638,TRENDING_BULL,-0.0096365679055452,0.25,-4.449076222663228e-05,0.2689449142382211,0.268958562781344,-4.449076222663228e-05,0.0016850522168917,NEUTRAL,0.4620965229804347,,,0.0,0.0,0.0,0.0,0.0,100.0,1.0009588130903218,0.0,0.0,48.212461695593866,57.608408714837005,7.48928571428561,0.0,1.0009588130903218,-0.0171829015016555
NIFTY,2026-07-24 09:59:00,23787.0,1.0000000328976468,-1.6280012587137065,23785.71332463371,TRENDING_BULL,-0.0096365679055452,0.25,-9.209527951750714e-05,0.2689448950992242,0.2689584688543388,-9.209527951750714e-05,0.0166464555278405,NEUTRAL,0.4620966360464371,,,0.0,0.0,0.0,0.0,0.0,100.0,1.0009588130903218,0.0,0.0,48.212461695593866,57.608408714837005,7.48928571428561,0.0,1.0009588130903218,-0.0171829015016555
NIFTY,2026-07-24 09:55:00,23787.0,1.0,7.833158727378061,23781.200540006645,TRENDING_BEAR,-0.0098973838612437,0.2,-0.0001820945475289,0.2689418214283897,0.2689415319895365,-0.0001820945475289,0.0,NEUTRAL,0.4621166465820738,,,0.0,0.0,0.0,0.0,0.0,100.0,1.0038642218517957,0.0,0.0,48.81050041016601,13.229189262417847,18.83214285714322,0.0,1.0038642218517957,-0.0154123429208993
NIFTY,2026-07-24 09:55:00,23787.0,1.0,7.833158727378061,23781.02003761071,TRENDING_BEAR,-0.0098973838612437,0.2,-6.635973222928736e-05,0.2689418183825843,0.2689415311473458,-6.635973222928736e-05,0.0,NEUTRAL,0.4621166504700698,,,0.0,0.0,0.0,0.0,0.0,100.0,1.0038642218517957,0.0,0.0,48.81050041016601,13.229189262417847,18.83214285714322,0.0,1.0038642218517957,-0.0154123429208993
NIFTY,2026-07-24 09:55:00,23787.0,1.0,7.833158727378061,23780.293213174045,TRENDING_BEAR,-0.0098973838612437,0.2,-0.0001733214669021,0.2689418408656986,0.2689415373641154,-0.0001733214669021,0.0,NEUTRAL,0.4621166217701859,,,0.0,0.0,0.0,0.0,0.0,100.0,1.0038642218517957,0.0,0.0,48.81050041016601,13.229189262417847,18.83214285714322,0.0,1.0038642218517957,-0.0154123429208993
NIFTY,2026-07-24 09:55:00,23787.0,1.0,7.833158727378061,23781.228175655604,TRENDING_BEAR,-0.0098973838612437,0.2,-0.0002703008465619,0.2689418452969752,0.2689415385894006,-0.0002703008465619,0.0,NEUTRAL,0.4621166161136242,,,0.0,0.0,0.0,0.0,0.0,100.0,1.0038642218517957,0.0,0.0,48.81050041016601,13.229189262417847,18.83214285714322,0.0,1.0038642218517957,-0.0154123429208993
NIFTY,2026-07-24 09:59:00,23787.0,1.0000000328976468,-1.6280012587137065,23786.199262238653,TRENDING_BULL,-0.0096365679055452,0.25,-7.795748162777783e-05,0.2689449904269462,0.2689589366871411,-7.795748162777783e-05,0.0017558235300245,NEUTRAL,0.4620960728859126,,,0.0,0.0,0.0,0.0,0.0,100.0,1.0009588130903218,0.0,0.0,48.212461695593866,57.608408714837005,7.48928571428561,0.0,1.0009588130903218,-0.0171829015016555
NIFTY,2026-07-23 04:00:00,7408.3,1.5,-115.15523504741368,7444.1891654021665,TRANSITION,-0.0099472077563405,0.2,0.0009502905424822,0.2986228656588348,0.2857998269710821,0.0009502905424822,0.0287507083763636,NEUTRAL,0.4155773073700831,,,0.0,0.0,0.0,0.0,0.0,100.0,1.0,0.0,0.0,,,,,1.0,-0.0117485225200653
NIFTY,2026-07-24 09:55:00,23787.0,1.0,7.833158727378061,23780.91154953169,TRENDING_BEAR,-0.0098973838612437,0.2,-0.0002281391042365,0.2689418226241755,0.2689569261668534,-0.0002281391042365,0.054825742957518,NEUTRAL,0.462101251208971,,,0.0,0.0,0.0,0.0,0.0,100.0,1.0038642218517957,0.0,0.0,48.81050041016601,13.229189262417847,18.83214285714322,0.0,1.0038642218517957,-0.0154123429208993
NIFTY,2026-07-23 18:30:00,23767.45,1.0,-94.14081468670206,23854.271348632446,TRANSITION,-0.0070186187513172,0.2,0.0042450963154708,0.3149260901823526,0.2708999619812237,0.0042450963154708,0.0,NEUTRAL,0.4141739478364236,,,-0.0008333333333333,0.1666666666666666,16.666666666666664,0.0,16.666666666666664,83.33333333333334,1.0,0.0,0.0,,,,,1.0,-0.0089573621749877
NIFTY,2026-07-24 09:55:00,23787.0,1.0,7.833158727378061,23781.921165014228,TRENDING_BEAR,-0.0098973838612437,0.2,0.0001293587427646,0.2689417944579482,0.2689415226496697,0.0001293587427646,0.0276893464329096,NEUTRAL,0.462116682892382,,,0.0008333333333333,0.1666666666666666,16.666666666666664,16.666666666666664,0.0,83.33333333333334,1.0038642218517957,0.0,0.0,48.81050041016601,13.229189262417847,18.83214285714322,0.0,1.0038642218517957,-0.0154123429208993
NIFTY,2026-07-24 09:59:00,23787.0,1.0000000328976468,-1.6280012587137065,23786.106683606115,TRENDING_BULL,-0.0096365679055452,0.25,-5.253286249906633e-05,0.268944923697317,0.2689586092030384,-5.253286249906633e-05,0.0016259043002196,NEUTRAL,0.4620964670996446,,,0.0,0.0,0.0,0.0,0.0,100.0,1.0009588130903218,0.0,0.0,48.212461695593866,57.608408714837005,7.48928571428561,0.0,1.0009588130903218,-0.0171829015016555
NIFTY,2026-07-24 04:00:00,89.98,1.5,-2.338126451733644,89.68411892300891,TRANSITION,-0.0070960987359285,0.2,-0.0073663633619348,0.2886530771924267,0.3279017821751935,-0.0073663633619348,0.1485102818408169,NEUTRAL,0.3834451406323797,-0.0017962226556233,True,-0.0008333333333333,0.1666666666666666,16.666666666666664,0.0,16.666666666666664,83.33333333333334,1.0,0.0,0.0,,,,,1.0,-0.012190643325448
NIFTY,2026-07-23 23:00:00,96.55,1.0,0.0234436834392422,96.52067844446616,TRANSITION,-0.0133972903713583,0.2,-0.000257047832775,0.2689414466111762,0.2689414478182751,-0.000257047832775,0.0413088925706351,NEUTRAL,0.4621171055705486,,,-0.0008333333333333,0.1666666666666666,16.666666666666664,0.0,16.666666666666664,83.33333333333334,1.0,0.0,0.0,,,,,1.0,-0.0138908509165048
NIFTY,2026-07-24 09:55:00,23787.0,1.0,7.833158727378061,23781.96291510514,TRENDING_BEAR,-0.0098973838612437,0.2,3.506840151492041e-05,0.2689417906819445,0.2689415240336032,3.506840151492041e-05,0.0,NEUTRAL,0.4621166852844523,,,-0.0008333333333333,0.1666666666666666,16.666666666666664,0.0,16.666666666666664,83.33333333333334,1.0038642218517957,0.0,0.0,48.81050041016601,13.229189262417847,18.83214285714322,0.0,1.0038642218517957,-0.0154123429208993
NIFTY,2026-07-24 09:59:00,23787.0,1.0000000328976468,-1.6280012587137065,23786.10214820364,TRENDING_BULL,-0.0096365679055452,0.25,-0.0001016423912351,0.2689450971060105,0.268959460228572,-0.0001016423912351,0.0013035562811257,NEUTRAL,0.4620954426654174,,,0.0,0.0,0.0,0.0,0.0,100.0,1.0009588130903218,0.0,0.0,48.212461695593866,57.608408714837005,7.48928571428561,0.0,1.0009588130903218,-0.0171829015016555
NIFTY,2026-07-24 09:55:00,23787.0,1.0,7.833158727378061,23780.58770324897,TRENDING_BEAR,-0.0098973838612437,0.2,-0.000195433035408,0.2689418542709701,0.2689415410707854,-0.000195433035408,0.0,NEUTRAL,0.4621166046582444,,,0.0,0.0,0.0,0.0,0.0,100.0,1.0038642218517957,0.0,0.0,48.81050041016601,13.229189262417847,18.83214285714322,0.0,1.0038642218517957,-0.0154123429208993
NIFTY,2026-07-24 09:55:00,23787.0,1.0,7.833158727378061,23780.77559492768,TRENDING_BEAR,-0.0098973838612437,0.2,-0.0001172489687602,0.2689425880520742,0.2689415358368967,-0.0001172489687602,0.0,NEUTRAL,0.462115876111029,,,0.0,0.0,0.0,0.0,0.0,100.0,1.0038642218517957,0.0,0.0,48.81050041016601,13.229189262417847,18.83214285714322,0.0,1.0038642218517957,-0.0154123429208993
NIFTY,2026-07-24 09:55:00,23787.0,1.0,7.833158727378061,23781.541401992945,TRENDING_BEAR,-0.0098973838612437,0.2,-0.0001431619931068,0.2689418250084741,0.2689415329794599,-0.0001431619931068,0.0,NEUTRAL,0.462116642012066,,,0.0,0.0,0.0,0.0,0.0,100.0,1.0038642218517957,0.0,0.0,48.81050041016601,13.229189262417847,18.83214285714322,0.0,1.0038642218517957,-0.0154123429208993
NIFTY,2026-07-24 09:55:00,23787.0,1.0,7.833158727378061,23780.73499207048,TRENDING_BEAR,-0.0098973838612437,0.2,-0.0003182119503906,0.2689418576172116,0.2689415419960492,-0.0003182119503906,0.0,NEUTRAL,0.4621166003867392,,,0.0,0.0,0.0,0.0,0.0,100.0,1.0038642218517957,0.0,0.0,48.81050041016601,13.229189262417847,18.83214285714322,0.0,1.0038642218517957,-0.0154123429208993
NIFTY,2026-07-24 09:59:00,23787.0,1.0000000328976468,-1.6280012587137065,23785.71016660453,TRENDING_BULL,-0.0096365679055452,0.25,-6.758466156133356e-05,0.26894495842034,0.2689587796106445,-6.758466156133356e-05,0.0015225984362379,NEUTRAL,0.4620962619690154,,,0.0,0.0,0.0,0.0,0.0,100.0,1.0009588130903218,0.0,0.0,48.212461695593866,57.608408714837005,7.48928571428561,0.0,1.0009588130903218,-0.0171829015016555
NIFTY,2026-07-23 23:00:00,96.55,1.0,,,TRANSITION,-0.0111876754090189,0.2,-0.0113877289689159,0.2743820371196667,0.3466301228563095,-0.0113877289689159,0.2445206618946186,NEUTRAL,0.3789878400240236,,,-0.0008333333333333,0.1666666666666666,16.666666666666664,0.0,16.666666666666664,83.33333333333334,1.0,0.0,0.0,,,,,1.0,-0.0155482482165098
NIFTY,2026-07-24 09:55:00,23787.0,1.0,7.833158727378061,23780.598647617247,TRENDING_BEAR,-0.0098973838612437,0.2,-0.0001556761516057,0.2689417984947442,0.2692003758115369,-0.0001556761516057,0.0464696610341499,NEUTRAL,0.4618578256937188,,,0.0,0.0,0.0,0.0,0.0,100.0,1.0038642218517957,0.0,0.0,48.81050041016601,13.229189262417847,18.83214285714322,0.0,1.0038642218517957,-0.0154123429208993
NIFTY,2026-07-24 04:00:00,52139.0,1.5,173.1560998546836,52135.57131717861,TRANSITION,-0.0068048988468945,0.2,0.011714604980865,0.3772975257673357,0.2690005457338235,0.011714604980865,0.25,NEUTRAL,0.3537019284988408,-0.0017962226556233,True,0.0008333333333333,0.1666666666666666,16.666666666666664,16.666666666666664,0.0,83.33333333333334,1.0,0.0,0.0,,,,,1.0,-0.0128884702920913
NIFTY,2026-07-24 09:55:00,23787.0,1.0,7.833158727378061,23781.82643218729,TRENDING_BEAR,-0.0098973838612437,0.2,0.0001326121805519,0.2689417880218543,0.2689415232941352,0.0001326121805519,0.021837109190361,NEUTRAL,0.4621166886840104,,,-0.0008333333333333,0.1666666666666666,16.666666666666664,0.0,16.666666666666664,83.33333333333334,1.0038642218517957,0.0,0.0,48.81050041016601,13.229189262417847,18.83214285714322,0.0,1.0038642218517957,-0.0154123429208993
NIFTY,2026-07-24 09:45:00,23787.0,1.0,2.1220619059053405,23790.24151974114,TRENDING_BEAR,-0.0049663903191685,0.2,0.0001803610474367,0.2712882125666832,0.2706060013866554,0.0001803610474367,0.0076289780230035,NEUTRAL,0.4581057860466613,-0.0006032263149597,True,0.0,0.0,16.666666666666664,16.666666666666664,16.666666666666664,66.66666666666667,1.0206673227721514,0.0,0.0,35.84460631286797,66.28512892812184,84.01785714285741,0.0,1.0206673227721514,-0.0111171752214431
NIFTY,2026-07-24 09:55:00,23787.0,1.0,7.833158727378061,23780.697674845163,TRENDING_BEAR,-0.0098973838612437,0.2,-0.0004021694771634,0.2689418572914204,0.2690026276358983,-0.0004021694771634,0.10214127307508,NEUTRAL,0.4620555150726813,,,-0.0008333333333333,0.1666666666666666,16.666666666666664,0.0,16.666666666666664,83.33333333333334,1.0038642218517957,0.0,0.0,48.81050041016601,13.229189262417847,18.83214285714322,0.0,1.0038642218517957,-0.0154123429208993
NIFTY,2026-07-24 09:59:00,23787.0,1.0000000328976468,-1.6280012587137065,23785.990026601405,TRENDING_BULL,-0.0096365679055452,0.25,-6.051134565589266e-05,0.2689449395226623,0.2689586868679057,-6.051134565589266e-05,0.0015701498982266,NEUTRAL,0.4620963736094318,,,0.0,0.0,0.0,0.0,0.0,100.0,1.0009588130903218,0.0,0.0,48.212461695593866,57.608408714837005,7.48928571428561,0.0,1.0009588130903218,-0.0171829015016555
NIFTY,2026-07-24 09:55:00,23787.0,1.0,7.833158727378061,23781.12096212128,TRENDING_BEAR,-0.0098973838612437,0.2,7.24157063719534e-05,0.2689418110170934,0.2689415271448679,7.24157063719534e-05,0.0419731120788224,NEUTRAL,0.4621166618380387,,,0.0008333333333333,0.1666666666666666,16.666666666666664,16.666666666666664,0.0,83.33333333333334,1.0038642218517957,0.0,0.0,48.81050041016601,13.229189262417847,18.83214285714322,0.0,1.0038642218517957,-0.0154123429208993
NIFTY,2026-07-23 15:00:00,6690.62,1.5,-456.4015996665354,6804.619813520053,TRANSITION,-0.0104771796613931,0.2,-0.0032960989448437,0.3008307034765193,0.316905975700073,-0.0032960989448437,0.0679922337989952,NEUTRAL,0.3822633208234077,,,0.0008333333333333,0.1666666666666666,16.666666666666664,16.666666666666664,0.0,83.33333333333334,1.0,0.0,0.0,,,,,1.0,-0.0098591733723878
NIFTY,2026-07-23 23:00:00,96.55,1.0,0.0234436834392422,96.5139928279866,TRANSITION,-0.0133972903713583,0.2,-0.0007890234194726,0.2689414466850777,0.2689414478957108,-0.0007890234194726,0.065847419856885,NEUTRAL,0.4621171054192114,,,-0.0008333333333333,0.1666666666666666,16.666666666666664,0.0,16.666666666666664,83.33333333333334,1.0,0.0,0.0,,,,,1.0,-0.0138908509165048
NIFTY,2026-07-24 04:00:00,4065.0,1.5,-10.91445651384936,4066.014305103941,TRANSITION,-0.0060955211520195,0.2,-0.0133254815570821,0.2689441577553141,0.3774678102245378,-0.0133254815570821,0.2099635713468113,NEUTRAL,0.353588032020148,,,-0.0008333333333333,0.1666666666666666,16.666666666666664,0.0,16.666666666666664,83.33333333333334,1.0,0.0,0.0,,,,,1.0,-0.01309873200953
NIFTY,2026-07-24 09:59:00,23787.0,1.0000000328976468,-1.6280012587137065,23786.10044053843,TRENDING_BULL,-0.0096365679055452,0.25,-4.823357978273218e-05,0.2689449177957363,0.2689585802402938,-4.823357978273218e-05,0.0016571124052722,NEUTRAL,0.4620965019639698,,,0.0,0.0,0.0,0.0,0.0,100.0,1.0009588130903218,0.0,0.0,48.212461695593866,57.608408714837005,7.48928571428561,0.0,1.0009588130903218,-0.0171829015016555
NIFTY,2026-07-24 09:55:00,23787.0,1.0,7.833158727378061,23781.637778176108,TRENDING_BEAR,-0.0098973838612437,0.2,4.35893786346717e-05,0.26894181058451,0.2689415289911127,4.35893786346717e-05,0.0,NEUTRAL,0.4621166604243772,,,0.0,0.0,0.0,0.0,0.0,100.0,1.0038642218517957,0.0,0.0,48.81050041016601,13.229189262417847,18.83214285714322,0.0,1.0038642218517957,-0.0154123429208993
NIFTY,2026-07-23 23:00:00,96.55,1.0,0.0234436834392422,96.5083683899029,TRANSITION,-0.0133972903713583,0.2,-0.0008392000907433,0.2689414463997425,0.2689414475967301,-0.0008392000907433,0.0972995877403211,NEUTRAL,0.4621171060035274,,,-0.0008333333333333,0.1666666666666666,16.666666666666664,0.0,16.666666666666664,83.33333333333334,1.0,0.0,0.0,,,,,1.0,-0.0138908509165048
NIFTY,2026-07-24 04:00:00,92.12,1.5,-9.652788061474595,94.39765237914156,TRANSITION,-0.0073685673996806,0.2,-0.0074204364352767,0.2894107953441569,0.3294071519818485,-0.0074204364352767,0.138779466821713,NEUTRAL,0.3811820526739946,,,0.0,0.0,0.0,0.0,0.0,100.0,1.0,0.0,0.0,,,,,1.0,-0.0120650622993707
NIFTY,2026-07-24 04:00:00,52116.0,1.5,,,TRANSITION,-0.005653060041368,0.2,-0.0069819595154918,0.2796186927700373,0.3296146289263741,-0.0069819595154918,0.1837087108675196,NEUTRAL,0.3907666783035885,-0.0017962226556233,True,-0.0008333333333333,0.1666666666666666,16.666666666666664,0.0,16.666666666666664,83.33333333333334,1.0,0.0,0.0,,,,,1.0,-0.0082220407202839
NIFTY,2026-07-24 09:59:00,23787.0,1.0000000328976468,-1.6280012587137065,23786.13191623287,TRENDING_BULL,-0.0096365679055452,0.25,-6.578136549899232e-05,0.2689449531967963,0.2689587539754431,-6.578136549899232e-05,0.0015345826345943,NEUTRAL,0.4620962928277605,,,0.0,0.0,0.0,0.0,0.0,100.0,1.0009588130903218,0.0,0.0,48.212461695593866,57.608408714837005,7.48928571428561,0.0,1.0009588130903218,-0.0171829015016555
NIFTY,2026-07-24 09:55:00,23787.0,1.0,7.833158727378061,23781.169333175083,TRENDING_BEAR,-0.0098973838612437,0.2,-0.0002309949718529,0.2689418376091851,0.2689415364636622,-0.0002309949718529,0.0,NEUTRAL,0.4621166259271526,,,0.0,0.0,0.0,0.0,0.0,100.0,1.0038642218517957,0.0,0.0,48.81050041016601,13.229189262417847,18.83214285714322,0.0,1.0038642218517957,-0.0154123429208993
NIFTY,2026-07-24 09:55:00,23787.0,1.0,7.833158727378061,23781.210969295786,TRENDING_BEAR,-0.0098973838612437,0.2,-0.0001805875027465,0.2689418275045096,0.2689415342697628,-0.0001805875027465,0.0,NEUTRAL,0.4621166382257274,,,-0.0008333333333333,0.1666666666666666,16.666666666666664,0.0,16.666666666666664,83.33333333333334,1.0038642218517957,0.0,0.0,48.81050041016601,13.229189262417847,18.83214285714322,0.0,1.0038642218517957,-0.0154123429208993
NIFTY,2026-07-24 09:59:00,23787.0,1.0000000328976468,-1.6280012587137065,23785.96287914826,TRENDING_BULL,-0.0096365679055452,0.25,-8.027615738106878e-05,0.2689449586337958,0.2689589403370754,-8.027615738106878e-05,0.0014405567375753,NEUTRAL,0.4620961010291287,,,-0.0008333333333333,0.1666666666666666,16.666666666666664,0.0,16.666666666666664,83.33333333333334,1.0009588130903218,0.0,0.0,48.212461695593866,57.608408714837005,7.48928571428561,0.0,1.0009588130903218,-0.0171829015016555
NIFTY,2026-07-23 15:00:00,64611.15,1.0,-2205.5422141412328,65285.01414656787,TRANSITION,-0.0046164435334503,0.2,0.0024494414377639,0.3129216279391992,0.298242187346222,0.0024494414377639,0.0521817815077564,NEUTRAL,0.3888361847145787,,,0.0008333333333333,0.1666666666666666,16.666666666666664,16.666666666666664,0.0,83.33333333333334,1.0,0.0,0.0,,,,,1.0,0.0002691778354346
NIFTY,2026-07-24 04:00:00,89.9,1.5,,,TRANSITION,-0.0051832259632647,0.2,-0.008561795683959,0.280717396924726,0.3341489890899333,-0.008561795683959,0.1908864185299799,NEUTRAL,0.3851336139853406,-0.0017962226556233,True,-0.0008333333333333,0.1666666666666666,16.666666666666664,0.0,16.666666666666664,83.33333333333334,1.0,0.0,0.0,,,,,1.0,-0.0109126556664705
NIFTY,2026-07-23 16:00:00,24963.23,1.0,,,TRANSITION,-0.0111876754090189,0.2,-0.0112099702626016,0.274576418959704,0.3459815562491693,-0.0112099702626016,0.2422738497317249,NEUTRAL,0.3794420247911267,,,0.0008333333333333,0.1666666666666666,16.666666666666664,16.666666666666664,0.0,83.33333333333334,1.0,0.0,0.0,,,,,1.0,-0.0155482482165098
NIFTY,2026-07-24 09:55:00,23787.0,1.0,7.833158727378061,23782.16695742157,TRENDING_BEAR,-0.0098973838612437,0.2,-0.0001734748582726,0.2689418358569282,0.2692033454173155,-0.0001734748582726,0.0594645966598142,NEUTRAL,0.4618548187257563,,,0.0,0.0,0.0,0.0,0.0,100.0,1.0038642218517957,0.0,0.0,48.81050041016601,13.229189262417847,18.83214285714322,0.0,1.0038642218517957,-0.0154123429208993
NIFTY,2026-07-24 09:59:00,23787.0,1.0000000328976468,-1.6280012587137065,23785.978650838504,TRENDING_BULL,-0.0096365679055452,0.25,-7.371021078868488e-05,0.2689449945219108,0.268958956783705,-7.371021078868488e-05,0.0,NEUTRAL,0.4620960486943842,,,0.0,0.0,0.0,0.0,0.0,100.0,1.0009588130903218,0.0,0.0,48.212461695593866,57.608408714837005,7.48928571428561,0.0,1.0009588130903218,-0.0171829015016555
NIFTY,2026-07-24 09:45:00,23787.0,1.0,2.1220619059053405,23794.56957580489,TRENDING_BEAR,-0.0049663903191685,0.2,2.944409877155289e-05,0.2718678301409239,0.2716357154990407,2.944409877155289e-05,0.0,NEUTRAL,0.4564964543600353,-0.0006032263149597,True,-0.0016666666666666,0.3333333333333333,33.33333333333333,0.0,33.33333333333333,66.66666666666667,1.0206673227721514,0.0,0.0,35.84460631286797,66.28512892812184,84.01785714285741,0.0,1.0206673227721514,-0.0111171752214431
NIFTY,2026-07-24 04:00:00,28650.25,1.5,-64.46056863590388,28740.44718387797,TRANSITION,0.001136363716796,0.2,-0.0107635951839314,0.2689467615774973,0.3763542103416918,-0.0107635951839314,0.1548957296653634,NEUTRAL,0.3546990280808108,,,0.0008333333333333,0.1666666666666666,16.666666666666664,16.666666666666664,0.0,83.33333333333334,1.0,0.0,0.0,,,,,1.0,-0.0050539216026663
NIFTY,2026-07-24 09:55:00,23787.0,1.0,7.833158727378061,23780.97524578513,TRENDING_BEAR,-0.0098973838612437,0.2,-1.8480292993825083e-05,0.268941811983682,0.2689415299551893,-1.8480292993825083e-05,0.0,NEUTRAL,0.4621166580611286,,,-0.0008333333333333,0.1666666666666666,16.666666666666664,0.0,16.666666666666664,83.33333333333334,1.0038642218517957,0.0,0.0,48.81050041016601,13.229189262417847,18.83214285714322,0.0,1.0038642218517957,-0.0154123429208993
NIFTY,2026-07-24 04:00:00,89.79,1.5,,,TRANSITION,-0.0051832259632647,0.2,-0.0086712468648825,0.2795814912255392,0.3351068219260264,-0.0086712468648825,0.197469274701376,NEUTRAL,0.3853116868484343,-0.0017962226556233,True,-0.0008333333333333,0.1666666666666666,16.666666666666664,0.0,16.666666666666664,83.33333333333334,1.0,0.0,0.0,,,,,1.0,-0.0108196344226598
NIFTY,2026-07-24 09:55:00,23787.0,1.0,7.833158727378061,23781.59220874594,TRENDING_BEAR,-0.0098973838612437,0.2,-0.0003324228152128,0.2689418499317368,0.268941539870951,-0.0003324228152128,0.0,NEUTRAL,0.4621166101973121,,,0.0,0.0,0.0,0.0,0.0,100.0,1.0038642218517957,0.0,0.0,48.81050041016601,13.229189262417847,18.83214285714322,0.0,1.0038642218517957,-0.0154123429208993
NIFTY,2026-07-24 09:55:00,23787.0,1.0,7.833158727378061,23780.567004060154,TRENDING_BEAR,-0.0098973838612437,0.2,-8.305888478619226e-06,0.2689417886214911,0.2689415229181535,-8.305888478619226e-06,0.0,NEUTRAL,0.4621166884603554,,,0.0,0.0,0.0,0.0,0.0,100.0,1.0038642218517957,0.0,0.0,48.81050041016601,13.229189262417847,18.83214285714322,0.0,1.0038642218517957,-0.0154123429208993
NIFTY,2026-07-24 09:59:00,23787.0,1.0000000328976468,-1.6280012587137065,23786.21166253973,TRENDING_BULL,-0.0096365679055452,0.25,-6.0503266656112095e-05,0.2689449395035914,0.2689586867743129,-6.0503266656112095e-05,0.0015702051147413,NEUTRAL,0.4620963737220956,,,0.0,0.0,0.0,0.0,0.0,100.0,1.0009588130903218,0.0,0.0,48.212461695593866,57.608408714837005,7.48928571428561,0.0,1.0009588130903218,-0.0171829015016555
NIFTY,2026-07-24 09:55:00,23787.0,1.0,7.833158727378061,23780.10073790693,TRENDING_BEAR,-0.0098973838612437,0.2,-0.0001085052245994,0.2689418315129793,0.2689415347780102,-0.0001085052245994,0.0,NEUTRAL,0.4621166337090104,,,0.0,0.0,0.0,0.0,0.0,100.0,1.0038642218517957,0.0,0.0,48.81050041016601,13.229189262417847,18.83214285714322,0.0,1.0038642218517957,-0.0154123429208993
NIFTY,2026-07-24 09:55:00,23787.0,1.0,7.833158727378061,23780.85447826013,TRENDING_BEAR,-0.0098973838612437,0.2,6.5919681531194e-05,0.2689418074929736,0.268941528136277,6.5919681531194e-05,0.000514788802145,NEUTRAL,0.4621166643707493,,,0.0,0.0,0.0,0.0,0.0,100.0,1.0038642218517957,0.0,0.0,48.81050041016601,13.229189262417847,18.83214285714322,0.0,1.0038642218517957,-0.0154123429208993
NIFTY,2026-07-23 04:00:00,25137.69,1.5,-707.5539945298133,25393.07728676063,TRANSITION,-0.0089702866971492,0.2,0.004526321632725,0.3168691428823388,0.284662906155506,0.004526321632725,0.119058957980838,NEUTRAL,0.3984679509621551,,,0.0008333333333333,0.1666666666666666,16.666666666666664,16.666666666666664,0.0,83.33333333333334,1.0,0.0,0.0,,,,,1.0,-0.0077216394245624
NIFTY,2026-07-24 09:59:00,23787.0,1.0000000328976468,-1.6280012587137065,23785.884995567165,TRENDING_BULL,-0.0096365679055452,0.25,-6.34539864832201e-05,0.2689449468588279,0.2689587228710625,-6.34539864832201e-05,0.0015501836436141,NEUTRAL,0.4620963302701096,,,0.0,0.0,0.0,0.0,0.0,100.0,1.0009588130903218,0.0,0.0,48.212461695593866,57.608408714837005,7.48928571428561,0.0,1.0009588130903218,-0.0171829015016555
NIFTY,2026-07-24 09:55:00,23787.0,1.0,7.833158727378061,23780.79495533589,TRENDING_BEAR,-0.0098973838612437,0.2,-0.0002825384949305,0.2689418398971938,0.2689415370963158,-0.0002825384949305,0.0,NEUTRAL,0.4621166230064902,,,0.0,0.0,0.0,0.0,0.0,100.0,1.0038642218517957,0.0,0.0,48.81050041016601,13.229189262417847,18.83214285714322,0.0,1.0038642218517957,-0.0154123429208993
NIFTY,2026-07-24 09:59:00,23787.0,1.0000000328976468,-1.6280012587137065,23786.03242758538,TRENDING_BULL,-0.0096365679055452,0.25,-5.233398128833661e-05,0.2689448813872143,0.2689585577526417,-5.233398128833661e-05,0.0016271147770133,NEUTRAL,0.462096560860144,,,-0.0008333333333333,0.1666666666666666,16.666666666666664,0.0,16.666666666666664,83.33333333333334,1.0009588130903218,0.0,0.0,48.212461695593866,57.608408714837005,7.48928571428561,0.0,1.0009588130903218,-0.0171829015016555
NIFTY,2026-07-24 04:00:00,52093.0,1.5,,,TRANSITION,-0.0057517914101481,0.2,-0.0078143781691853,0.2785557439274924,0.3330574612095875,-0.0078143781691853,0.1964183762704808,NEUTRAL,0.3883867948629201,-0.0017962226556233,True,0.0008333333333333,0.1666666666666666,16.666666666666664,16.666666666666664,0.0,83.33333333333334,1.0,0.0,0.0,0.0,20.0,,1.0,1.0,-0.0094803091138601
NIFTY,2026-07-24 09:55:00,23787.0,1.0,7.833158727378061,23781.597315129125,TRENDING_BEAR,-0.0098973838612437,0.2,-0.0001307551436056,0.2689418137237482,0.2689415298591384,-0.0001307551436056,0.0,NEUTRAL,0.4621166564171133,,,0.0,0.0,0.0,0.0,0.0,100.0,1.0038642218517957,0.0,0.0,48.81050041016601,13.229189262417847,18.83214285714322,0.0,1.0038642218517957,-0.0154123429208993
NIFTY,2026-07-24 04:00:00,4058.7,1.5,,,TRANSITION,-0.0051832259632647,0.2,-0.008561795683959,0.280717396924726,0.3341489890899333,-0.008561795683959,0.1908864185299799,NEUTRAL,0.3851336139853406,-0.0017962226556233,True,-0.0008333333333333,0.1666666666666666,16.666666666666664,0.0,16.666666666666664,83.33333333333334,1.0,0.0,0.0,,,,,1.0,-0.0109126556664705
NIFTY,2026-07-24 09:45:00,23787.0,1.0,16.429642292718032,23786.84882116516,TRENDING_BEAR,-0.008039204403758,0.2,0.0005582566245432,0.2689424592024845,0.2689414610073921,0.0005582566245432,0.051513990376988,NEUTRAL,0.4621160797901233,,,0.0,0.0,0.0,0.0,0.0,100.0,0.9986889324043802,0.0,0.0,65.99362380445999,36.78163727442863,39.12857142857138,0.0,0.9986889324043802,-0.0141113609075546
NIFTY,2026-07-24 09:59:00,23787.0,1.0000000328976468,-1.6280012587137065,23785.954010852325,TRENDING_BULL,-0.0096365679055452,0.25,-6.691991063418189e-05,0.2689449564636355,0.2689587700078693,-6.691991063418189e-05,0.001527006235486,NEUTRAL,0.4620962735284952,,,0.0,0.0,0.0,0.0,0.0,100.0,1.0009588130903218,0.0,0.0,48.212461695593866,57.608408714837005,7.48928571428561,0.0,1.0009588130903218,-0.0171829015016555
NIFTY,2026-07-23 23:00:00,96.55,1.0,,,TRANSITION,-0.0111876754090189,0.2,-0.0116794730871527,0.2743636428540271,0.347288767130787,-0.0116794730871527,0.2460382315583313,NEUTRAL,0.3783475900151859,,,0.0,0.0,0.0,0.0,0.0,100.0,1.0,0.0,0.0,,,,,1.0,-0.0155482482165098
NIFTY,2026-07-24 09:55:00,23787.0,1.0,7.833158727378061,23780.71400591305,TRENDING_BEAR,-0.0098973838612437,0.2,-0.0002136674516311,0.2689418380559873,0.2689415365872067,-0.0002136674516311,0.0,NEUTRAL,0.4621166253568058,,,0.0,0.0,0.0,0.0,0.0,100.0,1.0038642218517957,0.0,0.0,48.81050041016601,13.229189262417847,18.83214285714322,0.0,1.0038642218517957,-0.0154123429208993
NIFTY,2026-07-24 09:55:00,23787.0,1.0,7.833158727378061,23781.161324655888,TRENDING_BEAR,-0.0098973838612437,0.2,0.0001368280671581,0.2689417992683373,0.2689416761748119,0.0001368280671581,0.060307558322273,NEUTRAL,0.4621165245568508,,,0.0,0.0,0.0,0.0,0.0,100.0,1.0038642218517957,0.0,0.0,48.81050041016601,13.229189262417847,18.83214285714322,0.0,1.0038642218517957,-0.0154123429208993
NIFTY,2026-07-24 09:45:00,23787.0,1.0,16.429642292718032,23786.612815315893,TRENDING_BEAR,-0.008039204403758,0.2,0.0010592955571149,0.2689422960113846,0.2689414547747254,0.0010592955571149,0.1090999262541858,NEUTRAL,0.46211624921389,-0.0006032263149597,True,0.0,0.0,0.0,0.0,0.0,100.0,0.9986889324043802,0.0,0.0,65.99362380445999,36.78163727442863,39.12857142857138,0.0,0.9986889324043802,-0.0141113609075546
NIFTY,2026-07-24 04:00:00,91.86,1.5,,,TRANSITION,-0.0061047337949275,0.2,-0.0080347654317202,0.2753733884400011,0.3358669929558068,-0.0080347654317202,0.2163489662153594,NEUTRAL,0.388759618604192,,,-0.0008333333333333,0.1666666666666666,16.666666666666664,0.0,16.666666666666664,83.33333333333334,1.0,0.0,0.0,,,,,1.0,-0.0091366443783044
NIFTY,2026-07-24 09:59:00,23787.0,1.0000000328976468,-1.6280012587137065,23786.002270714984,TRENDING_BULL,-0.0096365679055452,0.25,-5.2326191454668674e-05,0.2689449233702529,0.2689586075979299,-5.2326191454668674e-05,0.0016273842876125,NEUTRAL,0.4620964690318172,,,0.0,0.0,0.0,0.0,0.0,100.0,1.0009588130903218,0.0,0.0,48.212461695593866,57.608408714837005,7.48928571428561,0.0,1.0009588130903218,-0.0171829015016555
NIFTY,2026-07-24 09:55:00,23787.0,1.0,7.833158727378061,23781.04770379039,TRENDING_BEAR,-0.0098973838612437,0.2,-0.000357480514837,0.2689418476543331,0.2689415392412298,-0.000357480514837,0.0,NEUTRAL,0.462116613104437,,,0.0,0.0,0.0,0.0,0.0,100.0,1.0038642218517957,0.0,0.0,48.81050041016601,13.229189262417847,18.83214285714322,0.0,1.0038642218517957,-0.0154123429208993
NIFTY,2026-07-24 09:55:00,23787.0,1.0,7.833158727378061,23780.817243870573,TRENDING_BEAR,-0.0098973838612437,0.2,-0.0001010709694128,0.2689417990087774,0.2693762833105584,-0.0001010709694128,0.0483819966361665,NEUTRAL,0.4616819176806641,,,0.0,0.0,0.0,0.0,0.0,100.0,1.0038642218517957,0.0,0.0,48.81050041016601,13.229189262417847,18.83214285714322,0.0,1.0038642218517957,-0.0154123429208993
NIFTY,2026-07-24 09:59:00,23787.0,1.0000000328976468,-1.6280012587137065,23786.13549142556,TRENDING_BULL,-0.0096365679055452,0.25,-4.70672643433484e-05,0.2689449165270212,0.2689585740139157,-4.70672643433484e-05,0.0016657383404673,NEUTRAL,0.462096509459063,,,0.0,0.0,0.0,0.0,0.0,100.0,1.0009588130903218,0.0,0.0,48.212461695593866,57.608408714837005,7.48928571428561,0.0,1.0009588130903218,-0.0171829015016555
NIFTY,2026-07-23 04:00:00,7408.3,1.5,-115.15523504741368,7446.448723762728,TRANSITION,-0.0099472077563405,0.2,0.0024030232478957,0.3065537243099011,0.2898447065546654,0.0024030232478957,0.1073133329712085,NEUTRAL,0.4036015691354334,0.0028923554397405,True,-0.0008333333333333,0.1666666666666666,16.666666666666664,0.0,16.666666666666664,83.33333333333334,1.0,0.0,0.0,,,,,1.0,-0.0117485225200653
NIFTY,2026-07-24 09:55:00,23787.0,1.0,7.833158727378061,23781.038561581,TRENDING_BEAR,-0.0098973838612437,0.2,-0.0003418887766743,0.2689418246468332,0.2689415328794632,-0.0003418887766743,0.0,NEUTRAL,0.4621166424737035,,,0.0,0.0,0.0,0.0,0.0,100.0,1.0038642218517957,0.0,0.0,48.81050041016601,13.229189262417847,18.83214285714322,0.0,1.0038642218517957,-0.0154123429208993
NIFTY,2026-07-24 09:55:00,23787.0,1.0,7.833158727378061,23780.80941484907,TRENDING_BEAR,-0.0098973838612437,0.2,-1.866606951079644e-05,0.2689418137590076,0.2689415278891967,-1.866606951079644e-05,0.0,NEUTRAL,0.4621166583517957,,,0.0008333333333333,0.1666666666666666,16.666666666666664,16.666666666666664,0.0,83.33333333333334,1.0038642218517957,0.0,0.0,48.81050041016601,13.229189262417847,18.83214285714322,0.0,1.0038642218517957,-0.0154123429208993
NIFTY,2026-07-24 09:59:00,23787.0,1.0000000328976468,-1.6280012587137065,23786.216272335874,TRENDING_BULL,-0.0096365679055452,0.25,-8.466146417746123e-05,0.2689450047313435,0.2689590068878082,-8.466146417746123e-05,0.0028681223452316,NEUTRAL,0.4620959883808482,,,0.0,0.0,0.0,0.0,0.0,100.0,1.0009588130903218,0.0,0.0,48.212461695593866,57.608408714837005,7.48928571428561,0.0,1.0009588130903218,-0.0171829015016555
NIFTY,2026-07-24 09:55:00,23787.0,1.0,7.833158727378061,23780.98734659873,TRENDING_BEAR,-0.0098973838612437,0.2,-0.0001851656216752,0.268941828478233,0.2689415339388773,-0.0001851656216752,0.0,NEUTRAL,0.4621166375828897,,,0.0,0.0,0.0,0.0,0.0,100.0,1.0038642218517957,0.0,0.0,48.81050041016601,13.229189262417847,18.83214285714322,0.0,1.0038642218517957,-0.0154123429208993
NIFTY,2026-07-24 09:55:00,23787.0,1.0,7.833158727378061,23780.28993743698,TRENDING_BEAR,-0.0098973838612437,0.2,-9.10839411311422e-05,0.268941837795399,0.2689415365151519,-9.10839411311422e-05,0.0,NEUTRAL,0.462116625689449,,,0.0,0.0,0.0,0.0,0.0,100.0,1.0038642218517957,0.0,0.0,48.81050041016601,13.229189262417847,18.83214285714322,0.0,1.0038642218517957,-0.0154123429208993
NIFTY,2026-07-24 09:59:00,23787.0,1.0000000328976468,-1.6280012587137065,23786.160334475768,TRENDING_BULL,-0.0096365679055452,0.25,-7.285681571221351e-05,0.268944975172585,0.2689588618244152,-7.285681571221351e-05,0.0014880021760276,NEUTRAL,0.4620961630029997,,,0.0,0.0,0.0,0.0,0.0,100.0,1.0009588130903218,0.0,0.0,48.212461695593866,57.608408714837005,7.48928571428561,0.0,1.0009588130903218,-0.0171829015016555
NIFTY,2026-07-24 09:45:00,23787.0,1.0,16.429642292718032,23787.47813499703,TRENDING_BEAR,-0.008039204403758,0.2,0.0008300348879504,0.2689423643550037,0.2689414573849354,0.0008300348879504,0.0753124977376839,NEUTRAL,0.4621161782600608,-0.0006032263149597,True,0.0,0.0,0.0,0.0,0.0,100.0,0.9986889324043802,0.0,0.0,65.99362380445999,36.78163727442863,39.12857142857138,0.0,0.9986889324043802,-0.0141113609075546
NIFTY,2026-07-24 09:55:00,23787.0,1.0,7.833158727378061,23781.60556175573,TRENDING_BEAR,-0.0098973838612437,0.2,-5.024477686892764e-05,0.2689417992282388,0.268941523944628,-5.024477686892764e-05,0.0,NEUTRAL,0.4621166768271331,,,0.0008333333333333,0.1666666666666666,16.666666666666664,16.666666666666664,0.0,83.33333333333334,1.0038642218517957,0.0,0.0,48.81050041016601,13.229189262417847,18.83214285714322,0.0,1.0038642218517957,-0.0154123429208993
NIFTY,2026-07-24 04:00:00,89.94,1.5,-2.383806986170784,89.55963048255066,TRANSITION,-0.0070960987359285,0.2,-0.007400468526096,0.2880035882905549,0.3275632342008778,-0.007400468526096,0.1510563067229377,NEUTRAL,0.3844331775085672,-0.0017962226556233,True,-0.0008333333333333,0.1666666666666666,16.666666666666664,0.0,16.666666666666664,83.33333333333334,1.0,0.0,0.0,,,,,1.0,-0.012190643325448
NIFTY,2026-07-24 09:55:00,23787.0,1.0,7.833158727378061,23781.65823338781,TRENDING_BEAR,-0.0098973838612437,0.2,4.363818655786791e-05,0.268941782362622,0.2689415211875234,4.363818655786791e-05,0.0036282184233473,NEUTRAL,0.4621166964498545,,,0.0,0.0,0.0,0.0,0.0,100.0,1.0038642218517957,0.0,0.0,48.81050041016601,13.229189262417847,18.83214285714322,0.0,1.0038642218517957,-0.0154123429208993
NIFTY,2026-07-24 09:59:00,23787.0,1.0000000328976468,-1.6280012587137065,23785.53181066553,TRENDING_BULL,-0.0096365679055452,0.25,4.215924903681902e-05,0.2689447098920883,0.2689575599281628,4.215924903681902e-05,0.0,NEUTRAL,0.4620977301797489,,,0.0,0.0,0.0,0.0,0.0,100.0,1.0009588130903218,0.0,0.0,48.212461695593866,57.608408714837005,7.48928571428561,0.0,1.0009588130903218,-0.0171829015016555
NIFTY,2026-07-24 09:59:00,23787.0,1.0000000328976468,-1.6280012587137065,23786.160641288418,TRENDING_BULL,-0.0096365679055452,0.25,-6.68209058113779e-05,0.2689449561753057,0.2689587685928543,-6.68209058113779e-05,0.001527663688253,NEUTRAL,0.46209627523184,,,0.0,0.0,0.0,0.0,0.0,100.0,1.0009588130903218,0.0,0.0,48.212461695593866,57.608408714837005,7.48928571428561,0.0,1.0009588130903218,-0.0171829015016555
NIFTY,2026-07-24 09:59:00,23787.0,1.0000000328976468,-1.6280012587137065,23786.03540405616,TRENDING_BULL,-0.0096365679055452,0.25,-6.882868668151095e-05,0.26894496217809,0.2689587980522787,-6.882868668151095e-05,0.0015143792016779,NEUTRAL,0.4620962397696313,,,0.0,0.0,0.0,0.0,0.0,100.0,1.0009588130903218,0.0,0.0,48.212461695593866,57.608408714837005,7.48928571428561,0.0,1.0009588130903218,-0.0171829015016555
NIFTY,2026-07-24 09:55:00,23787.0,1.0,7.833158727378061,23781.088555549763,TRENDING_BEAR,-0.0098973838612437,0.2,-0.0003025753541539,0.268941836236539,0.268941536084114,-0.0003025753541539,0.0,NEUTRAL,0.4621166276793469,,,0.0,0.0,0.0,0.0,0.0,100.0,1.0038642218517957,0.0,0.0,48.81050041016601,13.229189262417847,18.83214285714322,0.0,1.0038642218517957,-0.0154123429208993
NIFTY,2026-07-24 09:59:00,23787.0,1.0000000328976468,-1.6280012587137065,23786.064236454265,TRENDING_BULL,-0.0096365679055452,0.25,-4.903517146964239e-05,0.2689449187507853,0.268958584927316,-4.903517146964239e-05,0.0016512246619438,NEUTRAL,0.4620964963218986,,,0.0,0.0,0.0,0.0,0.0,100.0,1.0009588130903218,0.0,0.0,48.212461695593866,57.608408714837005,7.48928571428561,0.0,1.0009588130903218,-0.0171829015016555
NIFTY,2026-07-24 09:55:00,23787.0,1.0,7.833158727378061,23781.22732837928,TRENDING_BEAR,-0.0098973838612437,0.2,-0.0001893559870707,0.2689418486681588,0.2689415395215611,-0.0001893559870707,0.0,NEUTRAL,0.46211661181028,,,0.0,0.0,0.0,0.0,0.0,100.0,1.0038642218517957,0.0,0.0,48.81050041016601,13.229189262417847,18.83214285714322,0.0,1.0038642218517957,-0.0154123429208993
NIFTY,2026-07-24 09:55:00,23787.0,1.0,7.833158727378061,23780.49227190711,TRENDING_BEAR,-0.0098973838612437,0.2,-0.0002427457576344,0.2689418503088266,0.2689415399752195,-0.0002427457576344,0.0,NEUTRAL,0.4621166097159538,,,0.0,0.0,0.0,0.0,0.0,100.0,1.0038642218517957,0.0,0.0,48.81050041016601,13.229189262417847,18.83214285714322,0.0,1.0038642218517957,-0.0154123429208993
NIFTY,2026-07-23 15:00:00,6690.62,1.5,-456.4015996665354,6788.711223803492,TRANSITION,-0.0104771796613931,0.2,-0.0042666128448597,0.2983336894441976,0.3179368685505922,-0.0042666128448597,0.0822180049284784,NEUTRAL,0.3837294420052102,,,0.0,0.0,0.0,0.0,0.0,100.0,1.0,0.0,0.0,,,,,1.0,-0.0098591733723878
NIFTY,2026-07-23 15:00:00,64611.15,1.0,-2205.5422141412328,65255.52156193643,TRANSITION,-0.0046164435334503,0.2,0.0023329301752625,0.3114945613228405,0.2990435393561218,0.0023329301752625,0.0587407202869298,NEUTRAL,0.3894618993210377,,,0.0008333333333333,0.1666666666666666,16.666666666666664,16.666666666666664,0.0,83.33333333333334,1.0,0.0,0.0,,,,,1.0,0.0002691778354346
NIFTY,2026-07-24 09:55:00,23787.0,1.0,7.833158727378061,23781.60802921746,TRENDING_BEAR,-0.0098973838612437,0.2,0.0001077762720621,0.2689418113659304,0.268941529207182,0.0001077762720621,0.0341623500672437,NEUTRAL,0.4621166594268875,,,0.0,0.0,0.0,0.0,0.0,100.0,1.0038642218517957,0.0,0.0,48.81050041016601,13.229189262417847,18.83214285714322,0.0,1.0038642218517957,-0.0154123429208993
NIFTY,2026-07-24 09:55:00,23787.0,1.0,7.833158727378061,23780.81078805255,TRENDING_BEAR,-0.0098973838612437,0.2,-0.0003162502249596,0.2689418564985165,0.2689415416867206,-0.0003162502249596,0.0,NEUTRAL,0.4621166018147628,,,0.0,0.0,0.0,0.0,0.0,100.0,1.0038642218517957,0.0,0.0,48.81050041016601,13.229189262417847,18.83214285714322,0.0,1.0038642218517957,-0.0154123429208993
NIFTY,2026-07-24 09:55:00,23787.0,1.0,7.833158727378061,23782.020697141605,TRENDING_BEAR,-0.0098973838612437,0.2,-0.0002210061160085,0.2689418282431197,0.2689415338738665,-0.0002210061160085,0.0,NEUTRAL,0.4621166378830137,,,0.0,0.0,0.0,0.0,0.0,100.0,1.0038642218517957,0.0,0.0,48.81050041016601,13.229189262417847,18.83214285714322,0.0,1.0038642218517957,-0.0154123429208993
NIFTY,2026-07-24 09:55:00,23787.0,1.0,7.833158727378061,23780.48767914544,TRENDING_BEAR,-0.0098973838612437,0.2,-3.655961115419095e-05,0.2689418213771447,0.2689415319753668,-3.655961115419095e-05,0.0020373751783173,NEUTRAL,0.4621166466474885,,,0.0,0.0,0.0,0.0,0.0,100.0,1.0038642218517957,0.0,0.0,48.81050041016601,13.229189262417847,18.83214285714322,0.0,1.0038642218517957,-0.0154123429208993
NIFTY,2026-07-24 09:55:00,23787.0,1.0,7.833158727378061,23780.201284005176,TRENDING_BEAR,-0.0098973838612437,0.2,-1.3161134400494545e-05,0.268941790459395,0.2689415234263493,-1.3161134400494545e-05,0.0,NEUTRAL,0.4621166861142557,,,0.0,0.0,0.0,0.0,0.0,100.0,1.0038642218517957,0.0,0.0,48.81050041016601,13.229189262417847,18.83214285714322,0.0,1.0038642218517957,-0.0154123429208993
NIFTY,2026-07-24 09:59:00,23787.0,1.0000000328976468,-1.6280012587137065,23785.992154584725,TRENDING_BULL,-0.0096365679055452,0.25,-0.0001105338984822,0.2689447542589234,0.2689577776635726,-0.0001105338984822,0.0384923409772845,NEUTRAL,0.4620974680775039,,,0.0,0.0,0.0,0.0,0.0,100.0,1.0009588130903218,0.0,0.0,48.212461695593866,57.608408714837005,7.48928571428561,0.0,1.0009588130903218,-0.0171829015016555
NIFTY,2026-07-24 09:55:00,23787.0,1.0,7.833158727378061,23780.76267528328,TRENDING_BEAR,-0.0098973838612437,0.2,-0.0002042778488546,0.2689418530541599,0.2689415407343272,-0.0002042778488546,0.0,NEUTRAL,0.4621166062115128,,,0.0,0.0,0.0,0.0,0.0,100.0,1.0038642218517957,0.0,0.0,48.81050041016601,13.229189262417847,18.83214285714322,0.0,1.0038642218517957,-0.0154123429208993
NIFTY,2026-07-24 09:55:00,23787.0,1.0,7.833158727378061,23780.5961558164,TRENDING_BEAR,-0.0098973838612437,0.2,-0.0002164491327103,0.2689418410606091,0.2689550810905569,-0.0002164491327103,0.0591235229254866,NEUTRAL,0.4621030778488341,,,0.0,0.0,0.0,0.0,0.0,100.0,1.0038642218517957,0.0,0.0,48.81050041016601,13.229189262417847,18.83214285714322,0.0,1.0038642218517957,-0.0154123429208993
NIFTY,2026-07-24 09:55:00,23787.0,1.0,7.833158727378061,23781.01028634237,TRENDING_BEAR,-0.0098973838612437,0.2,-0.0001972229278143,0.2689418624739456,0.2689415433389768,-0.0001972229278143,0.0,NEUTRAL,0.4621165941870775,,,0.0,0.0,0.0,0.0,0.0,100.0,1.0038642218517957,0.0,0.0,48.81050041016601,13.229189262417847,18.83214285714322,0.0,1.0038642218517957,-0.0154123429208993
NIFTY,2026-07-24 09:55:00,23787.0,1.0,7.833158727378061,23781.635753662336,TRENDING_BEAR,-0.0098973838612437,0.2,-0.000256213910292,0.2689418663703426,0.2689415444163632,-0.000256213910292,0.0,NEUTRAL,0.4621165892132941,,,0.0,0.0,0.0,0.0,0.0,100.0,1.0038642218517957,0.0,0.0,48.81050041016601,13.229189262417847,18.83214285714322,0.0,1.0038642218517957,-0.0154123429208993
NIFTY,2026-07-24 09:55:00,23787.0,1.0,7.833158727378061,23781.34921589129,TRENDING_BEAR,-0.0098973838612437,0.2,-5.018234758314797e-06,0.2689418065954519,0.2689415259445551,-5.018234758314797e-06,0.0,NEUTRAL,0.462116667459993,,,0.0008333333333333,0.1666666666666666,16.666666666666664,16.666666666666664,0.0,83.33333333333334,1.0038642218517957,0.0,0.0,48.81050041016601,13.229189262417847,18.83214285714322,0.0,1.0038642218517957,-0.0154123429208993
NIFTY,2026-07-23 04:00:00,7408.3,1.5,-115.15523504741368,7443.908913997949,TRANSITION,-0.0099472077563405,0.2,0.0017672092585923,0.3077126002285959,0.295713286176339,0.0017672092585923,0.0545779939094529,NEUTRAL,0.396574113595065,,,0.0,0.0,0.0,0.0,0.0,100.0,1.0,0.0,0.0,,,,,1.0,-0.0117485225200653
NIFTY,2026-07-24 09:55:00,23787.0,1.0,7.833158727378061,23780.93514448077,TRENDING_BEAR,-0.0098973838612437,0.2,1.7908574166702442e-05,0.2689417940534261,0.2689415244201291,1.7908574166702442e-05,0.0,NEUTRAL,0.4621166815264447,,,0.0,0.0,0.0,0.0,0.0,100.0,1.0038642218517957,0.0,0.0,48.81050041016601,13.229189262417847,18.83214285714322,0.0,1.0038642218517957,-0.0154123429208993
NIFTY,2026-07-24 09:59:00,23787.0,1.0000000328976468,-1.6280012587137065,23785.93407320395,TRENDING_BULL,-0.0096365679055452,0.25,-9.38673753065245e-05,0.2689450600711534,0.2689592784751191,-9.38673753065245e-05,0.0013534279136026,NEUTRAL,0.4620956614537275,,,0.0,0.0,0.0,0.0,0.0,100.0,1.0009588130903218,0.0,0.0,48.212461695593866,57.608408714837005,7.48928571428561,0.0,1.0009588130903218,-0.0171829015016555
NIFTY,2026-07-24 09:55:00,23787.0,1.0,7.833158727378061,23781.46546469708,TRENDING_BEAR,-0.0098973838612437,0.2,-8.727139913566094e-05,0.2689417976768007,0.2689415254220227,-8.727139913566094e-05,0.0,NEUTRAL,0.4621166769011766,,,0.0,0.0,0.0,0.0,0.0,100.0,1.0038642218517957,0.0,0.0,48.81050041016601,13.229189262417847,18.83214285714322,0.0,1.0038642218517957,-0.0154123429208993
NIFTY,2026-07-24 09:55:00,23787.0,1.0,7.833158727378061,23781.5245749606,TRENDING_BEAR,-0.0098973838612437,0.2,-2.5297640621943143e-05,0.2689417873405799,0.2689415207175663,-2.5297640621943143e-05,0.0,NEUTRAL,0.4621166919418537,,,0.0008333333333333,0.1666666666666666,16.666666666666664,16.666666666666664,0.0,83.33333333333334,1.0038642218517957,0.0,0.0,48.81050041016601,13.229189262417847,18.83214285714322,0.0,1.0038642218517957,-0.0154123429208993
NIFTY,2026-07-24 04:00:00,89.94,1.5,-2.383806986170784,89.63599441892097,TRANSITION,-0.0070960987359285,0.2,-0.0074372334150926,0.2889673726102604,0.3274033742603539,-0.0074372334150926,0.150989706656424,NEUTRAL,0.3836292531293857,,,0.0,0.0,0.0,0.0,0.0,100.0,1.0,0.0,0.0,,,,,1.0,-0.012190643325448
NIFTY,2026-07-24 09:55:00,23787.0,1.0,7.833158727378061,23781.65051908888,TRENDING_BEAR,-0.0098973838612437,0.2,2.1938425267539857e-05,0.2689417997032239,0.2689415259823457,2.1938425267539857e-05,0.0,NEUTRAL,0.4621166743144303,,,0.0,0.0,0.0,0.0,0.0,100.0,1.0038642218517957,0.0,0.0,48.81050041016601,13.229189262417847,18.83214285714322,0.0,1.0038642218517957,-0.0154123429208993
NIFTY,2026-07-24 09:59:00,23787.0,1.0000000328976468,-1.6280012587137065,23785.918210669217,TRENDING_BULL,-0.0096365679055452,0.25,-5.6308138488994114e-05,0.2689449304208612,0.2689586421996733,-5.6308138488994114e-05,0.0015992013775925,NEUTRAL,0.4620964273794654,,,0.0,0.0,0.0,0.0,0.0,100.0,1.0009588130903218,0.0,0.0,48.212461695593866,57.608408714837005,7.48928571428561,0.0,1.0009588130903218,-0.0171829015016555
NIFTY,2026-07-24 09:59:00,23787.0,1.0000000328976468,-1.6280012587137065,23785.9998208253,TRENDING_BULL,-0.0096365679055452,0.25,-5.217920692275116e-05,0.2689449231402747,0.2689586064692836,-5.217920692275116e-05,0.0016284380521934,NEUTRAL,0.4620964703904416,,,0.0,0.0,0.0,0.0,0.0,100.0,1.0009588130903218,0.0,0.0,48.212461695593866,57.608408714837005,7.48928571428561,0.0,1.0009588130903218,-0.0171829015016555
NIFTY,2026-07-24 09:55:00,23787.0,1.0,7.833158727378061,23780.871538652573,TRENDING_BEAR,-0.0098973838612437,0.2,-7.452142204516206e-05,0.2689418245688453,0.2689415328578988,-7.452142204516206e-05,0.0,NEUTRAL,0.4621166425732558,,,0.0,0.0,0.0,0.0,0.0,100.0,1.0038642218517957,0.0,0.0,48.81050041016601,13.229189262417847,18.83214285714322,0.0,1.0038642218517957,-0.0154123429208993
NIFTY,2026-07-24 09:55:00,23787.0,1.0,7.833158727378061,23781.38940978009,TRENDING_BEAR,-0.0098973838612437,0.2,-6.036178820536865e-05,0.2689418022261479,0.2689415266799554,-6.036178820536865e-05,0.0,NEUTRAL,0.4621166710938966,,,0.0,0.0,0.0,0.0,0.0,100.0,1.0038642218517957,0.0,0.0,48.81050041016601,13.229189262417847,18.83214285714322,0.0,1.0038642218517957,-0.0154123429208993
NIFTY,2026-07-24 09:59:00,23787.0,1.0000000328976468,-1.6280012587137065,23786.10535129428,TRENDING_BULL,-0.0096365679055452,0.25,-7.343634594227856e-05,0.2689449771422257,0.2689588714906782,-7.343634594227856e-05,0.0014842336378523,NEUTRAL,0.462096151367096,,,0.0,0.0,0.0,0.0,0.0,100.0,1.0009588130903218,0.0,0.0,48.212461695593866,57.608408714837005,7.48928571428561,0.0,1.0009588130903218,-0.0171829015016555
NIFTY,2026-07-24 09:45:00,23787.0,1.0,16.429642292718032,23786.487867032512,TRENDING_BEAR,-0.008039204403758,0.2,0.0012398738396242,0.2721344408842205,0.2689683909640677,0.0012398738396242,0.1165412176849082,NEUTRAL,0.4588971681517117,,,0.0,0.0,0.0,0.0,0.0,100.0,0.9986889324043802,0.0,0.0,65.99362380445999,36.78163727442863,39.12857142857138,0.0,0.9986889324043802,-0.0141113609075546
NIFTY,2026-07-24 09:55:00,23787.0,1.0,7.833158727378061,23780.91920473977,TRENDING_BEAR,-0.0098973838612437,0.2,-0.0001868555699393,0.2689418171333174,0.2689415308019129,-0.0001868555699393,0.0,NEUTRAL,0.4621166520647697,,,0.0,0.0,0.0,0.0,0.0,100.0,1.0038642218517957,0.0,0.0,48.81050041016601,13.229189262417847,18.83214285714322,0.0,1.0038642218517957,-0.0154123429208993
NIFTY,2026-07-24 09:55:00,23787.0,1.0,7.833158727378061,23780.947048272672,TRENDING_BEAR,-0.0098973838612437,0.2,-0.0003390070993712,0.2689418429221741,0.2689415385556585,-0.0003390070993712,0.0,NEUTRAL,0.4621166185221673,,,-0.0008333333333333,0.1666666666666666,16.666666666666664,0.0,16.666666666666664,83.33333333333334,1.0038642218517957,0.0,0.0,48.81050041016601,13.229189262417847,18.83214285714322,0.0,1.0038642218517957,-0.0154123429208993
NIFTY,2026-07-24 09:59:00,23787.0,1.0000000328976468,-1.6280012587137065,23785.86693544765,TRENDING_BULL,-0.0096365679055452,0.25,-8.549496668937374e-05,0.2689450232152316,0.2689590975998767,-8.549496668937374e-05,0.0014067933188312,NEUTRAL,0.4620958791848916,,,0.0,0.0,0.0,0.0,0.0,100.0,1.0009588130903218,0.0,0.0,48.212461695593866,57.608408714837005,7.48928571428561,0.0,1.0009588130903218,-0.0171829015016555
NIFTY,2026-07-24 04:00:00,91.83,1.5,-9.983971936143812,94.08087171610364,TRANSITION,-0.0073685673996806,0.2,-0.006876147057566,0.288890688915574,0.3266742035792138,-0.006876147057566,0.1411623130529056,NEUTRAL,0.3844351075052121,-0.0017962226556233,True,-0.0008333333333333,0.1666666666666666,16.666666666666664,0.0,16.666666666666664,83.33333333333334,1.0,0.0,0.0,,,,,1.0,-0.011891109868884
NIFTY,2026-07-24 09:55:00,23787.0,1.0,7.833158727378061,23781.24159592803,TRENDING_BEAR,-0.0098973838612437,0.2,-8.186338700718089e-05,0.2689418205355299,0.2689415317426533,-8.186338700718089e-05,0.0,NEUTRAL,0.4621166477218168,,,0.0,0.0,0.0,0.0,0.0,100.0,1.0038642218517957,0.0,0.0,48.81050041016601,13.229189262417847,18.83214285714322,0.0,1.0038642218517957,-0.0154123429208993
NIFTY,2026-07-24 09:45:00,23787.0,1.0,16.429642292718032,23788.825947011534,TRENDING_BEAR,-0.008039204403758,0.2,0.0012262111558494,0.2689422358031549,0.2689414513903556,0.0012262111558494,0.117605549644182,NEUTRAL,0.4621163128064894,-0.0006032263149597,True,0.0008333333333333,0.1666666666666666,16.666666666666664,16.666666666666664,0.0,83.33333333333334,0.9986889324043802,0.0,0.0,65.99362380445999,36.78163727442863,39.12857142857138,0.0,0.9986889324043802,-0.0141113609075546
NIFTY,2026-07-24 09:59:00,23787.0,1.0000000328976468,-1.6280012587137065,23785.93145338205,TRENDING_BULL,-0.0096365679055452,0.25,-4.770732973113444e-05,0.2689449172054781,0.2689585773435277,-4.770732973113444e-05,0.0016609956955236,NEUTRAL,0.4620965054509942,,,0.0,0.0,0.0,0.0,0.0,100.0,1.0009588130903218,0.0,0.0,48.212461695593866,57.608408714837005,7.48928571428561,0.0,1.0009588130903218,-0.0171829015016555
NIFTY,2026-07-24 09:59:00,23787.0,1.0000000328976468,-1.6280012587137065,23785.986005114468,TRENDING_BULL,-0.0096365679055452,0.25,-5.7627873944557126e-05,0.2689449330993025,0.2689586553444601,-5.7627873944557126e-05,0.0015900071897832,NEUTRAL,0.4620964115562373,,,0.0,0.0,0.0,0.0,0.0,100.0,1.0009588130903218,0.0,0.0,48.212461695593866,57.608408714837005,7.48928571428561,0.0,1.0009588130903218,-0.0171829015016555
NIFTY,2026-07-24 09:55:00,23787.0,1.0,7.833158727378061,23780.068018508537,TRENDING_BEAR,-0.0098973838612437,0.2,-0.0002598503678669,0.2689418270711385,0.2689415315029498,-0.0002598503678669,0.0,NEUTRAL,0.4621166414259116,,,0.0008333333333333,0.1666666666666666,16.666666666666664,16.666666666666664,0.0,83.33333333333334,1.0038642218517957,0.0,0.0,48.81050041016601,13.229189262417847,18.83214285714322,0.0,1.0038642218517957,-0.0154123429208993
NIFTY,2026-07-24 04:00:00,91.83,1.5,-9.983971936143812,93.82079140451124,TRANSITION,-0.0073685673996806,0.2,-0.0071879649173238,0.2892059576647645,0.3271857338247259,-0.0071879649173238,0.133425512487572,NEUTRAL,0.3836083085105096,,,0.0,0.0,0.0,0.0,0.0,100.0,1.0,0.0,0.0,,,,,1.0,-0.011891109868884
NIFTY,2026-07-24 04:00:00,91.86,1.5,,,TRANSITION,-0.0051832259632647,0.2,-0.0088092120666143,0.2807820817906146,0.3347733784119954,-0.0088092120666143,0.1922159781594277,NEUTRAL,0.3844445397973899,,,0.0,0.0,0.0,0.0,0.0,100.0,1.0,0.0,0.0,,,,,1.0,-0.0109126556664705
NIFTY,2026-07-24 04:00:00,91.86,1.5,,,TRANSITION,-0.0051832259632647,0.2,-0.0088092120666143,0.2807820817906146,0.3347733784119954,-0.0088092120666143,0.1922159781594277,NEUTRAL,0.3844445397973899,,,0.0,0.0,0.0,0.0,0.0,100.0,1.0,0.0,0.0,,,,,1.0,-0.0109126556664705
NIFTY,2026-07-24 04:00:00,91.86,1.5,,,TRANSITION,-0.0051832259632647,0.2,-0.0088092120666143,0.2807820817906146,0.3347733784119954,-0.0088092120666143,0.1922159781594277,NEUTRAL,0.3844445397973899,,,0.0,0.0,0.0,0.0,0.0,100.0,1.0,0.0,0.0,,,,,1.0,-0.0109126556664705
NIFTY,2026-07-24 04:00:00,89.31,1.5,-3.1032754035556103,89.23574675794863,TRANSITION,-0.0070960987359285,0.2,-0.0070714042408331,0.2886604513162488,0.3268251983919223,-0.0070714042408331,0.1383746581964228,NEUTRAL,0.3845143502918288,-0.0017962226556233,True,-0.0008333333333333,0.1666666666666666,16.666666666666664,0.0,16.666666666666664,83.33333333333334,1.0,0.0,0.0,,,,,1.0,-0.012190643325448
NIFTY,2026-07-24 09:59:00,23787.0,1.0000000328976468,-1.6280012587137065,23785.978126148908,TRENDING_BULL,-0.0096365679055452,0.25,-6.516891185519489e-05,0.2689449514842357,0.2689587455708353,-6.516891185519489e-05,0.0015386728615924,NEUTRAL,0.462096302944929,,,0.0,0.0,0.0,0.0,0.0,100.0,1.0009588130903218,0.0,0.0,48.212461695593866,57.608408714837005,7.48928571428561,0.0,1.0009588130903218,-0.0171829015016555
NIFTY,2026-07-24 09:59:00,23787.0,1.0000000328976468,-1.6280012587137065,23785.82584147024,TRENDING_BULL,-0.0096365679055452,0.25,-4.807610716377415e-05,0.2689449176160489,0.2689585793584553,-4.807610716377415e-05,0.0016582729192897,NEUTRAL,0.4620965030254956,,,0.0,0.0,0.0,0.0,0.0,100.0,1.0009588130903218,0.0,0.0,48.212461695593866,57.608408714837005,7.48928571428561,0.0,1.0009588130903218,-0.0171829015016555
NIFTY,2026-07-24 09:55:00,23787.0,1.0,7.833158727378061,23781.3090820812,TRENDING_BEAR,-0.0098973838612437,0.2,-0.0001201271734335,0.2689418483574907,0.2689415394356588,-0.0001201271734335,0.0,NEUTRAL,0.4621166122068503,,,0.0,0.0,0.0,0.0,0.0,100.0,1.0038642218517957,0.0,0.0,48.81050041016601,13.229189262417847,18.83214285714322,0.0,1.0038642218517957,-0.0154123429208993
NIFTY,2026-07-24 09:55:00,23787.0,1.0,7.833158727378061,23781.471585942563,TRENDING_BEAR,-0.0098973838612437,0.2,0.0001062414459142,0.2689417830909558,0.2691987236423576,0.0001062414459142,0.0,NEUTRAL,0.4618594932666867,,,0.0,0.0,0.0,0.0,0.0,100.0,1.0038642218517957,0.0,0.0,48.81050041016601,13.229189262417847,18.83214285714322,0.0,1.0038642218517957,-0.0154123429208993
NIFTY,2026-07-24 09:55:00,23787.0,1.0,7.833158727378061,23780.67744951879,TRENDING_BEAR,-0.0098973838612437,0.2,-1.0943668714761564e-05,0.2689418044942934,0.2689415273071167,-1.0943668714761564e-05,0.0,NEUTRAL,0.4621166681985897,,,0.0,0.0,0.0,0.0,0.0,100.0,1.0038642218517957,0.0,0.0,48.81050041016601,13.229189262417847,18.83214285714322,0.0,1.0038642218517957,-0.0154123429208993
NIFTY,2026-07-24 09:55:00,23787.0,1.0,7.833158727378061,23780.735496046207,TRENDING_BEAR,-0.0098973838612437,0.2,-5.341736932965069e-05,0.2689417985295012,0.2689415256578015,-5.341736932965069e-05,0.0,NEUTRAL,0.4621166758126972,,,0.0,0.0,0.0,0.0,0.0,100.0,1.0038642218517957,0.0,0.0,48.81050041016601,13.229189262417847,18.83214285714322,0.0,1.0038642218517957,-0.0154123429208993
NIFTY,2026-07-24 09:59:00,23787.0,1.0000000328976468,-1.6280012587137065,23785.919236359936,TRENDING_BULL,-0.0096365679055452,0.25,-7.014720653718971e-05,0.268944966294696,0.2689588182550456,-7.014720653718971e-05,0.0015057074560905,NEUTRAL,0.4620962154502582,,,0.0,0.0,0.0,0.0,0.0,100.0,1.0009588130903218,0.0,0.0,48.212461695593866,57.608408714837005,7.48928571428561,0.0,1.0009588130903218,-0.0171829015016555
NIFTY,2026-07-24 09:59:00,23787.0,1.0000000328976468,-1.6280012587137065,23786.02906196053,TRENDING_BULL,-0.0096365679055452,0.25,-8.784168268319719e-05,0.2689448754646062,0.2689583724950287,-8.784168268319719e-05,0.0177402290160995,NEUTRAL,0.4620967520403651,,,0.0,0.0,0.0,0.0,0.0,100.0,1.0009588130903218,0.0,0.0,48.212461695593866,57.608408714837005,7.48928571428561,0.0,1.0009588130903218,-0.0171829015016555
NIFTY,2026-07-24 09:55:00,23787.0,1.0,7.833158727378061,23780.42714928944,TRENDING_BEAR,-0.0098973838612437,0.2,-4.4392886397480695e-05,0.2689418196069101,0.2689415314858821,-4.4392886397480695e-05,0.0,NEUTRAL,0.4621166489072076,,,0.0,0.0,0.0,0.0,0.0,100.0,1.0038642218517957,0.0,0.0,48.81050041016601,13.229189262417847,18.83214285714322,0.0,1.0038642218517957,-0.0154123429208993
NIFTY,2026-07-24 09:55:00,23787.0,1.0,7.833158727378061,23780.90464539601,TRENDING_BEAR,-0.0098973838612437,0.2,-0.0002067514460172,0.2689418232972707,0.2689415325062978,-0.0002067514460172,0.0,NEUTRAL,0.4621166441964315,,,0.0,0.0,0.0,0.0,0.0,100.0,1.0038642218517957,0.0,0.0,48.81050041016601,13.229189262417847,18.83214285714322,0.0,1.0038642218517957,-0.0154123429208993
NIFTY,2026-07-24 09:59:00,23787.0,1.0000000328976468,-1.6280012587137065,23785.856040121384,TRENDING_BULL,-0.0096365679055452,0.25,-8.20189697499166e-05,0.2689450069926379,0.2689587761740382,-8.20189697499166e-05,0.0013966873454441,NEUTRAL,0.4620962168333239,,,0.0008333333333333,0.1666666666666666,16.666666666666664,16.666666666666664,0.0,83.33333333333334,1.0009588130903218,0.0,0.0,48.212461695593866,57.608408714837005,7.48928571428561,0.0,1.0009588130903218,-0.0171829015016555
NIFTY,2026-07-24 09:55:00,23787.0,1.0,7.833158727378061,23781.02203838891,TRENDING_BEAR,-0.0098973838612437,0.2,-0.0002060347645442,0.2689418204990045,0.2689415317325537,-0.0002060347645442,0.0,NEUTRAL,0.4621166477684416,,,0.0,0.0,0.0,0.0,0.0,100.0,1.0038642218517957,0.0,0.0,48.81050041016601,13.229189262417847,18.83214285714322,0.0,1.0038642218517957,-0.0154123429208993
NIFTY,2026-07-24 09:55:00,23787.0,1.0,7.833158727378061,23781.47589066622,TRENDING_BEAR,-0.0098973838612437,0.2,-7.676851611287052e-05,0.2689997313529172,0.2689415313823005,-7.676851611287052e-05,0.0,NEUTRAL,0.4620587372647822,,,0.0,0.0,0.0,0.0,0.0,100.0,1.0038642218517957,0.0,0.0,48.81050041016601,13.229189262417847,18.83214285714322,0.0,1.0038642218517957,-0.0154123429208993
NIFTY,2026-07-24 09:59:00,23787.0,1.0000000328976468,-1.6280012587137065,23785.961985888047,TRENDING_BULL,-0.0096365679055452,0.25,-6.267959270319178e-05,0.2689449413215171,0.2689586956960119,-6.267959270319178e-05,0.0020224959565819,NEUTRAL,0.4620963629824711,,,0.0,0.0,0.0,0.0,0.0,100.0,1.0009588130903218,0.0,0.0,48.212461695593866,57.608408714837005,7.48928571428561,0.0,1.0009588130903218,-0.0171829015016555
NIFTY,2026-07-24 09:55:00,23787.0,1.0,7.833158727378061,23781.2437686712,TRENDING_BEAR,-0.0098973838612437,0.2,-3.029291555715881e-05,0.2689418109788421,0.2689415291001489,-3.029291555715881e-05,0.0,NEUTRAL,0.4621166599210089,,,0.0,0.0,0.0,0.0,0.0,100.0,1.0038642218517957,0.0,0.0,48.81050041016601,13.229189262417847,18.83214285714322,0.0,1.0038642218517957,-0.0154123429208993
NIFTY,2026-07-24 09:59:00,23787.0,1.0000000328976468,-1.6280012587137065,23786.05231028077,TRENDING_BULL,-0.0096365679055452,0.25,-6.511684803738965e-05,0.2689449513401124,0.2689587448635321,-6.511684803738965e-05,0.0015390210537528,NEUTRAL,0.4620963037963554,,,0.0,0.0,0.0,0.0,0.0,100.0,1.0009588130903218,0.0,0.0,48.212461695593866,57.608408714837005,7.48928571428561,0.0,1.0009588130903218,-0.0171829015016555
NIFTY,2026-07-24 09:59:00,23787.0,1.0000000328976468,-1.6280012587137065,23785.9798782044,TRENDING_BULL,-0.0096365679055452,0.25,-5.534689877209245e-05,0.2689449285757385,0.2689586331445028,-5.534689877209245e-05,0.0016059424213408,NEUTRAL,0.4620964382797585,,,0.0,0.0,0.0,0.0,0.0,100.0,1.0009588130903218,0.0,0.0,48.212461695593866,57.608408714837005,7.48928571428561,0.0,1.0009588130903218,-0.0171829015016555
NIFTY,2026-07-24 09:59:00,23787.0,1.0000000328976468,-1.6280012587137065,23785.917633242723,TRENDING_BULL,-0.0096365679055452,0.25,-7.19008278020062e-05,0.2689449719773996,0.2689588461436357,-7.19008278020062e-05,0.0014942322301856,NEUTRAL,0.4620961818789646,,,0.0,0.0,0.0,0.0,0.0,100.0,1.0009588130903218,0.0,0.0,48.212461695593866,57.608408714837005,7.48928571428561,0.0,1.0009588130903218,-0.0171829015016555
NIFTY,2026-07-24 09:55:00,23787.0,1.0,7.833158727378061,23780.511122645683,TRENDING_BEAR,-0.0098973838612437,0.2,-0.0002229643975972,0.2689418379837702,0.2689415365672381,-0.0002229643975972,0.0,NEUTRAL,0.4621166254489916,,,0.0,0.0,0.0,0.0,0.0,100.0,1.0038642218517957,0.0,0.0,48.81050041016601,13.229189262417847,18.83214285714322,0.0,1.0038642218517957,-0.0154123429208993
NIFTY,2026-07-24 09:59:00,23787.0,1.0000000328976468,-1.6280012587137065,23786.19484637894,TRENDING_BULL,-0.0096365679055452,0.25,-6.953690747130178e-05,0.2689449643723433,0.2689588088208552,-6.953690747130178e-05,0.0015097164310568,NEUTRAL,0.4620962268068013,,,0.0,0.0,0.0,0.0,0.0,100.0,1.0009588130903218,0.0,0.0,48.212461695593866,57.608408714837005,7.48928571428561,0.0,1.0009588130903218,-0.0171829015016555
NIFTY,2026-07-24 09:55:00,23787.0,1.0,7.833158727378061,23781.51271876732,TRENDING_BEAR,-0.0098973838612437,0.2,-4.351539374802693e-05,0.2689418180891459,0.2689415310662076,-4.351539374802693e-05,0.0130556123766507,NEUTRAL,0.4621166508446464,,,0.0,0.0,0.0,0.0,0.0,100.0,1.0038642218517957,0.0,0.0,48.81050041016601,13.229189262417847,18.83214285714322,0.0,1.0038642218517957,-0.0154123429208993
NIFTY,2026-07-24 04:00:00,28621.75,1.5,-97.00794942236077,28705.72510037797,TRANSITION,0.0018303198739886,0.2,-0.0146905668621314,0.2689598022938425,0.3774968029706679,-0.0146905668621314,0.216321525328866,NEUTRAL,0.3535433947354895,-0.0017962226556233,True,0.0008333333333333,0.1666666666666666,16.666666666666664,16.666666666666664,0.0,83.33333333333334,1.0,0.0,0.0,,,,,1.0,-0.0050486125051975
NIFTY,2026-07-24 09:55:00,23787.0,1.0,7.833158727378061,23780.73101496409,TRENDING_BEAR,-0.0098973838612437,0.2,-0.0002336186031659,0.268941825661122,0.2689415331599225,-0.0002336186031659,0.0,NEUTRAL,0.4621166411789554,,,0.0,0.0,0.0,0.0,0.0,100.0,1.0038642218517957,0.0,0.0,48.81050041016601,13.229189262417847,18.83214285714322,0.0,1.0038642218517957,-0.0154123429208993
NIFTY,2026-07-23 04:00:00,25137.69,1.5,-707.5539945298133,25390.44986219953,TRANSITION,-0.0089702866971492,0.2,0.0039710330409468,0.3153334230041623,0.2892235039863029,0.0039710330409468,0.0976332988583144,NEUTRAL,0.3954430730095348,,,-0.0008333333333333,0.1666666666666666,16.666666666666664,0.0,16.666666666666664,83.33333333333334,1.0,0.0,0.0,,,,,1.0,-0.0077216394245624
NIFTY,2026-07-24 09:55:00,23787.0,1.0,7.833158727378061,23781.15694787681,TRENDING_BEAR,-0.0098973838612437,0.2,-0.0003135503457493,0.2689418593225762,0.2689451656701874,-0.0003135503457493,0.0500538174141199,NEUTRAL,0.4621129750072363,,,0.0,0.0,0.0,0.0,0.0,100.0,1.0038642218517957,0.0,0.0,48.81050041016601,13.229189262417847,18.83214285714322,0.0,1.0038642218517957,-0.0154123429208993
NIFTY,2026-07-24 09:59:00,23787.0,1.0000000328976468,-1.6280012587137065,23785.937288472847,TRENDING_BULL,-0.0096365679055452,0.25,-9.563842180853184e-05,0.2689450682906281,0.2689593188132715,-9.563842180853184e-05,0.0013421112636587,NEUTRAL,0.4620956128961004,,,0.0,0.0,0.0,0.0,0.0,100.0,1.0009588130903218,0.0,0.0,48.212461695593866,57.608408714837005,7.48928571428561,0.0,1.0009588130903218,-0.0171829015016555
NIFTY,2026-07-24 09:55:00,23787.0,1.0,7.833158727378061,23781.087950217672,TRENDING_BEAR,-0.0098973838612437,0.2,-0.0002779046233859,0.2689418679823456,0.2689415448620955,-0.0002779046233859,0.0,NEUTRAL,0.4621165871555588,,,0.0,0.0,0.0,0.0,0.0,100.0,1.0038642218517957,0.0,0.0,48.81050041016601,13.229189262417847,18.83214285714322,0.0,1.0038642218517957,-0.0154123429208993
NIFTY,2026-07-24 09:59:00,23787.0,1.0000000328976468,-1.6280012587137065,23786.240347292667,TRENDING_BULL,-0.0096365679055452,0.25,-0.0001443881951023,0.2689447400650285,0.2689577080053706,-0.0001443881951023,0.0448299945632834,NEUTRAL,0.4620975519296009,,,0.0,0.0,0.0,0.0,0.0,100.0,1.0009588130903218,0.0,0.0,48.212461695593866,57.608408714837005,7.48928571428561,0.0,1.0009588130903218,-0.0171829015016555
NIFTY,2026-07-24 09:59:00,23787.0,1.0000000328976468,-1.6280012587137065,23785.72889349287,TRENDING_BULL,-0.0096365679055452,0.25,-8.678095748301045e-05,0.2689450286445776,0.2689591242450966,-8.678095748301045e-05,0.0013985972449597,NEUTRAL,0.4620958471103258,,,0.0,0.0,0.0,0.0,0.0,100.0,1.0009588130903218,0.0,0.0,48.212461695593866,57.608408714837005,7.48928571428561,0.0,1.0009588130903218,-0.0171829015016555
NIFTY,2026-07-24 09:45:00,23787.0,1.0,16.429642292718032,23786.926227996715,TRENDING_BEAR,-0.008039204403758,0.2,0.0009246978850537,0.2689423128083048,0.269175951911164,0.0009246978850537,0.0,NEUTRAL,0.4618817352805311,-0.0006032263149597,True,0.0008333333333333,0.1666666666666666,16.666666666666664,16.666666666666664,0.0,83.33333333333334,0.9986889324043802,0.0,0.0,65.99362380445999,36.78163727442863,39.12857142857138,0.0,0.9986889324043802,-0.0141113609075546
NIFTY,2026-07-24 09:55:00,23787.0,1.0,7.833158727378061,23780.792492390505,TRENDING_BEAR,-0.0098973838612437,0.2,-0.0003601670770354,0.2689418712318299,0.2689415457606052,-0.0003601670770354,0.0,NEUTRAL,0.4621165830075649,,,0.0,0.0,0.0,0.0,0.0,100.0,1.0038642218517957,0.0,0.0,48.81050041016601,13.229189262417847,18.83214285714322,0.0,1.0038642218517957,-0.0154123429208993
NIFTY,2026-07-24 09:59:00,23787.0,1.0000000328976468,-1.6280012587137065,23786.22020225289,TRENDING_BULL,-0.0096365679055452,0.25,-5.390463709973637e-05,0.2689449233761174,0.2689583714545781,-5.390463709973637e-05,0.0015829027958042,NEUTRAL,0.4620967051693044,,,0.0008333333333333,0.1666666666666666,16.666666666666664,16.666666666666664,0.0,83.33333333333334,1.0009588130903218,0.0,0.0,48.212461695593866,57.608408714837005,7.48928571428561,0.0,1.0009588130903218,-0.0171829015016555
NIFTY,2026-07-24 04:00:00,89.47,1.5,-2.9205532658070847,89.44712489489017,TRANSITION,-0.0070960987359285,0.2,-0.007096459640448,0.2888450864100285,0.3271893654726173,-0.007096459640448,0.1399322120271762,NEUTRAL,0.3839655481173541,-0.0017962226556233,True,-0.0008333333333333,0.1666666666666666,16.666666666666664,0.0,16.666666666666664,83.33333333333334,1.0,0.0,0.0,,,,,1.0,-0.012190643325448
NIFTY,2026-07-23 04:00:00,7408.3,1.5,-115.15523504741368,7446.976705708542,TRANSITION,-0.0099472077563405,0.2,0.0018013945394091,0.304836527622327,0.283785723049696,0.0018013945394091,0.0677742593464521,NEUTRAL,0.4113777493279769,,,-0.0008333333333333,0.1666666666666666,16.666666666666664,0.0,16.666666666666664,83.33333333333334,1.0,0.0,0.0,,,,,1.0,-0.0117485225200653
NIFTY,2026-07-24 09:55:00,23787.0,1.0,7.833158727378061,23780.0801067655,TRENDING_BEAR,-0.0098973838612437,0.2,-1.521899884360006e-05,0.2689418206744979,0.2689549781494024,-1.521899884360006e-05,0.0062794017536922,NEUTRAL,0.4621032011760996,,,0.0,0.0,0.0,0.0,0.0,100.0,1.0038642218517957,0.0,0.0,48.81050041016601,13.229189262417847,18.83214285714322,0.0,1.0038642218517957,-0.0154123429208993
NIFTY,2026-07-24 09:59:00,23787.0,1.0000000328976468,-1.6280012587137065,23786.18670731221,TRENDING_BULL,-0.0096365679055452,0.25,-0.000364681281489,0.2689442614889187,0.268955359342366,-0.000364681281489,0.1022533133957332,NEUTRAL,0.4621003791687152,,,0.0,0.0,0.0,0.0,0.0,100.0,1.0009588130903218,0.0,0.0,48.212461695593866,57.608408714837005,7.48928571428561,0.0,1.0009588130903218,-0.0171829015016555
NIFTY,2026-07-24 09:59:00,23787.0,1.0000000328976468,-1.6280012587137065,23786.01440117453,TRENDING_BULL,-0.0096365679055452,0.25,-5.1131799976758206e-05,0.2689449215650659,0.2689585987387492,-5.1131799976758206e-05,0.0016359763425505,NEUTRAL,0.4620964796961849,,,0.0,0.0,0.0,0.0,0.0,100.0,1.0009588130903218,0.0,0.0,48.212461695593866,57.608408714837005,7.48928571428561,0.0,1.0009588130903218,-0.0171829015016555
NIFTY,2026-07-24 09:59:00,23787.0,1.0000000328976468,-1.6280012587137065,23786.17416588456,TRENDING_BULL,-0.0096365679055452,0.25,-0.0001306491015933,0.2689447121317685,0.2689575709196516,-0.0001306491015933,0.0463390131089363,NEUTRAL,0.4620977169485798,,,0.0,0.0,0.0,0.0,0.0,100.0,1.0009588130903218,0.0,0.0,48.212461695593866,57.608408714837005,7.48928571428561,0.0,1.0009588130903218,-0.0171829015016555
NIFTY,2026-07-24 09:55:00,23787.0,1.0,7.833158727378061,23781.322128179498,TRENDING_BEAR,-0.0098973838612437,0.2,-2.326375833683532e-05,0.2689418084526213,0.2689415284016276,-2.326375833683532e-05,0.0,NEUTRAL,0.4621166631457511,,,0.0,0.0,0.0,0.0,0.0,100.0,1.0038642218517957,0.0,0.0,48.81050041016601,13.229189262417847,18.83214285714322,0.0,1.0038642218517957,-0.0154123429208993
NIFTY,2026-07-24 09:59:00,23787.0,1.0000000328976468,-1.6280012587137065,23786.155561618,TRENDING_BULL,-0.0096365679055452,0.25,-5.8309029606684414e-05,0.2689449345466153,0.2689586624473293,-5.8309029606684414e-05,0.0015852884525829,NEUTRAL,0.4620964030060553,,,0.0,0.0,0.0,0.0,0.0,100.0,1.0009588130903218,0.0,0.0,48.212461695593866,57.608408714837005,7.48928571428561,0.0,1.0009588130903218,-0.0171829015016555
NIFTY,2026-07-24 09:59:00,23787.0,1.0000000328976468,-1.6280012587137065,23786.066959889104,TRENDING_BULL,-0.0096365679055452,0.25,-4.0393670517659046e-05,0.268944912080881,0.2689585521939288,-4.0393670517659046e-05,0.0017165413816025,NEUTRAL,0.4620965357251901,,,0.0,0.0,0.0,0.0,0.0,100.0,1.0009588130903218,0.0,0.0,48.212461695593866,57.608408714837005,7.48928571428561,0.0,1.0009588130903218,-0.0171829015016555
NIFTY,2026-07-24 09:55:00,23787.0,1.0,7.833158727378061,23780.66897103288,TRENDING_BEAR,-0.0098973838612437,0.2,-0.0002078979047739,0.2689418697052592,0.2689415453384956,-0.0002078979047739,0.0,NEUTRAL,0.4621165849562451,,,0.0,0.0,0.0,0.0,0.0,100.0,1.0038642218517957,0.0,0.0,48.81050041016601,13.229189262417847,18.83214285714322,0.0,1.0038642218517957,-0.0154123429208993
NIFTY,2026-07-23 15:00:00,6690.62,1.5,-456.4015996665354,6794.443055501131,TRANSITION,-0.0104771796613931,0.2,-0.0045655272716142,0.2972956304092619,0.3204503996386758,-0.0045655272716142,0.0887300266386239,NEUTRAL,0.3822539699520623,,,-0.0008333333333333,0.1666666666666666,16.666666666666664,0.0,16.666666666666664,83.33333333333334,1.0,0.0,0.0,,,,,1.0,-0.0098591733723878
NIFTY,2026-07-23 18:30:00,14.03,1.0,,,TRANSITION,-0.0111876754090189,0.2,-0.0113877289689159,0.2743820371196667,0.3466301228563095,-0.0113877289689159,0.2445206618946186,NEUTRAL,0.3789878400240236,,,-0.0008333333333333,0.1666666666666666,16.666666666666664,0.0,16.666666666666664,83.33333333333334,1.0,0.0,0.0,,,,,1.0,-0.0155482482165098
NIFTY,2026-07-24 09:55:00,23787.0,1.0,7.833158727378061,23780.542681478004,TRENDING_BEAR,-0.0098973838612437,0.2,-5.876300121621512e-05,0.2689418340180881,0.2689415354706937,-5.876300121621512e-05,0.0,NEUTRAL,0.4621166305112182,,,0.0,0.0,0.0,0.0,0.0,100.0,1.0038642218517957,0.0,0.0,48.81050041016601,13.229189262417847,18.83214285714322,0.0,1.0038642218517957,-0.0154123429208993
NIFTY,2026-07-24 09:55:00,23787.0,1.0,7.833158727378061,23781.60098794478,TRENDING_BEAR,-0.0098973838612437,0.2,-9.41131406633872e-05,0.2689418256646868,0.2689415331609082,-9.41131406633872e-05,0.0,NEUTRAL,0.4621166411744049,,,0.0,0.0,0.0,0.0,0.0,100.0,1.0038642218517957,0.0,0.0,48.81050041016601,13.229189262417847,18.83214285714322,0.0,1.0038642218517957,-0.0154123429208993
NIFTY,2026-07-24 09:55:00,23787.0,1.0,7.833158727378061,23781.53861158968,TRENDING_BEAR,-0.0098973838612437,0.2,-0.0001853189505227,0.268941841149021,0.2689415374424565,-0.0001853189505227,0.0,NEUTRAL,0.4621166214085225,,,0.0,0.0,0.0,0.0,0.0,100.0,1.0038642218517957,0.0,0.0,48.81050041016601,13.229189262417847,18.83214285714322,0.0,1.0038642218517957,-0.0154123429208993
NIFTY,2026-07-24 09:59:00,23787.0,1.0000000328976468,-1.6280012587137065,23786.103565243346,TRENDING_BULL,-0.0096365679055452,0.25,-5.295531057533282e-05,0.2689449243792657,0.2689586125497867,-5.295531057533282e-05,0.0016228851900166,NEUTRAL,0.4620964630709476,,,0.0,0.0,0.0,0.0,0.0,100.0,1.0009588130903218,0.0,0.0,48.212461695593866,57.608408714837005,7.48928571428561,0.0,1.0009588130903218,-0.0171829015016555
NIFTY,2026-07-24 09:59:00,23787.0,1.0000000328976468,-1.6280012587137065,23785.9485072384,TRENDING_BULL,-0.0096365679055452,0.25,-5.26863603369508e-05,0.2689449239430249,0.2689586104088806,-5.26863603369508e-05,0.0016248063569844,NEUTRAL,0.4620964656480944,,,0.0,0.0,0.0,0.0,0.0,100.0,1.0009588130903218,0.0,0.0,48.212461695593866,57.608408714837005,7.48928571428561,0.0,1.0009588130903218,-0.0171829015016555
NIFTY,2026-07-24 09:55:00,23787.0,1.0,7.833158727378061,23781.109861328983,TRENDING_BEAR,-0.0098973838612437,0.2,-0.0002580187917029,0.2689418491834282,0.2689415396640374,-0.0002580187917029,0.0,NEUTRAL,0.4621166111525343,,,0.0,0.0,0.0,0.0,0.0,100.0,1.0038642218517957,0.0,0.0,48.81050041016601,13.229189262417847,18.83214285714322,0.0,1.0038642218517957,-0.0154123429208993
NIFTY,2026-07-24 09:59:00,23787.0,1.0000000328976468,-1.6280012587137065,23785.83406726629,TRENDING_BULL,-0.0096365679055452,0.25,-5.1788635825222354e-05,0.2689449225398218,0.2689586035224856,-5.1788635825222354e-05,0.0016312430121279,NEUTRAL,0.4620964739376927,,,0.0,0.0,0.0,0.0,0.0,100.0,1.0009588130903218,0.0,0.0,48.212461695593866,57.608408714837005,7.48928571428561,0.0,1.0009588130903218,-0.0171829015016555
NIFTY,2026-07-24 09:55:00,23787.0,1.0,7.833158727378061,23780.645027664003,TRENDING_BEAR,-0.0098973838612437,0.2,-4.444788676284693e-05,0.2689418003022493,0.2689415267079139,-4.444788676284693e-05,0.0,NEUTRAL,0.4621166729898369,,,-0.0008333333333333,0.1666666666666666,16.666666666666664,0.0,16.666666666666664,83.33333333333334,1.0038642218517957,0.0,0.0,48.81050041016601,13.229189262417847,18.83214285714322,0.0,1.0038642218517957,-0.0154123429208993
NIFTY,2026-07-23 16:00:00,24963.23,1.0,-198.7324144200511,25033.534470061742,TRANSITION,-0.0123516973108053,0.2,-0.0278065483578189,0.2735886919700764,0.3635633660008125,-0.0278065483578189,0.25,NEUTRAL,0.3628479420291109,,,0.0,0.0,0.0,0.0,0.0,100.0,1.0,0.0,0.0,,,,,1.0,-0.0141293887048959
NIFTY,2026-07-23 16:00:00,24963.23,1.0,-198.7324144200511,25035.24202834686,TRANSITION,-0.0123516973108053,0.2,-0.0354333826667098,0.2723081782334761,0.3648809092968177,-0.0354333826667098,0.25,NEUTRAL,0.3628109124697061,,,0.0008333333333333,0.1666666666666666,16.666666666666664,16.666666666666664,0.0,83.33333333333334,1.0,0.0,0.0,,,,,1.0,-0.0141293887048959
NIFTY,2026-07-24 09:55:00,23787.0,1.0,7.833158727378061,23780.81932242366,TRENDING_BEAR,-0.0098973838612437,0.2,-0.0004001016600272,0.2689418752797062,0.2689415468798768,-0.0004001016600272,0.0,NEUTRAL,0.4621165778404169,,,0.0,0.0,0.0,0.0,0.0,100.0,1.0038642218517957,0.0,0.0,48.81050041016601,13.229189262417847,18.83214285714322,0.0,1.0038642218517957,-0.0154123429208993
NIFTY,2026-07-24 09:59:00,23787.0,1.0000000328976468,-1.6280012587137065,23785.98174112023,TRENDING_BULL,-0.0096365679055452,0.25,-9.944842790177756e-05,0.2689448536087598,0.2689582652347866,-9.944842790177756e-05,0.0232805933394133,NEUTRAL,0.4620968811564536,,,0.0,0.0,0.0,0.0,0.0,100.0,1.0009588130903218,0.0,0.0,48.212461695593866,57.608408714837005,7.48928571428561,0.0,1.0009588130903218,-0.0171829015016555
NIFTY,2026-07-24 09:59:00,23787.0,1.0000000328976468,-1.6280012587137065,23786.178289355383,TRENDING_BULL,-0.0096365679055452,0.25,-8.649458006121515e-05,0.2689448565007369,0.2689582794275174,-8.649458006121515e-05,0.0198359296258199,NEUTRAL,0.4620968640717456,,,0.0,0.0,0.0,0.0,0.0,100.0,1.0009588130903218,0.0,0.0,48.212461695593866,57.608408714837005,7.48928571428561,0.0,1.0009588130903218,-0.0171829015016555
NIFTY,2026-07-24 09:59:00,23787.0,1.0000000328976468,-1.6280012587137065,23786.09072179383,TRENDING_BULL,-0.0096365679055452,0.25,-7.5925019827266e-05,0.2689449858732901,0.2689589143394914,-7.5925019827266e-05,0.001468114147787,NEUTRAL,0.4620960997872185,,,0.0,0.0,0.0,0.0,0.0,100.0,1.0009588130903218,0.0,0.0,48.212461695593866,57.608408714837005,7.48928571428561,0.0,1.0009588130903218,-0.0171829015016555
NIFTY,2026-07-24 09:55:00,23787.0,1.0,7.833158727378061,23780.907978046147,TRENDING_BEAR,-0.0098973838612437,0.2,0.0001461133484736,0.2689418059980988,0.2689415277229315,0.0001461133484736,0.0422596985686645,NEUTRAL,0.4621166662789697,,,0.0,0.0,0.0,0.0,0.0,100.0,1.0038642218517957,0.0,0.0,48.81050041016601,13.229189262417847,18.83214285714322,0.0,1.0038642218517957,-0.0154123429208993
NIFTY,2026-07-24 09:55:00,23787.0,1.0,7.833158727378061,23780.40806445999,TRENDING_BEAR,-0.0098973838612437,0.2,-0.0001383277679766,0.2689418354361959,0.2689415358628124,-0.0001383277679766,0.0,NEUTRAL,0.4621166287009917,,,0.0,0.0,0.0,0.0,0.0,100.0,1.0038642218517957,0.0,0.0,48.81050041016601,13.229189262417847,18.83214285714322,0.0,1.0038642218517957,-0.0154123429208993
NIFTY,2026-07-24 04:00:00,4050.2,1.5,-27.81625425558846,4059.895708011036,TRANSITION,-0.0067373435012996,0.2,-0.0319619055337454,0.2689892763670484,0.3774083139902596,-0.0319619055337454,0.25,NEUTRAL,0.3536024096426919,-0.0012279819247823,True,-0.0008333333333333,0.1666666666666666,16.666666666666664,0.0,16.666666666666664,83.33333333333334,1.0,0.0,0.0,,,,,1.0,-0.0127395395189523
NIFTY,2026-07-24 09:59:00,23787.0,1.0000000328976468,-1.6280012587137065,23785.972643780697,TRENDING_BULL,-0.0096365679055452,0.25,-5.13656412473424e-05,0.2689449219070378,0.2689586004170191,-5.13656412473424e-05,0.0016342888828714,NEUTRAL,0.4620964776759431,,,0.0,0.0,0.0,0.0,0.0,100.0,1.0009588130903218,0.0,0.0,48.212461695593866,57.608408714837005,7.48928571428561,0.0,1.0009588130903218,-0.0171829015016555
NIFTY,2026-07-24 09:59:00,23787.0,1.0000000328976468,-1.6280012587137065,23785.847742562848,TRENDING_BULL,-0.0096365679055452,0.25,-7.397175589779653e-05,0.2689449789835347,0.2689588805271366,-7.397175589779653e-05,0.0014807572311726,NEUTRAL,0.4620961404893286,,,0.0,0.0,0.0,0.0,0.0,100.0,1.0009588130903218,0.0,0.0,48.212461695593866,57.608408714837005,7.48928571428561,0.0,1.0009588130903218,-0.0171829015016555
NIFTY,2026-07-23 18:30:00,14.03,1.0,0.5659261731584636,13.692929527882528,TRANSITION,-0.0129909887909889,0.2,0.0084056296728619,0.3367052804668561,0.2857224255316781,0.0084056296728619,0.0944396042168562,NEUTRAL,0.3775722940014656,,,-0.0008333333333333,0.1666666666666666,16.666666666666664,0.0,16.666666666666664,83.33333333333334,1.0,0.0,0.0,,,,,1.0,-0.0145153686404228
NIFTY,2026-07-24 09:45:00,23787.0,1.0,16.429642292718032,23787.142710050102,TRENDING_BEAR,-0.008039204403758,0.2,0.0006215269617181,0.2690959117395877,0.2689656834486867,0.0006215269617181,0.0414487268891121,NEUTRAL,0.4619384048117256,-0.0006032263149597,True,-0.0008333333333333,0.1666666666666666,16.666666666666664,0.0,16.666666666666664,83.33333333333334,0.9986889324043802,0.0,0.0,65.99362380445999,36.78163727442863,39.12857142857138,0.0,0.9986889324043802,-0.0141113609075546
NIFTY,2026-07-24 09:55:00,23787.0,1.0,7.833158727378061,23781.250804369007,TRENDING_BEAR,-0.0098973838612437,0.2,-0.0002893474810156,0.2689418512108691,0.2689415402246418,-0.0002893474810156,0.0,NEUTRAL,0.4621166085644889,,,0.0,0.0,0.0,0.0,0.0,100.0,1.0038642218517957,0.0,0.0,48.81050041016601,13.229189262417847,18.83214285714322,0.0,1.0038642218517957,-0.0154123429208993
NIFTY,2026-07-24 09:59:00,23787.0,1.0000000328976468,-1.6280012587137065,23786.114660887004,TRENDING_BULL,-0.0096365679055452,0.25,-4.145619418503829e-05,0.2689449124637441,0.2689585540728768,-4.145619418503829e-05,0.0017082798951093,NEUTRAL,0.462096533463379,,,0.0,0.0,0.0,0.0,0.0,100.0,1.0009588130903218,0.0,0.0,48.212461695593866,57.608408714837005,7.48928571428561,0.0,1.0009588130903218,-0.0171829015016555
NIFTY,2026-07-24 09:59:00,23787.0,1.0000000328976468,-1.6280012587137065,23786.139111846896,TRENDING_BULL,-0.0096365679055452,0.25,-4.501504516735888e-05,0.2689449146461771,0.268958564783439,-4.501504516735888e-05,0.0016810925540769,NEUTRAL,0.4620965205703838,,,0.0,0.0,0.0,0.0,0.0,100.0,1.0009588130903218,0.0,0.0,48.212461695593866,57.608408714837005,7.48928571428561,0.0,1.0009588130903218,-0.0171829015016555
NIFTY,2026-07-24 09:55:00,23787.0,1.0,7.833158727378061,23780.48740986139,TRENDING_BEAR,-0.0098973838612437,0.2,-0.0004145428194434,0.2689418707262109,0.2689415456207972,-0.0004145428194434,0.0,NEUTRAL,0.4621165836529918,,,0.0,0.0,0.0,0.0,0.0,100.0,1.0038642218517957,0.0,0.0,48.81050041016601,13.229189262417847,18.83214285714322,0.0,1.0038642218517957,-0.0154123429208993
NIFTY,2026-07-24 09:55:00,23787.0,1.0,7.833158727378061,23781.52348385056,TRENDING_BEAR,-0.0098973838612437,0.2,7.488238500749235e-05,0.2689418101543698,0.2689415288721754,7.488238500749235e-05,0.0330565659308759,NEUTRAL,0.4621166609734547,,,0.0,0.0,0.0,0.0,0.0,100.0,1.0038642218517957,0.0,0.0,48.81050041016601,13.229189262417847,18.83214285714322,0.0,1.0038642218517957,-0.0154123429208993
NIFTY,2026-07-24 09:59:00,23787.0,1.0000000328976468,-1.6280012587137065,23785.78621890279,TRENDING_BULL,-0.0096365679055452,0.25,-6.839000323824682e-05,0.2689449608388389,0.2689587914797346,-6.839000323824682e-05,0.0015172732830784,NEUTRAL,0.4620962476814263,,,0.0,0.0,0.0,0.0,0.0,100.0,1.0009588130903218,0.0,0.0,48.212461695593866,57.608408714837005,7.48928571428561,0.0,1.0009588130903218,-0.0171829015016555
NIFTY,2026-07-24 09:55:00,23787.0,1.0,7.833158727378061,23781.556656716475,TRENDING_BEAR,-0.0098973838612437,0.2,-0.0001763143856867,0.2689418267773313,0.2689415334685638,-0.0001763143856867,0.0,NEUTRAL,0.4621166397541048,,,0.0,0.0,0.0,0.0,0.0,100.0,1.0038642218517957,0.0,0.0,48.81050041016601,13.229189262417847,18.83214285714322,0.0,1.0038642218517957,-0.0154123429208993
NIFTY,2026-07-24 09:55:00,23787.0,1.0,7.833158727378061,23781.089127384552,TRENDING_BEAR,-0.0098973838612437,0.2,-0.0001734203896943,0.2689418361318966,0.2689415360551795,-0.0001734203896943,0.0,NEUTRAL,0.4621166278129239,,,0.0,0.0,0.0,0.0,0.0,100.0,1.0038642218517957,0.0,0.0,48.81050041016601,13.229189262417847,18.83214285714322,0.0,1.0038642218517957,-0.0154123429208993
NIFTY,2026-07-24 09:55:00,23787.0,1.0,7.833158727378061,23780.61874367364,TRENDING_BEAR,-0.0098973838612437,0.2,-0.0002327573980138,0.2689418603001704,0.2689415427379097,-0.0002327573980138,0.0,NEUTRAL,0.4621165969619198,,,0.0,0.0,0.0,0.0,0.0,100.0,1.0038642218517957,0.0,0.0,48.81050041016601,13.229189262417847,18.83214285714322,0.0,1.0038642218517957,-0.0154123429208993
NIFTY,2026-07-24 09:59:00,23787.0,1.0000000328976468,-1.6280012587137065,23786.0394395758,TRENDING_BULL,-0.0096365679055452,0.25,-9.438099335430028e-05,0.2689450624408249,0.2689592901045933,-9.438099335430028e-05,0.0013501479270067,NEUTRAL,0.4620956474545817,,,0.0,0.0,0.0,0.0,0.0,100.0,1.0009588130903218,0.0,0.0,48.212461695593866,57.608408714837005,7.48928571428561,0.0,1.0009588130903218,-0.0171829015016555
NIFTY,2026-07-24 09:55:00,23787.0,1.0,7.833158727378061,23780.6222141123,TRENDING_BEAR,-0.0098973838612437,0.2,-0.0001589579332352,0.2689418236496443,0.268941532603732,-0.0001589579332352,0.0,NEUTRAL,0.4621166437466236,,,0.0,0.0,0.0,0.0,0.0,100.0,1.0038642218517957,0.0,0.0,48.81050041016601,13.229189262417847,18.83214285714322,0.0,1.0038642218517957,-0.0154123429208993
NIFTY,2026-07-24 09:55:00,23787.0,1.0,7.833158727378061,23780.631690240003,TRENDING_BEAR,-0.0098973838612437,0.2,-2.5571399027196584e-06,0.2689417953789039,0.269056915558465,-2.5571399027196584e-06,0.0,NEUTRAL,0.462001289062631,,,0.0,0.0,0.0,0.0,0.0,100.0,1.0038642218517957,0.0,0.0,48.81050041016601,13.229189262417847,18.83214285714322,0.0,1.0038642218517957,-0.0154123429208993
NIFTY,2026-07-24 09:55:00,23787.0,1.0,7.833158727378061,23780.811024570365,TRENDING_BEAR,-0.0098973838612437,0.2,6.107561429576738e-05,0.2689418151594569,0.268941530256124,6.107561429576738e-05,0.0174219931028333,NEUTRAL,0.4621166545844191,,,0.0,0.0,0.0,0.0,0.0,100.0,1.0038642218517957,0.0,0.0,48.81050041016601,13.229189262417847,18.83214285714322,0.0,1.0038642218517957,-0.0154123429208993
NIFTY,2026-07-24 09:59:00,23787.0,1.0000000328976468,-1.6280012587137065,23785.80541075128,TRENDING_BULL,-0.0096365679055452,0.25,-6.749226921264404e-05,0.2689449581462277,0.2689587782654039,-6.749226921264404e-05,0.0015232103923303,NEUTRAL,0.4620962635883683,,,0.0,0.0,0.0,0.0,0.0,100.0,1.0009588130903218,0.0,0.0,48.212461695593866,57.608408714837005,7.48928571428561,0.0,1.0009588130903218,-0.0171829015016555
NIFTY,2026-07-24 09:59:00,23787.0,1.0000000328976468,-1.6280012587137065,23785.66018690749,TRENDING_BULL,-0.0096365679055452,0.25,-6.917618133634151e-05,0.2689449632497844,0.2689588033117553,-6.917618133634151e-05,0.0015120899284364,NEUTRAL,0.4620962334384602,,,0.0,0.0,0.0,0.0,0.0,100.0,1.0009588130903218,0.0,0.0,48.212461695593866,57.608408714837005,7.48928571428561,0.0,1.0009588130903218,-0.0171829015016555
NIFTY,2026-07-24 09:59:00,23787.0,1.0000000328976468,-1.6280012587137065,23785.881660998068,TRENDING_BULL,-0.0096365679055452,0.25,-0.0002797780605272,0.2689444166681616,0.2689561208998243,-0.0002797780605272,0.0872277885187131,NEUTRAL,0.462099462432014,,,0.0,0.0,0.0,0.0,0.0,100.0,1.0009588130903218,0.0,0.0,48.212461695593866,57.608408714837005,7.48928571428561,0.0,1.0009588130903218,-0.0171829015016555
BANKNIFTY,2026-07-24 09:59:00,56755.4,1.0000000328976466,4.158622976793971,56748.93460603544,TRENDING_BULL,12.475868930381914,0.25,-0.0001207222967211,0.2689499253168271,0.2689466053705561,-0.0001207222967211,0.0,NEUTRAL,0.4621034693126168,,,0.0,0.0,0.0,0.0,0.0,100.0,1.0021158274472188,0.0,0.0,55.81778265641829,72.83176497333487,24.57142857142909,0.0,1.0021158274472188,20.793114883969857
BANKNIFTY,2026-07-24 09:55:00,56755.4,1.0,44.38184549365084,56725.223443542185,TRENDING_BULL,133.1455364809525,0.25,0.0001852794134298,0.2690207676842818,0.2689421500620937,0.0001852794134298,0.0,NEUTRAL,0.4620370822536244,0.0003813566495501,True,0.0,0.0,0.0,0.0,0.0,100.0,1.0047064844308369,0.0,0.0,50.73124705142119,15.31215524419215,52.65357142857257,0.0,1.0047064844308369,221.9092274682542
FINNIFTY,2026-07-24T09:59:00,28376.65,1.000000000000001,-3.3570290710782507,28375.30061000039,TRANSITION,-10.071087213234753,0.2,-0.0001878824499089,1.795486481392949e-08,5.4616546950731974e-08,-0.0001878824499089,3.89539119545268e-08,NEUTRAL,0.9999999274285882,,,0.0008333333333333,0.1666666666666666,16.666666666666664,16.666666666666664,0.0,83.33333333333334,1.0012691854121238,0.0,0.0,50.11428571427811,52.56598987112575,11.32142857142883,0.0,1.0012691854121238,-16.785145355391254
FINNIFTY,2026-07-24T09:55:00,25932.3,1.0,13.3994362554876,25924.80786654371,TRANSITION,40.1983087664628,0.2,0.0003424431372835,2.91352690141075e-07,2.2138923093885037e-09,0.0003424431372835,2.892796994394952e-07,NEUTRAL,0.9999997064334176,,,-0.0008333333333333,0.1666666666666666,16.666666666666664,0.0,16.666666666666664,83.33333333333334,1.0043445015987766,0.0,0.0,41.2890515057662,22.86868910869661,27.782142857143167,0.0,1.0043445015987766,66.997181277438
MIDCPNIFTY,2026-07-24T09:59:00,17727.35,1.0000000252826582,0.7871235701458348,17725.97255802064,TRANSITION,2.3613707104375043,0.2,-1.3751303601362713e-05,4.4069106280066424e-08,2.8621701318352265e-08,-1.3751303601362713e-05,1.894184752930408e-08,NEUTRAL,0.9999999273091924,,,0.0008333333333333,0.1666666666666666,16.666666666666664,16.666666666666664,0.0,83.33333333333334,1.0000930794051943,0.0,0.0,59.69773299745711,69.1181266387526,5.710714285714597,0.0,1.0000930794051943,3.935617850729174
MIDCPNIFTY,2026-07-24T09:55:00,14443.5,1.0,-5.807887050089577,14440.593839471649,TRANSITION,-17.42366115026873,0.2,-0.0007435867167354,2.838203847610991e-09,6.250343600685279e-06,-0.0007435867167354,6.248443933854524e-06,NEUTRAL,0.9999937468181954,,,0.0008333333333333,0.1666666666666666,16.666666666666664,16.666666666666664,0.0,83.33333333333334,1.005608137869324,0.0,0.0,62.02531645568728,13.605195213254452,14.935714285714182,0.0,1.005608137869324,-29.039435250447884
NIFTY,2026-07-24 18:57:51,24671.75,1.0,-5.005809268371014,24665.783636707863,TRENDING_BULL,-0.0087876683101058,0.25,-0.0006732417241698,0.2689424428333997,0.2689499069293922,-0.0006732417241698,0.0660567584060959,NEUTRAL,0.462107650237208,,,0.0008333333333333,0.1666666666666666,16.666666666666664,16.666666666666664,0.0,83.33333333333334,1.0045594944611802,0.0,0.0,69.09809558030607,48.13290485053057,55.11071428571476,2.240473738414006,1.0045594944611802,-0.0141400046646594
NIFTY,2026-07-24 09:55:00,23787.0,1.0,7.833158727378061,23780.34881870284,TRENDING_BEAR,-0.0098973838612437,0.2,-0.0002926445457042,0.2689418571523604,0.2689415418675139,-0.0002926445457042,0.0,NEUTRAL,0.4621166009801256,,,0.0,0.0,0.0,0.0,0.0,100.0,1.0038642218517957,0.0,0.0,48.81050041016601,13.229189262417847,18.83214285714322,0.0,1.0038642218517957,-0.0154123429208993
NIFTY,2026-07-24 09:59:00,23787.0,1.0000000328976468,-1.6280012587137065,23785.952704989413,TRENDING_BULL,-0.0096365679055452,0.25,-5.025902019371855e-05,0.2689449203382915,0.2689585927182008,-5.025902019371855e-05,0.0016422977120855,NEUTRAL,0.4620964869435076,,,0.0,0.0,0.0,0.0,0.0,100.0,1.0009588130903218,0.0,0.0,48.212461695593866,57.608408714837005,7.48928571428561,0.0,1.0009588130903218,-0.0171829015016555
NIFTY,2026-07-24 09:59:00,23787.0,1.0000000328976468,-1.6280012587137065,23786.00873756139,TRENDING_BULL,-0.0096365679055452,0.25,-6.300158688259482e-05,0.268944945681031,0.2689587170908755,-6.300158688259482e-05,0.0015532350182021,NEUTRAL,0.4620963372280935,,,0.0,0.0,0.0,0.0,0.0,100.0,1.0009588130903218,0.0,0.0,48.212461695593866,57.608408714837005,7.48928571428561,0.0,1.0009588130903218,-0.0171829015016555
NIFTY,2026-07-23 04:00:00,25137.69,1.5,-707.5539945298133,25390.888240342632,TRANSITION,-0.0089702866971492,0.2,0.0029822448752595,0.3156910380192843,0.2997158861470145,0.0029822448752595,0.0907273877456853,NEUTRAL,0.3845930758337011,,,0.0008333333333333,0.1666666666666666,16.666666666666664,16.666666666666664,0.0,83.33333333333334,1.0,0.0,0.0,,,,,1.0,-0.0077216394245624
NIFTY,2026-07-24 09:55:00,23787.0,1.0,7.833158727378061,23781.110473166023,TRENDING_BEAR,-0.0098973838612437,0.2,-5.851211107740915e-06,0.2689418154771723,0.2689415309263309,-5.851211107740915e-06,0.0,NEUTRAL,0.4621166535964968,,,-0.0008333333333333,0.1666666666666666,16.666666666666664,0.0,16.666666666666664,83.33333333333334,1.0038642218517957,0.0,0.0,48.81050041016601,13.229189262417847,18.83214285714322,0.0,1.0038642218517957,-0.0154123429208993
NIFTY,2026-07-23T04:00:00,25137.69,1.5,-707.5539945298133,25425.50895853,TRANSITION,-0.0089702866971492,0.2,0.0042810360633772,0.3155918848327488,0.2929750956372909,0.0042810360633772,0.0963420343300039,NEUTRAL,0.3914330195299603,0.0028923554397405,True,0.0,0.0,0.0,0.0,0.0,100.0,1.0,0.0,0.0,,,,,1.0,-0.0077216394245624
NIFTY,2026-07-24 09:59:00,23787.0,1.0000000328976468,-1.6280012587137065,23786.18798091934,TRENDING_BULL,-0.0096365679055452,0.25,-4.934970300862467e-05,0.2689449191439012,0.2689585868565808,-4.934970300862467e-05,0.0016489232997717,NEUTRAL,0.462096493999518,,,0.0,0.0,0.0,0.0,0.0,100.0,1.0009588130903218,0.0,0.0,48.212461695593866,57.608408714837005,7.48928571428561,0.0,1.0009588130903218,-0.0171829015016555
NIFTY,2026-07-24 09:55:00,23787.0,1.0,7.833158727378061,23780.855410544817,TRENDING_BEAR,-0.0098973838612437,0.2,-0.000158102236398,0.2689418490616249,0.2689415396303578,-0.000158102236398,0.0,NEUTRAL,0.4621166113080173,,,0.0,0.0,0.0,0.0,0.0,100.0,1.0038642218517957,0.0,0.0,48.81050041016601,13.229189262417847,18.83214285714322,0.0,1.0038642218517957,-0.0154123429208993
NIFTY,2026-07-24 09:59:00,23787.0,1.0000000328976468,-1.6280012587137065,23785.6411347456,TRENDING_BULL,-0.0096365679055452,0.25,-5.854888374427882e-05,0.2689449350666669,0.2689586649995479,-5.854888374427882e-05,0.00158363105986,NEUTRAL,0.4620963999337852,,,0.0,0.0,0.0,0.0,0.0,100.0,1.0009588130903218,0.0,0.0,48.212461695593866,57.608408714837005,7.48928571428561,0.0,1.0009588130903218,-0.0171829015016555
NIFTY,2026-07-24 09:55:00,23787.0,1.0,7.833158727378061,23781.56874152037,TRENDING_BEAR,-0.0098973838612437,0.2,-0.0001611051691862,0.2689418328128091,0.268941535137424,-0.0001611051691862,0.0,NEUTRAL,0.4621166320497668,,,0.0,0.0,0.0,0.0,0.0,100.0,1.0038642218517957,0.0,0.0,48.81050041016601,13.229189262417847,18.83214285714322,0.0,1.0038642218517957,-0.0154123429208993
NIFTY,2026-07-23 23:00:00,96.55,1.0,,,TRANSITION,-0.0118954526260495,0.2,-0.0100239259022059,0.2742051479144416,0.3434527233780713,-0.0100239259022059,0.2383787710779649,NEUTRAL,0.382342128707487,,,0.0,0.0,0.0,0.0,0.0,100.0,1.0,0.0,0.0,0.0,20.0,,1.0,1.0,-0.0125044204294681
NIFTY,2026-07-24 09:59:00,23787.0,1.0000000328976468,-1.6280012587137065,23786.11591437437,TRENDING_BULL,-0.0096365679055452,0.25,-4.79908676143894e-05,0.2689449175198743,0.2689585788864664,-4.79908676143894e-05,0.0016589016371755,NEUTRAL,0.4620965035936591,,,0.0,0.0,0.0,0.0,0.0,100.0,1.0009588130903218,0.0,0.0,48.212461695593866,57.608408714837005,7.48928571428561,0.0,1.0009588130903218,-0.0171829015016555
NIFTY,2026-07-24 09:55:00,23787.0,1.0,7.833158727378061,23780.978762252453,TRENDING_BEAR,-0.0098973838612437,0.2,-0.0002133492636932,0.2689418411323476,0.2689415374378461,-0.0002133492636932,0.0,NEUTRAL,0.4621166214298062,,,0.0,0.0,0.0,0.0,0.0,100.0,1.0038642218517957,0.0,0.0,48.81050041016601,13.229189262417847,18.83214285714322,0.0,1.0038642218517957,-0.0154123429208993
NIFTY,2026-07-24 09:59:00,23787.0,1.0000000328976468,-1.6280012587137065,23786.07740565629,TRENDING_BULL,-0.0096365679055452,0.25,-5.601932903166814e-05,0.2689449298570544,0.268958639432721,-5.601932903166814e-05,0.0016012227562168,NEUTRAL,0.4620964307102245,,,0.0,0.0,0.0,0.0,0.0,100.0,1.0009588130903218,0.0,0.0,48.212461695593866,57.608408714837005,7.48928571428561,0.0,1.0009588130903218,-0.0171829015016555
NIFTY,2026-07-24 04:00:00,28540.5,1.5,-189.79653499778533,28688.25307084271,TRANSITION,0.0010204634163528,0.2,0.001186528316718,0.303551032406693,0.2943328239464874,0.001186528316718,0.054173409398026,NEUTRAL,0.4021161436468195,-0.0017962226556233,True,0.0008333333333333,0.1666666666666666,16.666666666666664,16.666666666666664,0.0,83.33333333333334,1.0,0.0,0.0,,,,,1.0,-0.0056523961946368
NIFTY,2026-07-24 09:55:00,23787.0,1.0,7.833158727378061,23781.64456396326,TRENDING_BEAR,-0.0098973838612437,0.2,-8.012734484930131e-05,0.2689418169034013,0.2689415307383392,-8.012734484930131e-05,0.0,NEUTRAL,0.4621166523582594,,,0.0,0.0,0.0,0.0,0.0,100.0,1.0038642218517957,0.0,0.0,48.81050041016601,13.229189262417847,18.83214285714322,0.0,1.0038642218517957,-0.0154123429208993
NIFTY,2026-07-24 09:55:00,23787.0,1.0,7.833158727378061,23781.60557408197,TRENDING_BEAR,-0.0098973838612437,0.2,-0.0003091285357835,0.2689418646208807,0.2689415439326224,-0.0003091285357835,0.0,NEUTRAL,0.4621165914464968,,,0.0,0.0,0.0,0.0,0.0,100.0,1.0038642218517957,0.0,0.0,48.81050041016601,13.229189262417847,18.83214285714322,0.0,1.0038642218517957,-0.0154123429208993
NIFTY,2026-07-24 09:59:00,23787.0,1.0000000328976468,-1.6280012587137065,23786.12486064583,TRENDING_BULL,-0.0096365679055452,0.25,-6.678516293010405e-05,0.2689449560714103,0.2689587680829745,-6.678516293010405e-05,0.0015279011059606,NEUTRAL,0.4620962758456151,,,0.0,0.0,0.0,0.0,0.0,100.0,1.0009588130903218,0.0,0.0,48.212461695593866,57.608408714837005,7.48928571428561,0.0,1.0009588130903218,-0.0171829015016555
NIFTY,2026-07-23 23:00:00,96.55,1.0,,,TRANSITION,-0.0111876754090189,0.2,-0.0113877289689159,0.2743820371196667,0.3466301228563095,-0.0113877289689159,0.2445206618946186,NEUTRAL,0.3789878400240236,,,-0.0008333333333333,0.1666666666666666,16.666666666666664,0.0,16.666666666666664,83.33333333333334,1.0,0.0,0.0,,,,,1.0,-0.0155482482165098
NIFTY,2026-07-24 09:55:00,23787.0,1.0,7.833158727378061,23781.552858871903,TRENDING_BEAR,-0.0098973838612437,0.2,0.0002572268862901,0.2689417784027726,0.2689415200925918,0.0002572268862901,0.04741216652805,NEUTRAL,0.4621167015046356,,,0.0,0.0,0.0,0.0,0.0,100.0,1.0038642218517957,0.0,0.0,48.81050041016601,13.229189262417847,18.83214285714322,0.0,1.0038642218517957,-0.0154123429208993
NIFTY,2026-07-24 09:59:00,23787.0,1.0000000328976468,-1.6280012587137065,23786.121885229644,TRENDING_BULL,-0.0096365679055452,0.25,-6.627786452002996e-05,0.268944954608187,0.2689587609020215,-6.627786452002996e-05,0.0015312744194424,NEUTRAL,0.4620962844897915,,,0.0,0.0,0.0,0.0,0.0,100.0,1.0009588130903218,0.0,0.0,48.212461695593866,57.608408714837005,7.48928571428561,0.0,1.0009588130903218,-0.0171829015016555
NIFTY,2026-07-24 04:00:00,7401.47,1.5,-23.74836774538673,7421.839801553612,TRANSITION,-0.0043042418546974,0.2,-0.0110962688512239,0.2690764013204704,0.3769527931062257,-0.0110962688512239,0.2456009726017306,NEUTRAL,0.3539708055733038,-0.0017962226556233,True,-0.0008333333333333,0.1666666666666666,16.666666666666664,0.0,16.666666666666664,83.33333333333334,1.0,0.0,0.0,,,,,1.0,-0.009540357068181
NIFTY,2026-07-24 09:55:00,23787.0,1.0,7.833158727378061,23781.603377440577,TRENDING_BEAR,-0.0098973838612437,0.2,-2.4370359623827945e-05,0.2689418039580047,0.2689415271588284,-2.4370359623827945e-05,0.0,NEUTRAL,0.4621166688831669,,,0.0,0.0,0.0,0.0,0.0,100.0,1.0038642218517957,0.0,0.0,48.81050041016601,13.229189262417847,18.83214285714322,0.0,1.0038642218517957,-0.0154123429208993
NIFTY,2026-07-24 09:59:00,23787.0,1.0000000328976468,-1.6280012587137065,23786.141702438577,TRENDING_BULL,-0.0096365679055452,0.25,-0.0002433547255402,0.2689445570939779,0.2689568100543199,-0.0002433547255402,0.0743592625291799,NEUTRAL,0.4620986328517022,,,0.0,0.0,0.0,0.0,0.0,100.0,1.0009588130903218,0.0,0.0,48.212461695593866,57.608408714837005,7.48928571428561,0.0,1.0009588130903218,-0.0171829015016555
NIFTY,2026-07-24 09:55:00,23787.0,1.0,7.833158727378061,23781.47399189393,TRENDING_BEAR,-0.0098973838612437,0.2,-0.0003378904558558,0.2689418513960268,0.2689415402758395,-0.0003378904558558,0.0,NEUTRAL,0.4621166083281337,,,0.0,0.0,0.0,0.0,0.0,100.0,1.0038642218517957,0.0,0.0,48.81050041016601,13.229189262417847,18.83214285714322,0.0,1.0038642218517957,-0.0154123429208993
NIFTY,2026-07-24 09:59:00,23787.0,1.0000000328976468,-1.6280012587137065,23786.03411396392,TRENDING_BULL,-0.0096365679055452,0.25,-6.843239727657817e-05,0.2689449609675939,0.268958792111616,-6.843239727657817e-05,0.0015169934005741,NEUTRAL,0.46209624692079,,,0.0,0.0,0.0,0.0,0.0,100.0,1.0009588130903218,0.0,0.0,48.212461695593866,57.608408714837005,7.48928571428561,0.0,1.0009588130903218,-0.0171829015016555
NIFTY,2026-07-24 09:55:00,23787.0,1.0,7.833158727378061,23781.18876034129,TRENDING_BEAR,-0.0098973838612437,0.2,-0.0001721669514488,0.26894183381539,0.268941535414646,-0.0001721669514488,0.0,NEUTRAL,0.462116630769964,,,0.0,0.0,0.0,0.0,0.0,100.0,1.0038642218517957,0.0,0.0,48.81050041016601,13.229189262417847,18.83214285714322,0.0,1.0038642218517957,-0.0154123429208993
NIFTY,2026-07-24 09:59:00,23787.0,1.0000000328976468,-1.6280012587137065,23786.02992845912,TRENDING_BULL,-0.0096365679055452,0.25,-3.300299687360006e-05,0.268944912885709,0.2689585561437221,-3.300299687360006e-05,0.0017759843239611,NEUTRAL,0.4620965309705689,,,0.0,0.0,0.0,0.0,0.0,100.0,1.0009588130903218,0.0,0.0,48.212461695593866,57.608408714837005,7.48928571428561,0.0,1.0009588130903218,-0.0171829015016555
NIFTY,2026-07-24 09:55:00,23787.0,1.0,7.833158727378061,23780.757061807748,TRENDING_BEAR,-0.0098973838612437,0.2,-1.6705111902285625e-05,0.2689417850022635,0.2689415200827995,-1.6705111902285625e-05,0.0,NEUTRAL,0.462116694914937,,,0.0008333333333333,0.1666666666666666,16.666666666666664,16.666666666666664,0.0,83.33333333333334,1.0038642218517957,0.0,0.0,48.81050041016601,13.229189262417847,18.83214285714322,0.0,1.0038642218517957,-0.0154123429208993
NIFTY,2026-07-24 09:55:00,23787.0,1.0,7.833158727378061,23781.902409882023,TRENDING_BEAR,-0.0098973838612437,0.2,-0.0004485655303024,0.2689418919847053,0.2689415491245912,-0.0004485655303024,0.0,NEUTRAL,0.4621165588907034,,,0.0008333333333333,0.1666666666666666,16.666666666666664,16.666666666666664,0.0,83.33333333333334,1.0038642218517957,0.0,0.0,48.81050041016601,13.229189262417847,18.83214285714322,0.0,1.0038642218517957,-0.0154123429208993
NIFTY,2026-07-24 09:59:00,23787.0,1.0000000328976468,-1.6280012587137065,23785.97472731301,TRENDING_BULL,-0.0096365679055452,0.25,-5.472621292777695e-05,0.2689449274322503,0.268958627532691,-5.472621292777695e-05,0.0016103157356921,NEUTRAL,0.4620964450350586,,,0.0,0.0,0.0,0.0,0.0,100.0,1.0009588130903218,0.0,0.0,48.212461695593866,57.608408714837005,7.48928571428561,0.0,1.0009588130903218,-0.0171829015016555
NIFTY,2026-07-24 04:00:00,24976.39,1.5,-259.81089344105203,25188.76586108382,TRANSITION,0.0004985501873306,0.2,0.0038683645199885,0.3133105725683486,0.2803887067745727,0.0038683645199885,0.133901135170659,NEUTRAL,0.4063007206570787,-0.0017962226556233,True,0.0008333333333333,0.1666666666666666,16.666666666666664,16.666666666666664,0.0,83.33333333333334,1.0,0.0,0.0,,,,,1.0,-0.0048016553744673
NIFTY,2026-07-24 09:55:00,23787.0,1.0,7.833158727378061,23780.9363355226,TRENDING_BEAR,-0.0098973838612437,0.2,-0.0001206390042234,0.2689418134687218,0.2689415278103947,-0.0001206390042234,0.0,NEUTRAL,0.4621166587208834,,,0.0008333333333333,0.1666666666666666,16.666666666666664,16.666666666666664,0.0,83.33333333333334,1.0038642218517957,0.0,0.0,48.81050041016601,13.229189262417847,18.83214285714322,0.0,1.0038642218517957,-0.0154123429208993
NIFTY,2026-07-23 23:00:00,96.55,1.0,,,TRANSITION,-0.0111876754090189,0.2,-0.0113877289689159,0.2743820371196667,0.3466301228563095,-0.0113877289689159,0.2445206618946186,NEUTRAL,0.3789878400240236,,,-0.0008333333333333,0.1666666666666666,16.666666666666664,0.0,16.666666666666664,83.33333333333334,1.0,0.0,0.0,,,,,1.0,-0.0155482482165098
NIFTY,2026-07-24 09:59:00,23787.0,1.0000000328976468,-1.6280012587137065,23786.137007337817,TRENDING_BULL,-0.0096365679055452,0.25,-6.0805133957431646e-05,0.2689448789391102,0.2689583895465844,-6.0805133957431646e-05,0.01126861622321,NEUTRAL,0.4620967315143053,,,0.0,0.0,0.0,0.0,0.0,100.0,1.0009588130903218,0.0,0.0,48.212461695593866,57.608408714837005,7.48928571428561,0.0,1.0009588130903218,-0.0171829015016555
NIFTY,2026-07-24 04:00:00,4062.1,1.5,-14.226295260541548,4063.629344754725,TRANSITION,-0.0071613057516515,0.2,-0.0171165060167229,0.268945077555341,0.3775296876103406,-0.0171165060167229,0.2489777954303209,NEUTRAL,0.3535252348343183,,,0.0,0.0,0.0,0.0,0.0,100.0,1.0,0.0,0.0,,,,,1.0,-0.0126461707055568
NIFTY,2026-07-24 09:45:00,23787.0,1.0,2.1220619059053405,23793.953874731327,TRENDING_BEAR,-0.0049663903191685,0.2,0.0001068059880646,0.2711208964135086,0.2703587501927664,0.0001068059880646,0.015313569187535,NEUTRAL,0.4585203533937249,-0.0006032263149597,True,-0.0016666666666666,0.3333333333333333,33.33333333333333,0.0,33.33333333333333,66.66666666666667,1.0206673227721514,0.0,0.0,35.84460631286797,66.28512892812184,84.01785714285741,0.0,1.0206673227721514,-0.0111171752214431
NIFTY,2026-07-24 09:55:00,23787.0,1.0,7.833158727378061,23781.00059437984,TRENDING_BEAR,-0.0098973838612437,0.2,2.90248198327428e-05,0.2689418138012792,0.268941530460456,2.90248198327428e-05,0.0025895473421888,NEUTRAL,0.4621166557382649,,,-0.0008333333333333,0.1666666666666666,16.666666666666664,0.0,16.666666666666664,83.33333333333334,1.0038642218517957,0.0,0.0,48.81050041016601,13.229189262417847,18.83214285714322,0.0,1.0038642218517957,-0.0154123429208993
NIFTY,2026-07-24 04:00:00,7403.72,1.5,-21.17883768329804,7422.846789726301,TRANSITION,-0.0043042418546974,0.2,-0.0122722757928971,0.2689525492122113,0.3775113652671302,-0.0122722757928971,0.2351566338469939,NEUTRAL,0.3535360855206584,-0.0017962226556233,True,-0.0008333333333333,0.1666666666666666,16.666666666666664,0.0,16.666666666666664,83.33333333333334,1.0,0.0,0.0,,,,,1.0,-0.009540357068181
NIFTY,2026-07-24 09:55:00,23787.0,1.0,7.833158727378061,23781.27046151397,TRENDING_BEAR,-0.0098973838612437,0.2,-0.0001847507808706,0.268941825629586,0.2689415331512025,-0.0001847507808706,0.0,NEUTRAL,0.4621166412192114,,,0.0,0.0,0.0,0.0,0.0,100.0,1.0038642218517957,0.0,0.0,48.81050041016601,13.229189262417847,18.83214285714322,0.0,1.0038642218517957,-0.0154123429208993
NIFTY,2026-07-24 09:59:00,23787.0,1.0000000328976468,-1.6280012587137065,23785.984955525106,TRENDING_BULL,-0.0096365679055452,0.25,-0.0002712594292605,0.2689444777559627,0.2689564206945378,-0.0002712594292605,0.082560941698667,NEUTRAL,0.4620991015494995,,,0.0,0.0,0.0,0.0,0.0,100.0,1.0009588130903218,0.0,0.0,48.212461695593866,57.608408714837005,7.48928571428561,0.0,1.0009588130903218,-0.0171829015016555
NIFTY,2026-07-24 09:55:00,23787.0,1.0,7.833158727378061,23780.672011990173,TRENDING_BEAR,-0.0098973838612437,0.2,-0.0002693818395005,0.2689418733198971,0.2689415463379732,-0.0002693818395005,0.0,NEUTRAL,0.4621165803421296,,,0.0,0.0,0.0,0.0,0.0,100.0,1.0038642218517957,0.0,0.0,48.81050041016601,13.229189262417847,18.83214285714322,0.0,1.0038642218517957,-0.0154123429208993
NIFTY,2026-07-24 09:55:00,23787.0,1.0,7.833158727378061,23780.643634097283,TRENDING_BEAR,-0.0098973838612437,0.2,-0.0002340981906807,0.2689418338415238,0.2689415360313644,-0.0002340981906807,0.0,NEUTRAL,0.4621166301271117,,,-0.0008333333333333,0.1666666666666666,16.666666666666664,0.0,16.666666666666664,83.33333333333334,1.0038642218517957,0.0,0.0,48.81050041016601,13.229189262417847,18.83214285714322,0.0,1.0038642218517957,-0.0154123429208993
NIFTY,2026-07-24 09:59:00,23787.0,1.0000000328976468,-1.6280012587137065,23785.728925142164,TRENDING_BULL,-0.0096365679055452,0.25,-5.624236231864008e-05,0.2689449302917449,0.2689586415660188,-5.624236231864008e-05,0.0015996614459145,NEUTRAL,0.4620964281422363,,,0.0,0.0,0.0,0.0,0.0,100.0,1.0009588130903218,0.0,0.0,48.212461695593866,57.608408714837005,7.48928571428561,0.0,1.0009588130903218,-0.0171829015016555
NIFTY,2026-07-24 04:00:00,51981.0,1.5,-7.282011171988415,52037.281212710506,TRANSITION,-0.0062134410254657,0.2,-0.0007991809859323,0.2694023305889448,0.2725157087913585,-0.0007991809859323,0.0813060346980849,NEUTRAL,0.4580819606196966,-0.0017962226556233,True,0.0008333333333333,0.1666666666666666,16.666666666666664,16.666666666666664,0.0,83.33333333333334,1.0,0.0,0.0,,,,,1.0,-0.0114025298506021
NIFTY,2026-07-23 23:00:00,96.55,1.0,0.0234436834392422,96.51741589349628,TRANSITION,-0.0133972903713583,0.2,-0.0007938748346544,0.2689414478570041,0.2689414491236818,-0.0007938748346544,0.1147837790146657,NEUTRAL,0.4621171030193142,,,-0.0008333333333333,0.1666666666666666,16.666666666666664,0.0,16.666666666666664,83.33333333333334,1.0,0.0,0.0,,,,,1.0,-0.0138908509165048
NIFTY,2026-07-24 09:55:00,23787.0,1.0,7.833158727378061,23780.239636240705,TRENDING_BEAR,-0.0098973838612437,0.2,-0.0002027359122473,0.268941845468271,0.2689415386367653,-0.0002027359122473,0.0,NEUTRAL,0.4621166158949636,,,0.0,0.0,0.0,0.0,0.0,100.0,1.0038642218517957,0.0,0.0,48.81050041016601,13.229189262417847,18.83214285714322,0.0,1.0038642218517957,-0.0154123429208993
NIFTY,2026-07-24 09:55:00,23787.0,1.0,7.833158727378061,23781.19771254757,TRENDING_BEAR,-0.0098973838612437,0.2,-0.0003110544143971,0.2689418546609305,0.2689415411786127,-0.0003110544143971,0.0,NEUTRAL,0.4621166041604567,,,0.0,0.0,0.0,0.0,0.0,100.0,1.0038642218517957,0.0,0.0,48.81050041016601,13.229189262417847,18.83214285714322,0.0,1.0038642218517957,-0.0154123429208993
NIFTY,2026-07-24 09:59:00,23787.0,1.0000000328976468,-1.6280012587137065,23786.217780254323,TRENDING_BULL,-0.0096365679055452,0.25,-4.827597733187071e-05,0.2689449156970692,0.2689585699408229,-4.827597733187071e-05,0.0020639364686695,NEUTRAL,0.4620965143621079,,,0.0,0.0,0.0,0.0,0.0,100.0,1.0009588130903218,0.0,0.0,48.212461695593866,57.608408714837005,7.48928571428561,0.0,1.0009588130903218,-0.0171829015016555
NIFTY,2026-07-24 09:55:00,23787.0,1.0,7.833158727378061,23781.416950815816,TRENDING_BEAR,-0.0098973838612437,0.2,-0.0002819466390006,0.2689418624996065,0.2689415433460723,-0.0002819466390006,0.0,NEUTRAL,0.4621165941543212,,,0.0,0.0,0.0,0.0,0.0,100.0,1.0038642218517957,0.0,0.0,48.81050041016601,13.229189262417847,18.83214285714322,0.0,1.0038642218517957,-0.0154123429208993
NIFTY,2026-07-24 04:00:00,28345.25,1.5,-412.7746437190367,28590.602270201474,TRANSITION,0.0007983624818734,0.2,0.0032015906311415,0.3128821675927438,0.2890168721023045,0.0032015906311415,0.0954706420072491,NEUTRAL,0.3981009603049517,-0.0017962226556233,True,0.0008333333333333,0.1666666666666666,16.666666666666664,16.666666666666664,0.0,83.33333333333334,1.0,0.0,0.0,,,,,1.0,-0.0014453704934567
NIFTY,2026-07-24 09:55:00,23787.0,1.0,7.833158727378061,23781.502188820963,TRENDING_BEAR,-0.0098973838612437,0.2,-0.0001819579581721,0.268941852438784,0.2689415405641706,-0.0001819579581721,0.0,NEUTRAL,0.4621166069970452,,,0.0,0.0,0.0,0.0,0.0,100.0,1.0038642218517957,0.0,0.0,48.81050041016601,13.229189262417847,18.83214285714322,0.0,1.0038642218517957,-0.0154123429208993
NIFTY,2026-07-24 09:59:00,23787.0,1.0000000328976468,-1.6280012587137065,23785.81908021132,TRENDING_BULL,-0.0096365679055452,0.25,-5.086789307678018e-05,0.2689449211858564,0.2689585968777314,-5.086789307678018e-05,0.0016378838961681,NEUTRAL,0.4620964819364123,,,0.0,0.0,0.0,0.0,0.0,100.0,1.0009588130903218,0.0,0.0,48.212461695593866,57.608408714837005,7.48928571428561,0.0,1.0009588130903218,-0.0171829015016555
NIFTY,2026-07-24 09:55:00,23787.0,1.0,7.833158727378061,23781.69315262923,TRENDING_BEAR,-0.0098973838612437,0.2,-0.0001340034818261,0.26894183250549,0.2689415350524476,-0.0001340034818261,0.0,NEUTRAL,0.4621166324420623,,,0.0,0.0,0.0,0.0,0.0,100.0,1.0038642218517957,0.0,0.0,48.81050041016601,13.229189262417847,18.83214285714322,0.0,1.0038642218517957,-0.0154123429208993
NIFTY,2026-07-24 09:59:00,23787.0,1.0000000328976468,-1.6280012587137065,23785.93879042509,TRENDING_BULL,-0.0096365679055452,0.25,-5.746494348045991e-05,0.2689449327596234,0.2689586536774423,-5.746494348045991e-05,0.0015911385519905,NEUTRAL,0.4620964135629342,,,0.0,0.0,0.0,0.0,0.0,100.0,1.0009588130903218,0.0,0.0,48.212461695593866,57.608408714837005,7.48928571428561,0.0,1.0009588130903218,-0.0171829015016555
NIFTY,2026-07-24 09:55:00,23787.0,1.0,7.833158727378061,23781.23520873389,TRENDING_BEAR,-0.0098973838612437,0.2,-0.0001592258797933,0.2689418107453311,0.2689415290355811,-0.0001592258797933,0.0,NEUTRAL,0.4621166602190877,,,0.0,0.0,0.0,0.0,0.0,100.0,1.0038642218517957,0.0,0.0,48.81050041016601,13.229189262417847,18.83214285714322,0.0,1.0038642218517957,-0.0154123429208993
NIFTY,2026-07-24 09:59:00,23787.0,1.0000000328976468,-1.6280012587137065,23785.833200843983,TRENDING_BULL,-0.0096365679055452,0.25,-6.047145436559038e-05,0.2689449394285547,0.2689586864060609,-6.047145436559038e-05,0.0015704225602943,NEUTRAL,0.4620963741653843,,,0.0,0.0,0.0,0.0,0.0,100.0,1.0009588130903218,0.0,0.0,48.212461695593866,57.608408714837005,7.48928571428561,0.0,1.0009588130903218,-0.0171829015016555
NIFTY,2026-07-24 09:59:00,23787.0,1.0000000328976468,-1.6280012587137065,23786.22762652748,TRENDING_BULL,-0.0096365679055452,0.25,-0.0002093393525494,0.2689445648988426,0.2689568483575423,-0.0002093393525494,0.0698135582603449,NEUTRAL,0.462098586743615,,,0.0,0.0,0.0,0.0,0.0,100.0,1.0009588130903218,0.0,0.0,48.212461695593866,57.608408714837005,7.48928571428561,0.0,1.0009588130903218,-0.0171829015016555
NIFTY,2026-07-24 04:00:00,7407.32,1.5,-17.06758958395679,7424.255455395668,TRANSITION,-0.0043042418546974,0.2,-0.0087874281657637,0.2689586745768166,0.3758584953671812,-0.0087874281657637,0.1724231797324183,NEUTRAL,0.3551828300560021,-0.0017962226556233,True,-0.0008333333333333,0.1666666666666666,16.666666666666664,0.0,16.666666666666664,83.33333333333334,1.0,0.0,0.0,,,,,1.0,-0.009540357068181
NIFTY,2026-07-24 09:55:00,23787.0,1.0,7.833158727378061,23781.00186570281,TRENDING_BEAR,-0.0098973838612437,0.2,-9.883978878466738e-05,0.2689418062952393,0.2689501237894187,-9.883978878466738e-05,0.0058746364662855,NEUTRAL,0.462108069915342,,,0.0008333333333333,0.1666666666666666,16.666666666666664,16.666666666666664,0.0,83.33333333333334,1.0038642218517957,0.0,0.0,48.81050041016601,13.229189262417847,18.83214285714322,0.0,1.0038642218517957,-0.0154123429208993
NIFTY,2026-07-24 09:55:00,23787.0,1.0,7.833158727378061,23780.83166879529,TRENDING_BEAR,-0.0098973838612437,0.2,-7.70187509865036e-05,0.2689417934914419,0.2689415242647358,-7.70187509865036e-05,0.0,NEUTRAL,0.4621166822438222,,,0.0,0.0,0.0,0.0,0.0,100.0,1.0038642218517957,0.0,0.0,48.81050041016601,13.229189262417847,18.83214285714322,0.0,1.0038642218517957,-0.0154123429208993
NIFTY,2026-07-24 09:45:00,23787.0,1.0,16.429642292718032,23787.811650119245,TRENDING_BEAR,-0.008039204403758,0.2,0.0007274240427537,0.2689429582381946,0.2691004176863188,0.0007274240427537,0.0,NEUTRAL,0.4619566240754865,-0.0006032263149597,True,0.0,0.0,0.0,0.0,0.0,100.0,0.9986889324043802,0.0,0.0,65.99362380445999,36.78163727442863,39.12857142857138,0.0,0.9986889324043802,-0.0141113609075546
NIFTY,2026-07-24 09:59:00,23787.0,1.0000000328976468,-1.6280012587137065,23785.996914395862,TRENDING_BULL,-0.0096365679055452,0.25,-7.008959783867247e-05,0.2689449661120011,0.2689588173584472,-7.008959783867247e-05,0.0015060855288879,NEUTRAL,0.4620962165295517,,,0.0,0.0,0.0,0.0,0.0,100.0,1.0009588130903218,0.0,0.0,48.212461695593866,57.608408714837005,7.48928571428561,0.0,1.0009588130903218,-0.0171829015016555
NIFTY,2026-07-24 04:00:00,4060.6,1.5,-15.939315301934016,4065.268713849074,TRANSITION,-0.0071613057516515,0.2,-0.0191767339761336,0.2689451637969408,0.3775299444500322,-0.0191767339761336,0.25,NEUTRAL,0.3535248917530268,-0.0017962226556233,True,-0.0008333333333333,0.1666666666666666,16.666666666666664,0.0,16.666666666666664,83.33333333333334,1.0,0.0,0.0,,,,,1.0,-0.0126461707055568
NIFTY,2026-07-24 09:55:00,23787.0,1.0,7.833158727378061,23782.0021585362,TRENDING_BEAR,-0.0098973838612437,0.2,0.0001122208219474,0.268941789062591,0.2689415230401213,0.0001122208219474,0.0218706051228375,NEUTRAL,0.4621166878972876,,,0.0,0.0,0.0,0.0,0.0,100.0,1.0038642218517957,0.0,0.0,48.81050041016601,13.229189262417847,18.83214285714322,0.0,1.0038642218517957,-0.0154123429208993
NIFTY,2026-07-24 09:59:00,23787.0,1.0000000328976468,-1.6280012587137065,23786.22840510408,TRENDING_BULL,-0.0096365679055452,0.25,-8.738631557364643e-05,0.2689450312310685,0.2689591369386366,-8.738631557364643e-05,0.0013947402667026,NEUTRAL,0.4620958318302948,,,0.0,0.0,0.0,0.0,0.0,100.0,1.0009588130903218,0.0,0.0,48.212461695593866,57.608408714837005,7.48928571428561,0.0,1.0009588130903218,-0.0171829015016555
NIFTY,2026-07-24 04:00:00,4060.6,1.5,-15.939315301934016,4065.428936039892,TRANSITION,-0.0071613057516515,0.2,-0.0190765206000449,0.2689449403902327,0.3775314549917935,-0.0190765206000449,0.2468767276917959,NEUTRAL,0.3535236046179737,,,0.0,0.0,0.0,0.0,0.0,100.0,1.0,0.0,0.0,,,,,1.0,-0.0126461707055568
NIFTY,2026-07-24 09:55:00,23787.0,1.0,7.833158727378061,23782.066433646945,TRENDING_BEAR,-0.0098973838612437,0.2,0.0001541513771259,0.2689417905980072,0.2689415234646767,0.0001541513771259,0.0127066378582569,NEUTRAL,0.4621166859373161,,,0.0,0.0,0.0,0.0,0.0,100.0,1.0038642218517957,0.0,0.0,48.81050041016601,13.229189262417847,18.83214285714322,0.0,1.0038642218517957,-0.0154123429208993
NIFTY,2026-07-24 09:59:00,23787.0,1.0000000328976468,-1.6280012587137065,23786.01760951929,TRENDING_BULL,-0.0096365679055452,0.25,-5.905076834299394e-05,0.268944936172284,0.2689586704255031,-5.905076834299394e-05,0.001580170004975,NEUTRAL,0.4620963934022129,,,0.0,0.0,0.0,0.0,0.0,100.0,1.0009588130903218,0.0,0.0,48.212461695593866,57.608408714837005,7.48928571428561,0.0,1.0009588130903218,-0.0171829015016555
NIFTY,2026-07-24 09:55:00,23787.0,1.0,7.833158727378061,23781.262468382585,TRENDING_BEAR,-0.0098973838612437,0.2,-0.0002185324899808,0.268941829747094,0.2689415342897281,-0.0002185324899808,0.0,NEUTRAL,0.4621166359631778,,,0.0,0.0,0.0,0.0,0.0,100.0,1.0038642218517957,0.0,0.0,48.81050041016601,13.229189262417847,18.83214285714322,0.0,1.0038642218517957,-0.0154123429208993
NIFTY,2026-07-24 09:55:00,23787.0,1.0,7.833158727378061,23781.27300128042,TRENDING_BEAR,-0.0098973838612437,0.2,-0.0001953061552672,0.2689418390800973,0.2689415374876147,-0.0001953061552672,0.0,NEUTRAL,0.462116623432288,,,-0.0008333333333333,0.1666666666666666,16.666666666666664,0.0,16.666666666666664,83.33333333333334,1.0038642218517957,0.0,0.0,48.81050041016601,13.229189262417847,18.83214285714322,0.0,1.0038642218517957,-0.0154123429208993
NIFTY,2026-07-24 04:00:00,28360.25,1.5,,,TRANSITION,-0.0051832259632647,0.2,-0.008466637778973,0.2799301591879111,0.3343235628168374,-0.008466637778973,0.1942347259847424,NEUTRAL,0.3857462779952515,,,0.0008333333333333,0.1666666666666666,16.666666666666664,16.666666666666664,0.0,83.33333333333334,1.0,0.0,0.0,,,,,1.0,-0.0108196344226598
NIFTY,2026-07-24 09:59:00,23787.0,1.0000000328976468,-1.6280012587137065,23785.91012407607,TRENDING_BULL,-0.0096365679055452,0.25,-0.0002945168914403,0.2689443398283127,0.2689557438005424,-0.0002945168914403,0.0936070497800553,NEUTRAL,0.4620999163711449,,,0.0,0.0,0.0,0.0,0.0,100.0,1.0009588130903218,0.0,0.0,48.212461695593866,57.608408714837005,7.48928571428561,0.0,1.0009588130903218,-0.0171829015016555
NIFTY,2026-07-24 09:55:00,23787.0,1.0,7.833158727378061,23780.739406466382,TRENDING_BEAR,-0.0098973838612437,0.2,-0.0001837237333625,0.2689418153688902,0.269002821854213,-0.0001837237333625,0.0367125701419431,NEUTRAL,0.4620553627768967,,,0.0008333333333333,0.1666666666666666,16.666666666666664,16.666666666666664,0.0,83.33333333333334,1.0038642218517957,0.0,0.0,48.81050041016601,13.229189262417847,18.83214285714322,0.0,1.0038642218517957,-0.0154123429208993
NIFTY,2026-07-24 04:00:00,97.18,1.5,-3.8742004551773768,97.03060580894515,TRANSITION,-0.0070960987359285,0.2,-0.0073441066129751,0.2884823143043022,0.3278854977000315,-0.0073441066129751,0.1418341371361663,NEUTRAL,0.3836321879956662,-0.0017962226556233,True,-0.0008333333333333,0.1666666666666666,16.666666666666664,0.0,16.666666666666664,83.33333333333334,1.0,0.0,0.0,,,,,1.0,-0.0121195256710052
NIFTY,2026-07-24 04:00:00,4063.0,1.5,-13.198483235705964,4063.8879475498,TRANSITION,-0.0065708816982805,0.2,-0.0157337945878315,0.268944040314801,0.3775328796163093,-0.0157337945878315,0.2272957135399859,NEUTRAL,0.3535230800688895,-0.0017962226556233,True,0.0,0.0,0.0,0.0,0.0,100.0,1.0,0.0,0.0,,,,,1.0,-0.0126461707055568
NIFTY,2026-07-24 09:59:00,23787.0,1.0000000328976468,-1.6280012587137065,23786.000600024134,TRENDING_BULL,-0.0096365679055452,0.25,-7.285154872311894e-05,0.2689449751547966,0.2689588617371162,-7.285154872311894e-05,0.0014880364536363,NEUTRAL,0.4620961631080871,,,0.0,0.0,0.0,0.0,0.0,100.0,1.0009588130903218,0.0,0.0,48.212461695593866,57.608408714837005,7.48928571428561,0.0,1.0009588130903218,-0.0171829015016555
NIFTY,2026-07-24 09:55:00,23787.0,1.0,7.833158727378061,23779.33870214356,TRENDING_BEAR,-0.0098973838612437,0.2,-0.0002436390621432,0.2689418446971816,0.2689415384235526,-0.0002436390621432,0.0,NEUTRAL,0.4621166168792657,,,0.0,0.0,0.0,0.0,0.0,100.0,1.0038642218517957,0.0,0.0,48.81050041016601,13.229189262417847,18.83214285714322,0.0,1.0038642218517957,-0.0154123429208993
NIFTY,2026-07-24 09:59:00,23787.0,1.0000000328976468,-1.6280012587137065,23785.97778496903,TRENDING_BULL,-0.0096365679055452,0.25,-0.0001693057299347,0.2689445890081003,0.2689569666763634,-0.0001693057299347,0.0662878931581793,NEUTRAL,0.4620984443155362,,,0.0,0.0,0.0,0.0,0.0,100.0,1.0009588130903218,0.0,0.0,48.212461695593866,57.608408714837005,7.48928571428561,0.0,1.0009588130903218,-0.0171829015016555
NIFTY,2026-07-24 09:55:00,23787.0,1.0,7.833158727378061,23780.72459234675,TRENDING_BEAR,-0.0098973838612437,0.2,-0.0002025543729398,0.2689418221010683,0.2689415321755378,-0.0002025543729398,0.0,NEUTRAL,0.4621166457233939,,,0.0,0.0,0.0,0.0,0.0,100.0,1.0038642218517957,0.0,0.0,48.81050041016601,13.229189262417847,18.83214285714322,0.0,1.0038642218517957,-0.0154123429208993
NIFTY,2026-07-24 09:59:00,23787.0,1.0000000328976468,-1.6280012587137065,23786.22235903445,TRENDING_BULL,-0.0096365679055452,0.25,-6.750372831802553e-05,0.2689449581801873,0.2689587784320647,-6.750372831802553e-05,0.0015231344818075,NEUTRAL,0.462096263387748,,,0.0,0.0,0.0,0.0,0.0,100.0,1.0009588130903218,0.0,0.0,48.212461695593866,57.608408714837005,7.48928571428561,0.0,1.0009588130903218,-0.0171829015016555
NIFTY,2026-07-24 09:55:00,23787.0,1.0,7.833158727378061,23780.37954951628,TRENDING_BEAR,-0.0098973838612437,0.2,-1.784917526217039e-05,0.2689418088497484,0.2689415285114366,-1.784917526217039e-05,0.0,NEUTRAL,0.462116662638815,,,0.0,0.0,0.0,0.0,0.0,100.0,1.0038642218517957,0.0,0.0,48.81050041016601,13.229189262417847,18.83214285714322,0.0,1.0038642218517957,-0.0154123429208993
NIFTY,2026-07-24 09:55:00,23787.0,1.0,7.833158727378061,23781.141590712454,TRENDING_BEAR,-0.0098973838612437,0.2,7.29546355510951e-05,0.2689417816948433,0.2689415210028771,7.29546355510951e-05,0.0,NEUTRAL,0.4621166973022796,,,0.0,0.0,0.0,0.0,0.0,100.0,1.0038642218517957,0.0,0.0,48.81050041016601,13.229189262417847,18.83214285714322,0.0,1.0038642218517957,-0.0154123429208993
NIFTY,2026-07-24 09:59:00,23787.0,1.0000000328976468,-1.6280012587137065,23785.788015674672,TRENDING_BULL,-0.0096365679055452,0.25,-0.000120521850071,0.2689449190064341,0.2689585861819442,-0.000120521850071,0.0229266282546638,NEUTRAL,0.4620964948116216,,,0.0,0.0,0.0,0.0,0.0,100.0,1.0009588130903218,0.0,0.0,48.212461695593866,57.608408714837005,7.48928571428561,0.0,1.0009588130903218,-0.0171829015016555
NIFTY,2026-07-24 09:55:00,23787.0,1.0,7.833158727378061,23780.861735610364,TRENDING_BEAR,-0.0098973838612437,0.2,-0.0002265330158893,0.2689418536911204,0.2691107625721928,-0.0002265330158893,0.0485497288563495,NEUTRAL,0.4619473837366867,,,0.0,0.0,0.0,0.0,0.0,100.0,1.0038642218517957,0.0,0.0,48.81050041016601,13.229189262417847,18.83214285714322,0.0,1.0038642218517957,-0.0154123429208993
NIFTY,2026-07-24 09:55:00,23787.0,1.0,7.833158727378061,23780.77420076337,TRENDING_BEAR,-0.0098973838612437,0.2,-4.011743352932364e-05,0.2689418385223736,0.2689619697010597,-4.011743352932364e-05,0.0,NEUTRAL,0.4620961917765667,,,0.0,0.0,0.0,0.0,0.0,100.0,1.0038642218517957,0.0,0.0,48.81050041016601,13.229189262417847,18.83214285714322,0.0,1.0038642218517957,-0.0154123429208993
NIFTY,2026-07-24 09:55:00,23787.0,1.0,7.833158727378061,23781.43158676117,TRENDING_BEAR,-0.0098973838612437,0.2,0.0001092328926595,0.2689417869615668,0.2689415224591704,0.0001092328926595,0.001239367530991,NEUTRAL,0.4621166905792626,,,0.0,0.0,0.0,0.0,0.0,100.0,1.0038642218517957,0.0,0.0,48.81050041016601,13.229189262417847,18.83214285714322,0.0,1.0038642218517957,-0.0154123429208993
NIFTY,2026-07-24 09:55:00,23787.0,1.0,7.833158727378061,23781.59691523335,TRENDING_BEAR,-0.0098973838612437,0.2,-2.251229109302153e-05,0.268941812654682,0.2689421429435867,-2.251229109302153e-05,0.0084984402220384,NEUTRAL,0.4621160444017312,,,0.0,0.0,0.0,0.0,0.0,100.0,1.0038642218517957,0.0,0.0,48.81050041016601,13.229189262417847,18.83214285714322,0.0,1.0038642218517957,-0.0154123429208993
NIFTY,2026-07-24 09:55:00,23787.0,1.0,7.833158727378061,23781.627416439813,TRENDING_BEAR,-0.0098973838612437,0.2,-7.282631283534008e-05,0.268941832753108,0.2689415351209161,-7.282631283534008e-05,0.0,NEUTRAL,0.4621166321259758,,,0.0,0.0,0.0,0.0,0.0,100.0,1.0038642218517957,0.0,0.0,48.81050041016601,13.229189262417847,18.83214285714322,0.0,1.0038642218517957,-0.0154123429208993
NIFTY,2026-07-24T21:27:55,24671.75,1.0,-5.005809268371014,24665.67539669328,TRENDING_BULL,-0.0087876683101058,0.25,-0.0009058822573292,0.2689423904771613,0.2716858008902193,-0.0009058822573292,0.0885776774504628,NEUTRAL,0.4593718086326194,,,0.0008333333333333,0.1666666666666666,16.666666666666664,16.666666666666664,0.0,83.33333333333334,1.0045594944611802,0.0,0.0,69.09809558030607,48.13290485053057,55.11071428571476,2.240473738414006,1.0045594944611802,-0.0141400046646594
NIFTY,2026-07-24 21:27:57,24671.75,1.0,-5.005809268371014,24663.168966739417,TRENDING_BULL,-0.0087876683101058,0.25,-0.0009188467703145,0.2689424097615299,0.2703638147912613,-0.0009188467703145,0.0869730173828217,NEUTRAL,0.4606937754472087,,,0.0,0.0,0.0,0.0,0.0,100.0,1.0045594944611802,0.0,0.0,69.09809558030607,48.13290485053057,55.11071428571476,2.240473738414006,1.0045594944611802,-0.0141400046646594
NIFTY,2026-07-24 09:55:00,23787.0,1.0,7.833158727378061,23780.66838960244,TRENDING_BEAR,-0.0098973838612437,0.2,9.060680792374834e-05,0.2689418171217248,0.2689415313834936,9.060680792374834e-05,0.0424403406730856,NEUTRAL,0.4621166514947816,,,-0.0008333333333333,0.1666666666666666,16.666666666666664,0.0,16.666666666666664,83.33333333333334,1.0038642218517957,0.0,0.0,48.81050041016601,13.229189262417847,18.83214285714322,0.0,1.0038642218517957,-0.0154123429208993
NIFTY,2026-07-24T21:27:57,24671.75,1.0,-5.005809268371014,24664.487993181097,TRENDING_BULL,-0.0087876683101058,0.25,-0.0008639431032157,0.2692180045026797,0.2705943364011729,-0.0008639431032157,0.0767628917089697,NEUTRAL,0.4601876590961473,,,0.0008333333333333,0.1666666666666666,16.666666666666664,16.666666666666664,0.0,83.33333333333334,1.0045594944611802,0.0,0.0,69.09809558030607,48.13290485053057,55.11071428571476,2.240473738414006,1.0045594944611802,-0.0141400046646594
NIFTY,2026-07-24 09:55:00,23787.0,1.0,7.833158727378061,23780.665720524263,TRENDING_BEAR,-0.0098973838612437,0.2,-0.0001401424714107,0.26894182893906,0.2689415340662999,-0.0001401424714107,0.0,NEUTRAL,0.46211663699464,,,0.0,0.0,0.0,0.0,0.0,100.0,1.0038642218517957,0.0,0.0,48.81050041016601,13.229189262417847,18.83214285714322,0.0,1.0038642218517957,-0.0154123429208993
NIFTY,2026-07-24 09:55:00,23787.0,1.0,7.833158727378061,23780.804293659705,TRENDING_BEAR,-0.0098973838612437,0.2,-2.6941673935761383e-05,0.2689418110009011,0.2689415291062483,-2.6941673935761383e-05,0.0,NEUTRAL,0.4621166598928504,,,0.0,0.0,0.0,0.0,0.0,100.0,1.0038642218517957,0.0,0.0,48.81050041016601,13.229189262417847,18.83214285714322,0.0,1.0038642218517957,-0.0154123429208993
NIFTY,2026-07-24 09:55:00,23787.0,1.0,7.833158727378061,23779.87408702905,TRENDING_BEAR,-0.0098973838612437,0.2,-0.0002784043435501,0.2689418363334689,0.268941536110916,-0.0002784043435501,0.0,NEUTRAL,0.462116627555615,,,0.0,0.0,0.0,0.0,0.0,100.0,1.0038642218517957,0.0,0.0,48.81050041016601,13.229189262417847,18.83214285714322,0.0,1.0038642218517957,-0.0154123429208993
NIFTY,2026-07-24 09:55:00,23787.0,1.0,7.833158727378061,23781.083050265603,TRENDING_BEAR,-0.0098973838612437,0.2,5.576283023154873e-05,0.2689417901045904,0.2689648591421633,5.576283023154873e-05,0.0,NEUTRAL,0.4620933507532462,,,0.0,0.0,0.0,0.0,0.0,100.0,1.0038642218517957,0.0,0.0,48.81050041016601,13.229189262417847,18.83214285714322,0.0,1.0038642218517957,-0.0154123429208993
NIFTY,2026-07-24 09:59:00,23787.0,1.0000000328976468,-1.6280012587137065,23786.17385862702,TRENDING_BULL,-0.0096365679055452,0.25,-4.276571077982518e-05,0.2689449131062336,0.268958557225974,-4.276571077982518e-05,0.0016981907275338,NEUTRAL,0.4620965296677923,,,0.0,0.0,0.0,0.0,0.0,100.0,1.0009588130903218,0.0,0.0,48.212461695593866,57.608408714837005,7.48928571428561,0.0,1.0009588130903218,-0.0171829015016555
NIFTY,2026-07-24 09:55:00,23787.0,1.0,7.833158727378061,23781.755097173143,TRENDING_BEAR,-0.0098973838612437,0.2,-7.040245231706345e-05,0.268941805807109,0.2689415276701212,-7.040245231706345e-05,0.0,NEUTRAL,0.4621166665227697,,,0.0,0.0,0.0,0.0,0.0,100.0,1.0038642218517957,0.0,0.0,48.81050041016601,13.229189262417847,18.83214285714322,0.0,1.0038642218517957,-0.0154123429208993
NIFTY,2026-07-24 09:59:00,23787.0,1.0000000328976468,-1.6280012587137065,23786.32940133757,TRENDING_BULL,-0.0096365679055452,0.25,-4.763805287145114e-05,0.2689449171299524,0.2689585769728762,-4.763805287145114e-05,0.0016615079736241,NEUTRAL,0.4620965058971713,,,0.0,0.0,0.0,0.0,0.0,100.0,1.0009588130903218,0.0,0.0,48.212461695593866,57.608408714837005,7.48928571428561,0.0,1.0009588130903218,-0.0171829015016555
NIFTY,2026-07-24 09:55:00,23787.0,1.0,7.833158727378061,23780.660280436,TRENDING_BEAR,-0.0098973838612437,0.2,-0.0002921082515429,0.2689418291306642,0.26894153411928,-0.0002921082515429,0.0,NEUTRAL,0.4621166367500557,,,0.0,0.0,0.0,0.0,0.0,100.0,1.0038642218517957,0.0,0.0,48.81050041016601,13.229189262417847,18.83214285714322,0.0,1.0038642218517957,-0.0154123429208993
NIFTY,2026-07-24 09:59:00,23787.0,1.0000000328976468,-1.6280012587137065,23785.795505632752,TRENDING_BULL,-0.0096365679055452,0.25,-6.335723263809311e-05,0.2689449466054322,0.2689587216274912,-6.335723263809311e-05,0.0015508357011468,NEUTRAL,0.4620963317670766,,,0.0,0.0,0.0,0.0,0.0,100.0,1.0009588130903218,0.0,0.0,48.212461695593866,57.608408714837005,7.48928571428561,0.0,1.0009588130903218,-0.0171829015016555
NIFTY,2026-07-24 09:55:00,23787.0,1.0,7.833158727378061,23781.33740081079,TRENDING_BEAR,-0.0098973838612437,0.2,-0.0003474724935109,0.2689418520874423,0.2689415404670217,-0.0003474724935109,0.0,NEUTRAL,0.4621166074455359,,,0.0,0.0,0.0,0.0,0.0,100.0,1.0038642218517957,0.0,0.0,48.81050041016601,13.229189262417847,18.83214285714322,0.0,1.0038642218517957,-0.0154123429208993
NIFTY,2026-07-24 09:59:00,23787.0,1.0000000328976468,-1.6280012587137065,23786.04897173109,TRENDING_BULL,-0.0096365679055452,0.25,-3.314782777344717e-05,0.2689449128113966,0.2689585557790247,-3.314782777344717e-05,0.0017747847278065,NEUTRAL,0.4620965314095787,,,0.0,0.0,0.0,0.0,0.0,100.0,1.0009588130903218,0.0,0.0,48.212461695593866,57.608408714837005,7.48928571428561,0.0,1.0009588130903218,-0.0171829015016555
NIFTY,2026-07-24 09:55:00,23787.0,1.0,7.833158727378061,23781.113530161547,TRENDING_BEAR,-0.0098973838612437,0.2,5.2444451177970345e-05,0.2689417953197971,0.26894152288363,5.2444451177970345e-05,0.0082181891087679,NEUTRAL,0.4621166817965728,,,0.0008333333333333,0.1666666666666666,16.666666666666664,16.666666666666664,0.0,83.33333333333334,1.0038642218517957,0.0,0.0,48.81050041016601,13.229189262417847,18.83214285714322,0.0,1.0038642218517957,-0.0154123429208993
NIFTY,2026-07-24 04:00:00,97.23,1.5,,,TRANSITION,-0.0064565571956336,0.2,-0.0081075884016326,0.2755727009260286,0.3359844433214846,-0.0081075884016326,0.2157233347894848,NEUTRAL,0.3884428557524867,,,-0.0008333333333333,0.1666666666666666,16.666666666666664,0.0,16.666666666666664,83.33333333333334,1.0,0.0,0.0,,,,,1.0,-0.0092614497989416
NIFTY,2026-07-24 09:59:00,23787.0,1.0000000328976468,-1.6280012587137065,23785.91833483739,TRENDING_BULL,-0.0096365679055452,0.25,-3.862621544249198e-05,0.2689449117203043,0.2689585504243535,-3.862621544249198e-05,0.0017304372759055,NEUTRAL,0.4620965378553421,,,0.0,0.0,0.0,0.0,0.0,100.0,1.0009588130903218,0.0,0.0,48.212461695593866,57.608408714837005,7.48928571428561,0.0,1.0009588130903218,-0.0171829015016555
NIFTY,2026-07-24 09:55:00,23787.0,1.0,7.833158727378061,23781.5857492167,TRENDING_BEAR,-0.0098973838612437,0.2,0.0003197604981309,0.2689417959753892,0.2689415249515681,0.0003197604981309,0.0716427765280743,NEUTRAL,0.4621166790730426,,,0.0,0.0,0.0,0.0,0.0,100.0,1.0038642218517957,0.0,0.0,48.81050041016601,13.229189262417847,18.83214285714322,0.0,1.0038642218517957,-0.0154123429208993
NIFTY,2026-07-24 09:59:00,23787.0,1.0000000328976468,-1.6280012587137065,23785.73177153346,TRENDING_BULL,-0.0096365679055452,0.25,-6.245540078000461e-05,0.2689449442829968,0.2689587102298467,-6.245540078000461e-05,0.0015569275495638,NEUTRAL,0.4620963454871565,,,0.0,0.0,0.0,0.0,0.0,100.0,1.0009588130903218,0.0,0.0,48.212461695593866,57.608408714837005,7.48928571428561,0.0,1.0009588130903218,-0.0171829015016555
NIFTY,2026-07-24 04:00:00,24974.14,1.5,-262.3804235031407,25158.989528544345,TRANSITION,0.0004985501873306,0.2,0.0032044077789659,0.3120605450955189,0.2886326910834156,0.0032044077789659,0.1375452204603846,NEUTRAL,0.3993067638210654,-0.0017962226556233,True,0.0008333333333333,0.1666666666666666,16.666666666666664,16.666666666666664,0.0,83.33333333333334,1.0,0.0,0.0,,,,,1.0,-0.0048016553744673
NIFTY,2026-07-24 09:55:00,23787.0,1.0,7.833158727378061,23780.886517690345,TRENDING_BEAR,-0.0098973838612437,0.2,-7.79381431565085e-05,0.2689417929153555,0.2689415246544603,-7.79381431565085e-05,0.0,NEUTRAL,0.4621166824301841,,,-0.0008333333333333,0.1666666666666666,16.666666666666664,0.0,16.666666666666664,83.33333333333334,1.0038642218517957,0.0,0.0,48.81050041016601,13.229189262417847,18.83214285714322,0.0,1.0038642218517957,-0.0154123429208993
NIFTY,2026-07-23 18:30:00,14.03,1.0,0.5659261731584636,13.700270251999887,TRANSITION,-0.0129909887909889,0.2,0.0084903823682483,0.3353269951979187,0.2864353660219594,0.0084903823682483,0.1162933120270211,NEUTRAL,0.3782376387801218,,,-0.0008333333333333,0.1666666666666666,16.666666666666664,0.0,16.666666666666664,83.33333333333334,1.0,0.0,0.0,,,,,1.0,-0.0145153686404228
NIFTY,2026-07-24 04:00:00,4063.0,1.5,,,TRANSITION,-0.0057517914101481,0.2,-0.0082133871039404,0.2769491444274641,0.3353727997039885,-0.0082133871039404,0.208427469094686,NEUTRAL,0.3876780558685473,-0.0017962226556233,True,-0.0008333333333333,0.1666666666666666,16.666666666666664,0.0,16.666666666666664,83.33333333333334,1.0,0.0,0.0,0.0,20.0,,1.0,1.0,-0.0096101526170969
NIFTY,2026-07-24 09:55:00,23787.0,1.0,7.833158727378061,23780.41719786825,TRENDING_BEAR,-0.0098973838612437,0.2,-0.0001965863698785,0.2689418243615314,0.2689415307673913,-0.0001965863698785,0.0,NEUTRAL,0.4621166448710773,,,0.0008333333333333,0.1666666666666666,16.666666666666664,16.666666666666664,0.0,83.33333333333334,1.0038642218517957,0.0,0.0,48.81050041016601,13.229189262417847,18.83214285714322,0.0,1.0038642218517957,-0.0154123429208993
NIFTY,2026-07-24 09:55:00,23787.0,1.0,7.833158727378061,23782.00830472252,TRENDING_BEAR,-0.0098973838612437,0.2,1.8917837486084424e-05,0.2689417852626902,0.2689415219894168,1.8917837486084424e-05,0.0,NEUTRAL,0.4621166927478929,,,0.0,0.0,0.0,0.0,0.0,100.0,1.0038642218517957,0.0,0.0,48.81050041016601,13.229189262417847,18.83214285714322,0.0,1.0038642218517957,-0.0154123429208993
NIFTY,2026-07-24 09:59:00,23787.0,1.0000000328976468,-1.6280012587137065,23786.10204050628,TRENDING_BULL,-0.0096365679055452,0.25,-0.0002373769280078,0.2689445253107522,0.2689566540747117,-0.0002373769280078,0.0758096071096314,NEUTRAL,0.4620988206145359,,,0.0,0.0,0.0,0.0,0.0,100.0,1.0009588130903218,0.0,0.0,48.212461695593866,57.608408714837005,7.48928571428561,0.0,1.0009588130903218,-0.0171829015016555
NIFTY,2026-07-24 09:55:00,23787.0,1.0,7.833158727378061,23780.766627987487,TRENDING_BEAR,-0.0098973838612437,0.2,-4.096436855502044e-05,0.268941812809672,0.2689415296063887,-4.096436855502044e-05,0.006722605996708,NEUTRAL,0.4621166575839392,,,0.0,0.0,0.0,0.0,0.0,100.0,1.0038642218517957,0.0,0.0,48.81050041016601,13.229189262417847,18.83214285714322,0.0,1.0038642218517957,-0.0154123429208993
NIFTY,2026-07-24 09:59:00,23787.0,1.0000000328976468,-1.6280012587137065,23786.095072003354,TRENDING_BULL,-0.0096365679055452,0.25,-5.7691015544270136e-05,0.2689449332316187,0.2689586559938187,-5.7691015544270136e-05,0.0015895690224441,NEUTRAL,0.4620964107745626,,,0.0,0.0,0.0,0.0,0.0,100.0,1.0009588130903218,0.0,0.0,48.212461695593866,57.608408714837005,7.48928571428561,0.0,1.0009588130903218,-0.0171829015016555
NIFTY,2026-07-24 09:59:00,23787.0,1.0000000328976468,-1.6280012587137065,23786.077111871728,TRENDING_BULL,-0.0096365679055452,0.25,-7.351185688354739e-05,0.2689449774006607,0.2689588727589804,-7.351185688354739e-05,0.0014837430474177,NEUTRAL,0.4620961498403589,,,0.0,0.0,0.0,0.0,0.0,100.0,1.0009588130903218,0.0,0.0,48.212461695593866,57.608408714837005,7.48928571428561,0.0,1.0009588130903218,-0.0171829015016555
NIFTY,2026-07-24 09:55:00,23787.0,1.0,7.833158727378061,23781.2283032556,TRENDING_BEAR,-0.0098973838612437,0.2,4.324214341835292e-05,0.2689418211415138,0.2689415319102129,4.324214341835292e-05,0.0107231924647873,NEUTRAL,0.4621166469482732,,,0.0,0.0,0.0,0.0,0.0,100.0,1.0038642218517957,0.0,0.0,48.81050041016601,13.229189262417847,18.83214285714322,0.0,1.0038642218517957,-0.0154123429208993
NIFTY,2026-07-24 09:55:00,23787.0,1.0,7.833158727378061,23781.09330651603,TRENDING_BEAR,-0.0098973838612437,0.2,-0.0002471947442408,0.2689418437119913,0.2689415381511393,-0.0002471947442408,0.0,NEUTRAL,0.4621166181368693,,,0.0,0.0,0.0,0.0,0.0,100.0,1.0038642218517957,0.0,0.0,48.81050041016601,13.229189262417847,18.83214285714322,0.0,1.0038642218517957,-0.0154123429208993
NIFTY,2026-07-24 09:55:00,23787.0,1.0,7.833158727378061,23781.27686317953,TRENDING_BEAR,-0.0098973838612437,0.2,-8.095447584676855e-05,0.2689418189192492,0.2689415312957381,-8.095447584676855e-05,0.0,NEUTRAL,0.4621166497850127,,,0.0,0.0,0.0,0.0,0.0,100.0,1.0038642218517957,0.0,0.0,48.81050041016601,13.229189262417847,18.83214285714322,0.0,1.0038642218517957,-0.0154123429208993
NIFTY,2026-07-24 09:59:00,23787.0,1.0000000328976468,-1.6280012587137065,23786.204093666664,TRENDING_BULL,-0.0096365679055452,0.25,-7.718202425921915e-05,0.268944990446478,0.2689589367829963,-7.718202425921915e-05,0.0014600073792471,NEUTRAL,0.4620960727705256,,,0.0,0.0,0.0,0.0,0.0,100.0,1.0009588130903218,0.0,0.0,48.212461695593866,57.608408714837005,7.48928571428561,0.0,1.0009588130903218,-0.0171829015016555
NIFTY,2026-07-24 09:55:00,23787.0,1.0,7.833158727378061,23780.84789093271,TRENDING_BEAR,-0.0098973838612437,0.2,-7.304292736769146e-05,0.2689418264513221,0.2689415333784195,-7.304292736769146e-05,0.0,NEUTRAL,0.4621166401702584,,,0.0,0.0,0.0,0.0,0.0,100.0,1.0038642218517957,0.0,0.0,48.81050041016601,13.229189262417847,18.83214285714322,0.0,1.0038642218517957,-0.0154123429208993
NIFTY,2026-07-24 09:59:00,23787.0,1.0000000328976468,-1.6280012587137065,23786.02491045532,TRENDING_BULL,-0.0096365679055452,0.25,-0.0001713161956623,0.2689446820575012,0.26895742332673,-0.0001713161956623,0.0547387107430556,NEUTRAL,0.4620978946157687,,,0.0,0.0,0.0,0.0,0.0,100.0,1.0009588130903218,0.0,0.0,48.212461695593866,57.608408714837005,7.48928571428561,0.0,1.0009588130903218,-0.0171829015016555
NIFTY,2026-07-24 09:55:00,23787.0,1.0,7.833158727378061,23780.83299526107,TRENDING_BEAR,-0.0098973838612437,0.2,-8.418278521442302e-05,0.2689418681195322,0.2689415449000288,-8.418278521442302e-05,0.0,NEUTRAL,0.462116586980439,,,0.0,0.0,0.0,0.0,0.0,100.0,1.0038642218517957,0.0,0.0,48.81050041016601,13.229189262417847,18.83214285714322,0.0,1.0038642218517957,-0.0154123429208993
NIFTY,2026-07-24 09:55:00,23787.0,1.0,7.833158727378061,23780.915565321386,TRENDING_BEAR,-0.0098973838612437,0.2,-0.0001452377918566,0.2689418316870133,0.268941534826132,-0.0001452377918566,0.0,NEUTRAL,0.4621166334868546,,,0.0,0.0,0.0,0.0,0.0,100.0,1.0038642218517957,0.0,0.0,48.81050041016601,13.229189262417847,18.83214285714322,0.0,1.0038642218517957,-0.0154123429208993
BANKNIFTY,2026-07-24T15:25:00,56755.4,1.0,44.38184549365084,56727.66805798093,TRENDING_BULL,133.1455364809525,0.25,0.000241423401883,0.2690213329267465,0.2689421552526235,0.000241423401883,0.0,NEUTRAL,0.4620365118206299,,,0.0,0.0,0.0,0.0,0.0,100.0,1.0047064844308369,0.0,0.0,50.73124705142119,15.31215524419215,52.65357142857257,0.0,1.0047064844308369,221.9092274682542
NIFTY,2026-07-24 09:55:00,23787.0,1.0,7.833158727378061,23781.238234317127,TRENDING_BEAR,-0.0098973838612437,0.2,-0.0002699801303928,0.2689418209466174,0.2692117137508411,-0.0002699801303928,0.0770914925755277,NEUTRAL,0.4618464653025415,,,0.0,0.0,0.0,0.0,0.0,100.0,1.0038642218517957,0.0,0.0,48.81050041016601,13.229189262417847,18.83214285714322,0.0,1.0038642218517957,-0.0154123429208993
NIFTY,2026-07-24 09:55:00,23787.0,1.0,7.833158727378061,23780.86287985832,TRENDING_BEAR,-0.0098973838612437,0.2,-0.0003297517806616,0.268941858526168,0.2689415422473833,-0.0003297517806616,0.0,NEUTRAL,0.4621165992264486,,,0.0,0.0,0.0,0.0,0.0,100.0,1.0038642218517957,0.0,0.0,48.81050041016601,13.229189262417847,18.83214285714322,0.0,1.0038642218517957,-0.0154123429208993
NIFTY,2026-07-24 09:55:00,23787.0,1.0,7.833158727378061,23781.27149009646,TRENDING_BEAR,-0.0098973838612437,0.2,9.5479403268836e-06,0.2689418422966266,0.2689415377597791,9.5479403268836e-06,0.0251879800127705,NEUTRAL,0.4621166199435944,,,0.0,0.0,0.0,0.0,0.0,100.0,1.0038642218517957,0.0,0.0,48.81050041016601,13.229189262417847,18.83214285714322,0.0,1.0038642218517957,-0.0154123429208993
NIFTY,2026-07-24 09:55:00,23787.0,1.0,7.833158727378061,23780.787099019628,TRENDING_BEAR,-0.0098973838612437,0.2,-0.0002583598221877,0.2689418298263611,0.2689415343116461,-0.0002583598221877,0.0,NEUTRAL,0.4621166358619927,,,0.0,0.0,0.0,0.0,0.0,100.0,1.0038642218517957,0.0,0.0,48.81050041016601,13.229189262417847,18.83214285714322,0.0,1.0038642218517957,-0.0154123429208993
NIFTY,2026-07-24 09:59:00,23787.0,1.0000000328976468,-1.6280012587137065,23786.07406985552,TRENDING_BULL,-0.0096365679055452,0.25,-0.0001524444878197,0.2689443138263347,0.2689556161932823,-0.0001524444878197,0.0334759771841416,NEUTRAL,0.4621000699803829,,,0.0,0.0,0.0,0.0,0.0,100.0,1.0009588130903218,0.0,0.0,48.212461695593866,57.608408714837005,7.48928571428561,0.0,1.0009588130903218,-0.0171829015016555
NIFTY,2026-07-24 09:55:00,23787.0,1.0,7.833158727378061,23780.370533069705,TRENDING_BEAR,-0.0098973838612437,0.2,-0.0001504636414675,0.2689418211647255,0.2689415319166311,-0.0001504636414675,0.0,NEUTRAL,0.4621166469186434,,,0.0,0.0,0.0,0.0,0.0,100.0,1.0038642218517957,0.0,0.0,48.81050041016601,13.229189262417847,18.83214285714322,0.0,1.0038642218517957,-0.0154123429208993
NIFTY,2026-07-24 09:55:00,23787.0,1.0,7.833158727378061,23781.36576060896,TRENDING_BEAR,-0.0098973838612437,0.2,-0.0001870507456383,0.2689418295523468,0.2689415342358788,-0.0001870507456383,0.0,NEUTRAL,0.4621166362117743,,,0.0,0.0,0.0,0.0,0.0,100.0,1.0038642218517957,0.0,0.0,48.81050041016601,13.229189262417847,18.83214285714322,0.0,1.0038642218517957,-0.0154123429208993
NIFTY,2026-07-24 09:59:00,23787.0,1.0000000328976468,-1.6280012587137065,23786.004358664468,TRENDING_BULL,-0.0096365679055452,0.25,-6.45876455614659e-05,0.2689449505894804,0.2689587411797107,-6.45876455614659e-05,0.0005154440065121,NEUTRAL,0.4620963082308089,,,0.0,0.0,0.0,0.0,0.0,100.0,1.0009588130903218,0.0,0.0,48.212461695593866,57.608408714837005,7.48928571428561,0.0,1.0009588130903218,-0.0171829015016555
NIFTY,2026-07-24 09:59:00,23787.0,1.0000000328976468,-1.6280012587137065,23785.914936613382,TRENDING_BULL,-0.0096365679055452,0.25,-7.326117037532224e-05,0.2689449765442814,0.2689588685561901,-7.326117037532224e-05,0.0014853721290268,NEUTRAL,0.4620961548995284,,,0.0,0.0,0.0,0.0,0.0,100.0,1.0009588130903218,0.0,0.0,48.212461695593866,57.608408714837005,7.48928571428561,0.0,1.0009588130903218,-0.0171829015016555
NIFTY,2026-07-24 09:55:00,23787.0,1.0,7.833158727378061,23780.604260035227,TRENDING_BEAR,-0.0098973838612437,0.2,-0.0001547581543938,0.2689418678633469,0.2689415448291914,-0.0001547581543938,0.0,NEUTRAL,0.4621165873074617,,,0.0,0.0,0.0,0.0,0.0,100.0,1.0038642218517957,0.0,0.0,48.81050041016601,13.229189262417847,18.83214285714322,0.0,1.0038642218517957,-0.0154123429208993
NIFTY,2026-07-24 09:55:00,23787.0,1.0,7.833158727378061,23780.95184676041,TRENDING_BEAR,-0.0098973838612437,0.2,-0.0001829422635537,0.2689418378006745,0.2689415365166105,-0.0001829422635537,0.0,NEUTRAL,0.4621166256827149,,,0.0,0.0,0.0,0.0,0.0,100.0,1.0038642218517957,0.0,0.0,48.81050041016601,13.229189262417847,18.83214285714322,0.0,1.0038642218517957,-0.0154123429208993
NIFTY,2026-07-24 09:59:00,23787.0,1.0000000328976468,-1.6280012587137065,23786.032571015563,TRENDING_BULL,-0.0096365679055452,0.25,-6.321136971927412e-05,0.2689449462249646,0.2689587197602987,-6.321136971927412e-05,0.0015518192693257,NEUTRAL,0.4620963340147366,,,0.0,0.0,0.0,0.0,0.0,100.0,1.0009588130903218,0.0,0.0,48.212461695593866,57.608408714837005,7.48928571428561,0.0,1.0009588130903218,-0.0171829015016555
NIFTY,2026-07-23 23:00:00,96.55,1.0,0.0234436834392422,96.5249760454215,TRANSITION,-0.0133972903713583,0.2,-0.0008182259481088,0.2689414462442504,0.2689414470926784,-0.0008182259481088,0.0899472222093136,NEUTRAL,0.4621171066630711,,,0.0,0.0,16.666666666666664,16.666666666666664,16.666666666666664,66.66666666666667,1.0,0.0,0.0,,,,,1.0,-0.0138908509165048
NIFTY,2026-07-24 04:00:00,97.23,1.5,-3.8170997871309655,97.10300435541691,TRANSITION,-0.0070960987359285,0.2,-0.0073992625840916,0.2888029264405105,0.3277700275766094,-0.0073992625840916,0.1460667748118947,NEUTRAL,0.3834270459828801,-0.0017962226556233,True,-0.0008333333333333,0.1666666666666666,16.666666666666664,0.0,16.666666666666664,83.33333333333334,1.0,0.0,0.0,,,,,1.0,-0.0121195256710052
NIFTY,2026-07-24 09:45:00,23787.0,1.0,16.429642292718032,23786.22589529608,TRENDING_BEAR,-0.008039204403758,0.2,0.0007517411858868,0.2689424031268363,0.2691444623808719,0.0007517411858868,0.0,NEUTRAL,0.4619131344922917,-0.0006032263149597,True,0.0,0.0,0.0,0.0,0.0,100.0,0.9986889324043802,0.0,0.0,65.99362380445999,36.78163727442863,39.12857142857138,0.0,0.9986889324043802,-0.0141113609075546
NIFTY,2026-07-24 09:55:00,23787.0,1.0,7.833158727378061,23781.202515160185,TRENDING_BEAR,-0.0098973838612437,0.2,-0.0001614231709673,0.2689418075614465,0.2689415281552103,-0.0001614231709673,0.0,NEUTRAL,0.4621166642833432,,,0.0,0.0,0.0,0.0,0.0,100.0,1.0038642218517957,0.0,0.0,48.81050041016601,13.229189262417847,18.83214285714322,0.0,1.0038642218517957,-0.0154123429208993
NIFTY,2026-07-24 09:55:00,23787.0,1.0,7.833158727378061,23781.23363933888,TRENDING_BEAR,-0.0098973838612437,0.2,-0.0001644133352453,0.2689418321461787,0.2689415349530951,-0.0001644133352453,0.0,NEUTRAL,0.4621166329007261,,,0.0,0.0,0.0,0.0,0.0,100.0,1.0038642218517957,0.0,0.0,48.81050041016601,13.229189262417847,18.83214285714322,0.0,1.0038642218517957,-0.0154123429208993
NIFTY,2026-07-24 09:55:00,23787.0,1.0,7.833158727378061,23780.88774033316,TRENDING_BEAR,-0.0098973838612437,0.2,-0.0003194524469752,0.268941864823397,0.2689415439886198,-0.0003194524469752,0.0,NEUTRAL,0.4621165911879832,,,0.0,0.0,0.0,0.0,0.0,100.0,1.0038642218517957,0.0,0.0,48.81050041016601,13.229189262417847,18.83214285714322,0.0,1.0038642218517957,-0.0154123429208993
NIFTY,2026-07-24 09:59:00,23787.0,1.0000000328976468,-1.6280012587137065,23785.712102638787,TRENDING_BULL,-0.0096365679055452,0.25,-5.756978586334912e-05,0.2689449329779104,0.2689586547487134,-5.756978586334912e-05,0.0015904104252578,NEUTRAL,0.4620964122733761,,,0.0,0.0,0.0,0.0,0.0,100.0,1.0009588130903218,0.0,0.0,48.212461695593866,57.608408714837005,7.48928571428561,0.0,1.0009588130903218,-0.0171829015016555
NIFTY,2026-07-24 09:55:00,23787.0,1.0,7.833158727378061,23781.065638346165,TRENDING_BEAR,-0.0098973838612437,0.2,-0.0002513179870675,0.2689418447465079,0.2689415363011616,-0.0002513179870675,0.0,NEUTRAL,0.4621166189523304,,,0.0008333333333333,0.1666666666666666,16.666666666666664,16.666666666666664,0.0,83.33333333333334,1.0038642218517957,0.0,0.0,48.81050041016601,13.229189262417847,18.83214285714322,0.0,1.0038642218517957,-0.0154123429208993
NIFTY,2026-07-24 04:00:00,7411.02,1.5,-12.842140148521224,7423.831592082864,TRANSITION,-0.0047768633812665,0.2,-0.0075809284419474,0.2689432599480443,0.3750020912911816,-0.0075809284419474,0.25,NEUTRAL,0.356054648760774,-0.0017962226556233,True,-0.0008333333333333,0.1666666666666666,16.666666666666664,0.0,16.666666666666664,83.33333333333334,1.0,0.0,0.0,,,,,1.0,-0.0105216030031442
NIFTY,2026-07-24 09:59:00,23787.0,1.0000000328976468,-1.6280012587137065,23785.990981810948,TRENDING_BULL,-0.0096365679055452,0.25,1.4067377487727426e-05,0.2689447723821538,0.2689578666054621,1.4067377487727426e-05,0.0,NEUTRAL,0.462097361012384,,,0.0,0.0,0.0,0.0,0.0,100.0,1.0009588130903218,0.0,0.0,48.212461695593866,57.608408714837005,7.48928571428561,0.0,1.0009588130903218,-0.0171829015016555
NIFTY,2026-07-24 09:55:00,23787.0,1.0,7.833158727378061,23780.50846718605,TRENDING_BEAR,-0.0098973838612437,0.2,-0.0002593570422616,0.2689418362526264,0.2689415360885623,-0.0002593570422616,0.0,NEUTRAL,0.4621166276588113,,,0.0,0.0,0.0,0.0,0.0,100.0,1.0038642218517957,0.0,0.0,48.81050041016601,13.229189262417847,18.83214285714322,0.0,1.0038642218517957,-0.0154123429208993
NIFTY,2026-07-24 09:55:00,23787.0,1.0,7.833158727378061,23780.656792959457,TRENDING_BEAR,-0.0098973838612437,0.2,-0.0001554134462643,0.2689418330473735,0.2689415331252776,-0.0001554134462643,0.0,NEUTRAL,0.4621166338273488,,,0.0008333333333333,0.1666666666666666,16.666666666666664,16.666666666666664,0.0,83.33333333333334,1.0038642218517957,0.0,0.0,48.81050041016601,13.229189262417847,18.83214285714322,0.0,1.0038642218517957,-0.0154123429208993
NIFTY,2026-07-24 04:00:00,97.23,1.5,-3.8170997871309655,97.01450431911336,TRANSITION,-0.0070960987359285,0.2,-0.0071771905254424,0.2895257740512123,0.3274679876745328,-0.0071771905254424,0.1379238858016785,NEUTRAL,0.3830062382742549,,,-0.0008333333333333,0.1666666666666666,16.666666666666664,0.0,16.666666666666664,83.33333333333334,1.0,0.0,0.0,,,,,1.0,-0.0121195256710052
NIFTY,2026-07-24 09:59:00,23787.0,1.0000000328976468,-1.6280012587137065,23786.006127447254,TRENDING_BULL,-0.0096365679055452,0.25,-4.974741384138061e-05,0.2689449196557349,0.268958589368469,-4.974741384138061e-05,0.001646020413851,NEUTRAL,0.462096490975796,,,0.0,0.0,0.0,0.0,0.0,100.0,1.0009588130903218,0.0,0.0,48.212461695593866,57.608408714837005,7.48928571428561,0.0,1.0009588130903218,-0.0171829015016555
NIFTY,2026-07-24 09:55:00,23787.0,1.0,7.833158727378061,23780.354147190843,TRENDING_BEAR,-0.0098973838612437,0.2,-0.0002480368131249,0.2689418402755618,0.2691185236258577,-0.0002480368131249,0.0797185098390198,NEUTRAL,0.4619396360985803,,,0.0,0.0,0.0,0.0,0.0,100.0,1.0038642218517957,0.0,0.0,48.81050041016601,13.229189262417847,18.83214285714322,0.0,1.0038642218517957,-0.0154123429208993
NIFTY,2026-07-24 09:59:00,23787.0,1.0000000328976468,-1.6280012587137065,23786.02761327407,TRENDING_BULL,-0.0096365679055452,0.25,-6.135338866866062e-05,0.2689449415428383,0.2689586967821736,-6.135338866866062e-05,0.0015644072297372,NEUTRAL,0.462096361674988,,,0.0,0.0,0.0,0.0,0.0,100.0,1.0009588130903218,0.0,0.0,48.212461695593866,57.608408714837005,7.48928571428561,0.0,1.0009588130903218,-0.0171829015016555
NIFTY,2026-07-24 09:55:00,23787.0,1.0,7.833158727378061,23780.9493499936,TRENDING_BEAR,-0.0098973838612437,0.2,-0.0003931155042771,0.2689418719464836,0.2689415436849526,-0.0003931155042771,0.0,NEUTRAL,0.4621165843685637,,,0.0008333333333333,0.1666666666666666,16.666666666666664,16.666666666666664,0.0,83.33333333333334,1.0038642218517957,0.0,0.0,48.81050041016601,13.229189262417847,18.83214285714322,0.0,1.0038642218517957,-0.0154123429208993
NIFTY,2026-07-24 04:00:00,24974.14,1.5,-262.3804235031407,25154.783360643,TRANSITION,0.0004985501873306,0.2,0.0032022114790426,0.3119968157821218,0.2921370190664166,0.0032022114790426,0.1051539110044486,NEUTRAL,0.3958661651514616,,,0.0008333333333333,0.1666666666666666,16.666666666666664,16.666666666666664,0.0,83.33333333333334,1.0,0.0,0.0,,,,,1.0,-0.0048016553744673
NIFTY,2026-07-24 09:59:00,23787.0,1.0000000328976468,-1.6280012587137065,23785.99433565848,TRENDING_BULL,-0.0096365679055452,0.25,-8.756783144695284e-05,0.2689450325743746,0.2689584181468707,-8.756783144695284e-05,0.0013026735949848,NEUTRAL,0.4620965492787547,,,0.0016666666666666,0.3333333333333333,33.33333333333333,33.33333333333333,0.0,66.66666666666667,1.0009588130903218,0.0,0.0,48.212461695593866,57.608408714837005,7.48928571428561,0.0,1.0009588130903218,-0.0171829015016555
NIFTY,2026-07-24 09:55:00,23787.0,1.0,7.833158727378061,23781.47863437406,TRENDING_BEAR,-0.0098973838612437,0.2,0.0001001400990854,0.2689418025004096,0.2689415267557911,0.0001001400990854,0.0295720413789973,NEUTRAL,0.4621166707437993,,,0.0,0.0,0.0,0.0,0.0,100.0,1.0038642218517957,0.0,0.0,48.81050041016601,13.229189262417847,18.83214285714322,0.0,1.0038642218517957,-0.0154123429208993
NIFTY,2026-07-24 04:00:00,28420.75,1.5,-326.55263496894975,28591.651487229108,TRANSITION,0.0006147747044451,0.2,0.0035499130877381,0.3170731653890672,0.2953140449637695,0.0035499130877381,0.1007651657630064,NEUTRAL,0.3876127896471632,-0.0017962226556233,True,0.0008333333333333,0.1666666666666666,16.666666666666664,16.666666666666664,0.0,83.33333333333334,1.0,0.0,0.0,,,,,1.0,-0.0016779451165348
NIFTY,2026-07-24 09:45:00,23787.0,1.0,16.429642292718032,23788.48647564552,TRENDING_BEAR,-0.008039204403758,0.2,0.001073373748687,0.2689433337266619,0.2689448772844995,0.001073373748687,0.0,NEUTRAL,0.4621117889888385,-0.0006032263149597,True,0.0008333333333333,0.1666666666666666,16.666666666666664,16.666666666666664,0.0,83.33333333333334,0.9986889324043802,0.0,0.0,65.99362380445999,36.78163727442863,39.12857142857138,0.0,0.9986889324043802,-0.0141113609075546
NIFTY,2026-07-24 09:59:00,23787.0,1.0000000328976468,-1.6280012587137065,23786.17215924432,TRENDING_BULL,-0.0096365679055452,0.25,-0.0003446466353314,0.2689442821686963,0.2689554608303542,-0.0003446466353314,0.0998582030703209,NEUTRAL,0.4621002570009493,,,0.0,0.0,0.0,0.0,0.0,100.0,1.0009588130903218,0.0,0.0,48.212461695593866,57.608408714837005,7.48928571428561,0.0,1.0009588130903218,-0.0171829015016555
NIFTY,2026-07-24 09:55:00,23787.0,1.0,7.833158727378061,23781.682223783147,TRENDING_BEAR,-0.0098973838612437,0.2,2.322171919384922e-05,0.2689418273049286,0.2689415336144488,2.322171919384922e-05,0.00814482156731,NEUTRAL,0.4621166390806225,,,0.0,0.0,0.0,0.0,0.0,100.0,1.0038642218517957,0.0,0.0,48.81050041016601,13.229189262417847,18.83214285714322,0.0,1.0038642218517957,-0.0154123429208993
NIFTY,2026-07-24 09:59:00,23787.0,1.0000000328976468,-1.6280012587137065,23785.79727619224,TRENDING_BULL,-0.0096365679055452,0.25,-0.0002407590542293,0.2689444772576163,0.2689564182488504,-0.0002407590542293,0.0722797836942748,NEUTRAL,0.4620991044935332,,,0.0,0.0,0.0,0.0,0.0,100.0,1.0009588130903218,0.0,0.0,48.212461695593866,57.608408714837005,7.48928571428561,0.0,1.0009588130903218,-0.0171829015016555
NIFTY,2026-07-24 04:00:00,97.23,1.5,-3.8170997871309655,97.01595370176608,TRANSITION,-0.0070960987359285,0.2,-0.0073864779467123,0.2886885073988999,0.3279925124118349,-0.0073864779467123,0.1410266559907584,NEUTRAL,0.3833189801892651,-0.0017962226556233,True,-0.0008333333333333,0.1666666666666666,16.666666666666664,0.0,16.666666666666664,83.33333333333334,1.0,0.0,0.0,,,,,1.0,-0.0121195256710052
NIFTY,2026-07-24 09:55:00,23787.0,1.0,7.833158727378061,23780.087886948324,TRENDING_BEAR,-0.0098973838612437,0.2,-0.0002530570008564,0.2689418254607831,0.2689415331045272,-0.0002530570008564,0.0,NEUTRAL,0.4621166414346896,,,0.0,0.0,0.0,0.0,0.0,100.0,1.0038642218517957,0.0,0.0,48.81050041016601,13.229189262417847,18.83214285714322,0.0,1.0038642218517957,-0.0154123429208993
NIFTY,2026-07-24 09:55:00,23787.0,1.0,7.833158727378061,23780.056937052115,TRENDING_BEAR,-0.0098973838612437,0.2,-0.0001670528872933,0.268941830578402,0.2689415324550427,-0.0001670528872933,0.0,NEUTRAL,0.4621166369665553,,,0.0008333333333333,0.1666666666666666,16.666666666666664,16.666666666666664,0.0,83.33333333333334,1.0038642218517957,0.0,0.0,48.81050041016601,13.229189262417847,18.83214285714322,0.0,1.0038642218517957,-0.0154123429208993
NIFTY,2026-07-23 23:00:00,96.55,1.0,,,TRANSITION,-0.0139354970306158,0.2,-0.011308694373003,0.272775402595304,0.3487998929416767,-0.011308694373003,0.25,NEUTRAL,0.3784247044630193,,,0.0,0.0,0.0,0.0,0.0,100.0,1.0,0.0,0.0,,,,,1.0,-0.0140591360628604
NIFTY,2026-07-24 04:00:00,4063.0,1.5,-13.198483235705964,4068.419655935036,TRANSITION,-0.0065708816982805,0.2,-0.0161022165756935,0.2689450842586344,0.3775301562814215,-0.0161022165756935,0.2391994786781346,NEUTRAL,0.353524759459944,-0.0017962226556233,True,-0.0008333333333333,0.1666666666666666,16.666666666666664,0.0,16.666666666666664,83.33333333333334,1.0,0.0,0.0,,,,,1.0,-0.0126461707055568
NIFTY,2026-07-24 09:55:00,23787.0,1.0,7.833158727378061,23781.02426791195,TRENDING_BEAR,-0.0098973838612437,0.2,-0.0001893049450427,0.2689418136579741,0.2689415278617698,-0.0001893049450427,0.0,NEUTRAL,0.462116658480256,,,0.0008333333333333,0.1666666666666666,16.666666666666664,16.666666666666664,0.0,83.33333333333334,1.0038642218517957,0.0,0.0,48.81050041016601,13.229189262417847,18.83214285714322,0.0,1.0038642218517957,-0.0154123429208993
NIFTY,2026-07-24 04:00:00,97.23,1.5,-3.8170997871309655,96.99814376957428,TRANSITION,-0.0070960987359285,0.2,-0.0073945500079665,0.2891151981429552,0.328199771825467,-0.0073945500079665,0.1503248688649637,NEUTRAL,0.3826850300315778,-0.0017962226556233,True,-0.0008333333333333,0.1666666666666666,16.666666666666664,0.0,16.666666666666664,83.33333333333334,1.0,0.0,0.0,,,,,1.0,-0.0121195256710052
NIFTY,2026-07-24 09:55:00,23787.0,1.0,7.833158727378061,23781.46201138724,TRENDING_BEAR,-0.0098973838612437,0.2,-0.0001766411771628,0.2689418156625672,0.2689415303952382,-0.0001766411771628,0.0,NEUTRAL,0.4621166539421946,,,0.0,0.0,0.0,0.0,0.0,100.0,1.0038642218517957,0.0,0.0,48.81050041016601,13.229189262417847,18.83214285714322,0.0,1.0038642218517957,-0.0154123429208993
NIFTY,2026-07-24 09:59:00,23787.0,1.0000000328976468,-1.6280012587137065,23785.96439066516,TRENDING_BULL,-0.0096365679055452,0.25,-7.072982762069015e-05,0.268944965951517,0.2689585775273666,-7.072982762069015e-05,0.0014693253445344,NEUTRAL,0.4620964565211163,,,0.0008333333333333,0.1666666666666666,16.666666666666664,16.666666666666664,0.0,83.33333333333334,1.0009588130903218,0.0,0.0,48.212461695593866,57.608408714837005,7.48928571428561,0.0,1.0009588130903218,-0.0171829015016555
NIFTY,2026-07-24 09:59:00,23787.0,1.0000000328976468,-1.6280012587137065,23785.925573686724,TRENDING_BULL,-0.0096365679055452,0.25,-9.51523276648427e-05,0.2689450660211642,0.2689593076755787,-9.51523276648427e-05,0.0013452192584809,NEUTRAL,0.462095626303257,,,0.0,0.0,0.0,0.0,0.0,100.0,1.0009588130903218,0.0,0.0,48.212461695593866,57.608408714837005,7.48928571428561,0.0,1.0009588130903218,-0.0171829015016555
NIFTY,2026-07-24 04:00:00,97.23,1.5,-3.8170997871309655,97.0471341909154,TRANSITION,-0.0070960987359285,0.2,-0.0072492696734116,0.2890324443141736,0.3266807514939613,-0.0072492696734116,0.1495002819513968,NEUTRAL,0.384286804191865,-0.0017962226556233,True,-0.0008333333333333,0.1666666666666666,16.666666666666664,0.0,16.666666666666664,83.33333333333334,1.0,0.0,0.0,,,,,1.0,-0.0121195256710052
NIFTY,2026-07-24 09:55:00,23787.0,1.0,7.833158727378061,23780.42755931,TRENDING_BEAR,-0.0098973838612437,0.2,9.068614864371462e-05,0.2689418131461663,0.2689415296994322,9.068614864371462e-05,0.0274049700879819,NEUTRAL,0.4621166571544015,,,0.0,0.0,0.0,0.0,0.0,100.0,1.0038642218517957,0.0,0.0,48.81050041016601,13.229189262417847,18.83214285714322,0.0,1.0038642218517957,-0.0154123429208993
NIFTY,2026-07-24 09:55:00,23787.0,1.0,7.833158727378061,23780.97882429046,TRENDING_BEAR,-0.0098973838612437,0.2,-9.251194473553087e-06,0.2689418125042553,0.2689415295219384,-9.251194473553087e-06,0.0,NEUTRAL,0.4621166579738062,,,0.0,0.0,0.0,0.0,0.0,100.0,1.0038642218517957,0.0,0.0,48.81050041016601,13.229189262417847,18.83214285714322,0.0,1.0038642218517957,-0.0154123429208993
NIFTY,2026-07-24 09:59:00,23787.0,1.0000000328976468,-1.6280012587137065,23786.00815283348,TRENDING_BULL,-0.0096365679055452,0.25,-6.501477690311686e-05,0.2689449510582251,0.2689587434801342,-6.501477690311686e-05,0.0015397039091496,NEUTRAL,0.4620963054616406,,,0.0,0.0,0.0,0.0,0.0,100.0,1.0009588130903218,0.0,0.0,48.212461695593866,57.608408714837005,7.48928571428561,0.0,1.0009588130903218,-0.0171829015016555
NIFTY,2026-07-23 23:00:00,96.55,1.0,0.0234436834392422,96.51709835177788,TRANSITION,-0.0133972903713583,0.2,-4.1745323758666805e-06,0.2689414502205167,0.2689414516002237,-4.1745323758666805e-06,0.0,NEUTRAL,0.4621170981792595,,,-0.0008333333333333,0.1666666666666666,16.666666666666664,0.0,16.666666666666664,83.33333333333334,1.0,0.0,0.0,,,,,1.0,-0.0138908509165048
NIFTY,2026-07-24 04:00:00,97.26,1.5,-3.782839386303115,97.10977176603556,TRANSITION,-0.0070960987359285,0.2,-0.0072222596599717,0.2892008268278763,0.3275326310716663,-0.0072222596599717,0.1429904338244627,NEUTRAL,0.3832665421004574,-0.0017962226556233,True,-0.0008333333333333,0.1666666666666666,16.666666666666664,0.0,16.666666666666664,83.33333333333334,1.0,0.0,0.0,,,,,1.0,-0.0121195256710052
NIFTY,2026-07-24 09:55:00,23787.0,1.0,7.833158727378061,23780.15421851119,TRENDING_BEAR,-0.0098973838612437,0.2,-5.9610996528910586e-05,0.2689418294550464,0.2689415342089744,-5.9610996528910586e-05,0.0,NEUTRAL,0.462116636335979,,,0.0,0.0,0.0,0.0,0.0,100.0,1.0038642218517957,0.0,0.0,48.81050041016601,13.229189262417847,18.83214285714322,0.0,1.0038642218517957,-0.0154123429208993
NIFTY,2026-07-24 09:59:00,23787.0,1.0000000328976468,-1.6280012587137065,23785.94667384357,TRENDING_BULL,-0.0096365679055452,0.25,-4.6771013211325503e-05,0.2689449162277197,0.2689585725450563,-4.6771013211325503e-05,0.0016679407796529,NEUTRAL,0.4620965112272239,,,0.0,0.0,0.0,0.0,0.0,100.0,1.0009588130903218,0.0,0.0,48.212461695593866,57.608408714837005,7.48928571428561,0.0,1.0009588130903218,-0.0171829015016555
NIFTY,2026-07-24 09:59:00,23787.0,1.0000000328976468,-1.6280012587137065,23786.21297798572,TRENDING_BULL,-0.0096365679055452,0.25,-5.955903305414686e-05,0.2689449373158566,0.2689586760377292,-5.955903305414686e-05,0.0015766744158188,NEUTRAL,0.4620963866464142,,,0.0,0.0,0.0,0.0,0.0,100.0,1.0009588130903218,0.0,0.0,48.212461695593866,57.608408714837005,7.48928571428561,0.0,1.0009588130903218,-0.0171829015016555
NIFTY,2026-07-24 09:55:00,23787.0,1.0,7.833158727378061,23781.210469074744,TRENDING_BEAR,-0.0098973838612437,0.2,-0.0001025548561066,0.2689418542137684,0.2689415410549687,-0.0001025548561066,0.0,NEUTRAL,0.4621166047312628,,,0.0,0.0,0.0,0.0,0.0,100.0,1.0038642218517957,0.0,0.0,48.81050041016601,13.229189262417847,18.83214285714322,0.0,1.0038642218517957,-0.0154123429208993
NIFTY,2026-07-24 04:00:00,97.41,1.5,-3.61153738216388,97.0517145026004,TRANSITION,-0.0070960987359285,0.2,-0.0077707528237771,0.2891080630533939,0.3293394514063409,-0.0077707528237771,0.1466945563388755,NEUTRAL,0.3815524855402651,-0.0017962226556233,True,0.0,0.0,0.0,0.0,0.0,100.0,1.0,0.0,0.0,,,,,1.0,-0.0121195256710052
NIFTY,2026-07-24 09:55:00,23787.0,1.0,7.833158727378061,23781.10446039888,TRENDING_BEAR,-0.0098973838612437,0.2,-0.0003007855683936,0.2689418278636402,0.2689415337689372,-0.0003007855683936,0.0,NEUTRAL,0.4621166383674225,,,0.0,0.0,0.0,0.0,0.0,100.0,1.0038642218517957,0.0,0.0,48.81050041016601,13.229189262417847,18.83214285714322,0.0,1.0038642218517957,-0.0154123429208993
NIFTY,2026-07-23 18:30:00,14.03,1.0,0.5659261731584636,13.688138314993424,TRANSITION,-0.0129909887909889,0.2,0.0088809004575118,0.3387024591229379,0.2853552215736131,0.0088809004575118,0.1012186454853541,NEUTRAL,0.3759423193034489,,,-0.0008333333333333,0.1666666666666666,16.666666666666664,0.0,16.666666666666664,83.33333333333334,1.0,0.0,0.0,,,,,1.0,-0.0145153686404228
NIFTY,2026-07-24 09:59:00,23787.0,1.0000000328976468,-1.6280012587137065,23785.975263678105,TRENDING_BULL,-0.0096365679055452,0.25,-7.157723876823241e-05,0.2689449709112714,0.2689588409114757,-7.157723876823241e-05,0.001496344995086,NEUTRAL,0.4620961881772528,,,0.0,0.0,0.0,0.0,0.0,100.0,1.0009588130903218,0.0,0.0,48.212461695593866,57.608408714837005,7.48928571428561,0.0,1.0009588130903218,-0.0171829015016555
NIFTY,2026-07-24 09:55:00,23787.0,1.0,7.833158727378061,23780.27942535738,TRENDING_BEAR,-0.0098973838612437,0.2,-0.0001125136643847,0.2689418027479918,0.2689415268242496,-0.0001125136643847,0.0,NEUTRAL,0.4621166704277585,,,0.0,0.0,0.0,0.0,0.0,100.0,1.0038642218517957,0.0,0.0,48.81050041016601,13.229189262417847,18.83214285714322,0.0,1.0038642218517957,-0.0154123429208993
NIFTY,2026-07-24 09:55:00,23787.0,1.0,7.833158727378061,23781.617849449383,TRENDING_BEAR,-0.0098973838612437,0.2,0.0001534279870999,0.268941798702793,0.2689415257057181,0.0001534279870999,0.0121538500358938,NEUTRAL,0.4621166755914888,,,0.0,0.0,0.0,0.0,0.0,100.0,1.0038642218517957,0.0,0.0,48.81050041016601,13.229189262417847,18.83214285714322,0.0,1.0038642218517957,-0.0154123429208993
NIFTY,2026-07-24 09:59:00,23787.0,1.0000000328976468,-1.6280012587137065,23786.14810161518,TRENDING_BULL,-0.0096365679055452,0.25,-7.84647802235289e-05,0.2689449952222675,0.2689589602207958,-7.84647802235289e-05,0.0014517553897335,NEUTRAL,0.4620960445569366,,,0.0,0.0,0.0,0.0,0.0,100.0,1.0009588130903218,0.0,0.0,48.212461695593866,57.608408714837005,7.48928571428561,0.0,1.0009588130903218,-0.0171829015016555
NIFTY,2026-07-24 09:59:00,23787.0,1.0000000328976468,-1.6280012587137065,23786.097079476083,TRENDING_BULL,-0.0096365679055452,0.25,-5.641022881782379e-05,0.2689449306220886,0.268958643187222,-5.641022881782379e-05,0.0015984876597906,NEUTRAL,0.4620964261906894,,,0.0,0.0,0.0,0.0,0.0,100.0,1.0009588130903218,0.0,0.0,48.212461695593866,57.608408714837005,7.48928571428561,0.0,1.0009588130903218,-0.0171829015016555
NIFTY,2026-07-24 04:00:00,52198.0,1.5,240.5348881494536,52170.16807321602,TRANSITION,-0.0067380215041339,0.2,0.0042673513797665,0.3195584806980195,0.2972727632403548,0.0042673513797665,0.1599402858763874,NEUTRAL,0.3831687560616256,-0.0017962226556233,True,0.0008333333333333,0.1666666666666666,16.666666666666664,16.666666666666664,0.0,83.33333333333334,1.0,0.0,0.0,,,,,1.0,-0.0128884702920913
NIFTY,2026-07-24 09:55:00,23787.0,1.0,7.833158727378061,23780.68154274832,TRENDING_BEAR,-0.0098973838612437,0.2,-6.848371861145966e-05,0.2689417932538665,0.2689419740741919,-6.848371861145966e-05,0.0283839477645666,NEUTRAL,0.4621162326719416,,,-0.0008333333333333,0.1666666666666666,16.666666666666664,0.0,16.666666666666664,83.33333333333334,1.0038642218517957,0.0,0.0,48.81050041016601,13.229189262417847,18.83214285714322,0.0,1.0038642218517957,-0.0154123429208993
NIFTY,2026-07-24 09:55:00,23787.0,1.0,7.833158727378061,23782.224403179443,TRENDING_BEAR,-0.0098973838612437,0.2,-5.2706626551670206e-05,0.2689418296108014,0.268941534252042,-5.2706626551670206e-05,0.0,NEUTRAL,0.4621166361371566,,,0.0,0.0,0.0,0.0,0.0,100.0,1.0038642218517957,0.0,0.0,48.81050041016601,13.229189262417847,18.83214285714322,0.0,1.0038642218517957,-0.0154123429208993
NIFTY,2026-07-24 09:59:00,23787.0,1.0000000328976468,-1.6280012587137065,23786.14627696256,TRENDING_BULL,-0.0096365679055452,0.25,-0.0003500599593091,0.2689442663794438,0.2689553833430843,-0.0003500599593091,0.1010448280053153,NEUTRAL,0.4621003502774718,,,0.0,0.0,0.0,0.0,0.0,100.0,1.0009588130903218,0.0,0.0,48.212461695593866,57.608408714837005,7.48928571428561,0.0,1.0009588130903218,-0.0171829015016555
NIFTY,2026-07-24 09:45:00,23787.0,1.0,2.1220619059053405,23793.961889101105,TRENDING_BEAR,-0.0049663903191685,0.2,9.380122242318552e-05,0.2719716461475061,0.2714945088004821,9.380122242318552e-05,0.0198484187034564,NEUTRAL,0.4565338450520117,-0.0006032263149597,True,-0.0016666666666666,0.3333333333333333,33.33333333333333,0.0,33.33333333333333,66.66666666666667,1.0206673227721514,0.0,0.0,35.84460631286797,66.28512892812184,84.01785714285741,0.0,1.0206673227721514,-0.0111171752214431
NIFTY,2026-07-24 09:55:00,23787.0,1.0,7.833158727378061,23781.322869499338,TRENDING_BEAR,-0.0098973838612437,0.2,-0.0001925616940592,0.2689418154118858,0.2689415309081822,-0.0001925616940592,0.0,NEUTRAL,0.462116653679932,,,-0.0008333333333333,0.1666666666666666,16.666666666666664,0.0,16.666666666666664,83.33333333333334,1.0038642218517957,0.0,0.0,48.81050041016601,13.229189262417847,18.83214285714322,0.0,1.0038642218517957,-0.0154123429208993
NIFTY,2026-07-24 09:59:00,23787.0,1.0000000328976468,-1.6280012587137065,23785.847877030967,TRENDING_BULL,-0.0096365679055452,0.25,-6.286768469650183e-05,0.2689449453358611,0.2689587153969111,-6.286768469650183e-05,0.0015541393979839,NEUTRAL,0.4620963392672277,,,0.0,0.0,0.0,0.0,0.0,100.0,1.0009588130903218,0.0,0.0,48.212461695593866,57.608408714837005,7.48928571428561,0.0,1.0009588130903218,-0.0171829015016555
NIFTY,2026-07-24 04:00:00,28525.75,1.5,-206.64123207147784,28673.68525521551,TRANSITION,0.0004985501873306,0.2,-0.0302246493297425,0.2699296194866527,0.3753615057606279,-0.0302246493297425,0.25,NEUTRAL,0.3547088747527193,-0.0017962226556233,True,0.0008333333333333,0.1666666666666666,16.666666666666664,16.666666666666664,0.0,83.33333333333334,1.0,0.0,0.0,,,,,1.0,-0.005741068907082
NIFTY,2026-07-24 09:59:00,23787.0,1.0000000328976468,-1.6280012587137065,23786.144692360387,TRENDING_BULL,-0.0096365679055452,0.25,-6.814723585175129e-05,0.2689449601042992,0.2689587878748878,-6.814723585175129e-05,0.0015188768538624,NEUTRAL,0.4620962520208129,,,0.0,0.0,0.0,0.0,0.0,100.0,1.0009588130903218,0.0,0.0,48.212461695593866,57.608408714837005,7.48928571428561,0.0,1.0009588130903218,-0.0171829015016555
NIFTY,2026-07-24 09:55:00,23787.0,1.0,7.833158727378061,23781.107655658216,TRENDING_BEAR,-0.0098973838612437,0.2,-0.0001446038371715,0.2689418228345648,0.2689415323783558,-0.0001446038371715,0.0,NEUTRAL,0.4621166447870794,,,0.0,0.0,0.0,0.0,0.0,100.0,1.0038642218517957,0.0,0.0,48.81050041016601,13.229189262417847,18.83214285714322,0.0,1.0038642218517957,-0.0154123429208993
NIFTY,2026-07-24 09:59:00,23787.0,1.0000000328976468,-1.6280012587137065,23785.890576434274,TRENDING_BULL,-0.0096365679055452,0.25,-8.020386214990947e-05,0.268944988053655,0.2689589250399109,-8.020386214990947e-05,0.0028478728842994,NEUTRAL,0.4620960869064341,,,0.0,0.0,0.0,0.0,0.0,100.0,1.0009588130903218,0.0,0.0,48.212461695593866,57.608408714837005,7.48928571428561,0.0,1.0009588130903218,-0.0171829015016555
NIFTY,2026-07-24 09:55:00,23787.0,1.0,7.833158727378061,23781.99534174076,TRENDING_BEAR,-0.0098973838612437,0.2,-2.832703969709149e-05,0.2689417963231237,0.2689415250477195,-2.832703969709149e-05,0.0,NEUTRAL,0.4621166786291567,,,0.0,0.0,0.0,0.0,0.0,100.0,1.0038642218517957,0.0,0.0,48.81050041016601,13.229189262417847,18.83214285714322,0.0,1.0038642218517957,-0.0154123429208993
NIFTY,2026-07-24 09:59:00,23787.0,1.0000000328976468,-1.6280012587137065,23785.96918842176,TRENDING_BULL,-0.0096365679055452,0.25,-5.644362769385406e-05,0.2689448885049545,0.2689585930051496,-5.644362769385406e-05,0.0015981185840512,NEUTRAL,0.4620965184898958,,,-0.0008333333333333,0.1666666666666666,16.666666666666664,0.0,16.666666666666664,83.33333333333334,1.0009588130903218,0.0,0.0,48.212461695593866,57.608408714837005,7.48928571428561,0.0,1.0009588130903218,-0.0171829015016555
NIFTY,2026-07-24 04:00:00,28499.5,1.5,-236.61908279584577,28658.5260603122,TRANSITION,0.0004985501873306,0.2,-0.03931098967918,0.2715808966539726,0.3708893159514912,-0.03931098967918,0.25,NEUTRAL,0.357529787394536,,,0.0008333333333333,0.1666666666666666,16.666666666666664,16.666666666666664,0.0,83.33333333333334,1.0,0.0,0.0,,,,,1.0,-0.0047917479649186
NIFTY,2026-07-24 04:00:00,4070.5,1.5,,,TRANSITION,-0.0051832259632647,0.2,-0.0086712468648825,0.2795814912255392,0.3351068219260264,-0.0086712468648825,0.197469274701376,NEUTRAL,0.3853116868484343,-0.0017962226556233,True,-0.0008333333333333,0.1666666666666666,16.666666666666664,0.0,16.666666666666664,83.33333333333334,1.0,0.0,0.0,,,,,1.0,-0.0108196344226598
NIFTY,2026-07-24 09:55:00,23787.0,1.0,7.833158727378061,23780.514648139444,TRENDING_BEAR,-0.0098973838612437,0.2,-0.0003063040446968,0.2689418486017813,0.2689415395032072,-0.0003063040446968,0.0,NEUTRAL,0.4621166118950115,,,0.0,0.0,0.0,0.0,0.0,100.0,1.0038642218517957,0.0,0.0,48.81050041016601,13.229189262417847,18.83214285714322,0.0,1.0038642218517957,-0.0154123429208993
NIFTY,2026-07-24 04:00:00,96.41,1.5,,,TRANSITION,-0.0064565571956336,0.2,-0.0081075884016326,0.2755727009260286,0.3359844433214846,-0.0081075884016326,0.2157233347894848,NEUTRAL,0.3884428557524867,-0.0017962226556233,True,-0.0008333333333333,0.1666666666666666,16.666666666666664,0.0,16.666666666666664,83.33333333333334,1.0,0.0,0.0,,,,,1.0,-0.0092614497989416
NIFTY,2026-07-24 09:59:00,23787.0,1.0000000328976468,-1.6280012587137065,23786.00540795577,TRENDING_BULL,-0.0096365679055452,0.25,-4.678401120388505e-05,0.2689449134368446,0.2689583233466756,-4.678401120388505e-05,0.0016342232196905,NEUTRAL,0.4620967632164797,,,0.0008333333333333,0.1666666666666666,16.666666666666664,16.666666666666664,0.0,83.33333333333334,1.0009588130903218,0.0,0.0,48.212461695593866,57.608408714837005,7.48928571428561,0.0,1.0009588130903218,-0.0171829015016555
NIFTY,2026-07-23 23:00:00,96.55,1.0,0.0234436834392422,96.51951609449917,TRANSITION,-0.0133972903713583,0.2,-0.0003289178257357,0.2689414471243192,0.268941448355958,-0.0003289178257357,0.0278387232916995,NEUTRAL,0.4621171045197227,,,-0.0008333333333333,0.1666666666666666,16.666666666666664,0.0,16.666666666666664,83.33333333333334,1.0,0.0,0.0,,,,,1.0,-0.0138908509165048
NIFTY,2026-07-24 09:59:00,23787.0,1.0000000328976468,-1.6280012587137065,23786.1591133458,TRENDING_BULL,-0.0096365679055452,0.25,-8.287119641878931e-05,0.2689450124235827,0.268959044638464,-8.287119641878931e-05,0.0014235344942002,NEUTRAL,0.4620959429379532,,,0.0,0.0,0.0,0.0,0.0,100.0,1.0009588130903218,0.0,0.0,48.212461695593866,57.608408714837005,7.48928571428561,0.0,1.0009588130903218,-0.0171829015016555
NIFTY,2026-07-24 09:55:00,23787.0,1.0,7.833158727378061,23781.106182327887,TRENDING_BEAR,-0.0098973838612437,0.2,0.0001521992836779,0.2689417798237503,0.2689415204855041,0.0001521992836779,0.0203635728494157,NEUTRAL,0.4621166996907455,,,0.0,0.0,0.0,0.0,0.0,100.0,1.0038642218517957,0.0,0.0,48.81050041016601,13.229189262417847,18.83214285714322,0.0,1.0038642218517957,-0.0154123429208993
NIFTY,2026-07-24 09:55:00,23787.0,1.0,7.833158727378061,23780.94222562248,TRENDING_BEAR,-0.0098973838612437,0.2,-0.0002549194366918,0.2689418389947127,0.2689415368467722,-0.0002549194366918,0.0,NEUTRAL,0.4621166241585151,,,0.0,0.0,0.0,0.0,0.0,100.0,1.0038642218517957,0.0,0.0,48.81050041016601,13.229189262417847,18.83214285714322,0.0,1.0038642218517957,-0.0154123429208993
NIFTY,2026-07-24 09:59:00,23787.0,1.0000000328976468,-1.6280012587137065,23786.12761421836,TRENDING_BULL,-0.0096365679055452,0.25,-0.0001969046474759,0.2689445316859605,0.2689566853617304,-0.0001969046474759,0.0733301244084799,NEUTRAL,0.462098782952309,,,0.0,0.0,0.0,0.0,0.0,100.0,1.0009588130903218,0.0,0.0,48.212461695593866,57.608408714837005,7.48928571428561,0.0,1.0009588130903218,-0.0171829015016555
NIFTY,2026-07-24 09:55:00,23787.0,1.0,7.833158727378061,23782.402220249583,TRENDING_BEAR,-0.0098973838612437,0.2,-9.496695576750446e-05,0.2689417991516611,0.2689415263880664,-9.496695576750446e-05,0.0,NEUTRAL,0.4621166744602724,,,-0.0008333333333333,0.1666666666666666,16.666666666666664,0.0,16.666666666666664,83.33333333333334,1.0038642218517957,0.0,0.0,48.81050041016601,13.229189262417847,18.83214285714322,0.0,1.0038642218517957,-0.0154123429208993
NIFTY,2026-07-24 04:00:00,4066.4,1.5,-9.31563780854964,4067.369793786739,TRANSITION,-0.0059412862174212,0.2,-0.011333664957309,0.2689437705860213,0.3768317205971939,-0.011333664957309,0.1825608140668823,NEUTRAL,0.3542245088167847,-0.0017962226556233,True,-0.0008333333333333,0.1666666666666666,16.666666666666664,0.0,16.666666666666664,83.33333333333334,1.0,0.0,0.0,,,,,1.0,-0.01309873200953
NIFTY,2026-07-24 09:55:00,23787.0,1.0,7.833158727378061,23781.127366718127,TRENDING_BEAR,-0.0098973838612437,0.2,-0.0002649656125276,0.2689418412050039,0.2689415374579362,-0.0002649656125276,0.0,NEUTRAL,0.4621166213370598,,,0.0,0.0,0.0,0.0,0.0,100.0,1.0038642218517957,0.0,0.0,48.81050041016601,13.229189262417847,18.83214285714322,0.0,1.0038642218517957,-0.0154123429208993
NIFTY,2026-07-24 09:59:00,23787.0,1.0000000328976468,-1.6280012587137065,23785.884918029074,TRENDING_BULL,-0.0096365679055452,0.25,-5.90779492398472e-05,0.2689449362328326,0.2689586707226529,-5.90779492398472e-05,0.0015799828289948,NEUTRAL,0.4620963930445144,,,0.0,0.0,0.0,0.0,0.0,100.0,1.0009588130903218,0.0,0.0,48.212461695593866,57.608408714837005,7.48928571428561,0.0,1.0009588130903218,-0.0171829015016555
NIFTY,2026-07-24 09:55:00,23787.0,1.0,7.833158727378061,23781.12236175793,TRENDING_BEAR,-0.0098973838612437,0.2,-5.475414701415471e-05,0.2689418252506319,0.2689415330464186,-5.475414701415471e-05,0.0,NEUTRAL,0.4621166417029494,,,0.0,0.0,0.0,0.0,0.0,100.0,1.0038642218517957,0.0,0.0,48.81050041016601,13.229189262417847,18.83214285714322,0.0,1.0038642218517957,-0.0154123429208993
NIFTY,2026-07-24 09:59:00,23787.0,1.0000000328976468,-1.6280012587137065,23786.248543140664,TRENDING_BULL,-0.0096365679055452,0.25,-5.211646150395512e-05,0.2689449230427675,0.2689586059907544,-5.211646150395512e-05,0.0016288881922055,NEUTRAL,0.462096470966478,,,0.0,0.0,0.0,0.0,0.0,100.0,1.0009588130903218,0.0,0.0,48.212461695593866,57.608408714837005,7.48928571428561,0.0,1.0009588130903218,-0.0171829015016555
NIFTY,2026-07-24 09:55:00,23787.0,1.0,7.833158727378061,23780.55837388908,TRENDING_BEAR,-0.0098973838612437,0.2,-0.0002798332693609,0.2689418404042722,0.268972440556584,-0.0002798332693609,0.0727193700914291,NEUTRAL,0.4620857190391437,,,0.0,0.0,0.0,0.0,0.0,100.0,1.0038642218517957,0.0,0.0,48.81050041016601,13.229189262417847,18.83214285714322,0.0,1.0038642218517957,-0.0154123429208993
NIFTY,2026-07-24 09:59:00,23787.0,1.0000000328976468,-1.6280012587137065,23785.80652371854,TRENDING_BULL,-0.0096365679055452,0.25,-5.251417890437206e-05,0.2689449236675721,0.2689586090570613,-5.251417890437206e-05,0.001626038014282,NEUTRAL,0.4620964672753666,,,0.0,0.0,0.0,0.0,0.0,100.0,1.0009588130903218,0.0,0.0,48.212461695593866,57.608408714837005,7.48928571428561,0.0,1.0009588130903218,-0.0171829015016555
NIFTY,2026-07-24 09:55:00,23787.0,1.0,7.833158727378061,23781.29961507908,TRENDING_BEAR,-0.0098973838612437,0.2,-0.0003200942993194,0.2689418653312403,0.2689676655927376,-0.0003200942993194,0.0701812381476382,NEUTRAL,0.462090469076022,,,0.0008333333333333,0.1666666666666666,16.666666666666664,16.666666666666664,0.0,83.33333333333334,1.0038642218517957,0.0,0.0,48.81050041016601,13.229189262417847,18.83214285714322,0.0,1.0038642218517957,-0.0154123429208993
NIFTY,2026-07-24 04:00:00,25086.59,1.5,,,TRANSITION,0.0013281671563163,0.2,-2.68504526027176e-07,0.3044270845275741,0.3044287243208938,-2.68504526027176e-07,7.44472234249358e-06,NEUTRAL,0.3911441911515321,-0.0017962226556233,True,0.0008333333333333,0.1666666666666666,16.666666666666664,16.666666666666664,0.0,83.33333333333334,1.0,0.0,0.0,,,,,1.0,-0.0001926016237121
NIFTY,2026-07-24 09:59:00,23787.0,1.0000000328976468,-1.6280012587137065,23785.94055908733,TRENDING_BULL,-0.0096365679055452,0.25,-6.329497079267485e-05,0.2689449405050366,0.2689586916890312,-6.329497079267485e-05,0.0023299338729771,NEUTRAL,0.4620963678059321,,,0.0,0.0,0.0,0.0,0.0,100.0,1.0009588130903218,0.0,0.0,48.212461695593866,57.608408714837005,7.48928571428561,0.0,1.0009588130903218,-0.0171829015016555
NIFTY,2026-07-24 09:55:00,23787.0,1.0,7.833158727378061,23780.52732409458,TRENDING_BEAR,-0.0098973838612437,0.2,-0.0001066262225177,0.2689418179556471,0.2689445127072091,-0.0001066262225177,0.0233580253368114,NEUTRAL,0.4621136693371437,,,-0.0008333333333333,0.1666666666666666,16.666666666666664,0.0,16.666666666666664,83.33333333333334,1.0038642218517957,0.0,0.0,48.81050041016601,13.229189262417847,18.83214285714322,0.0,1.0038642218517957,-0.0154123429208993
NIFTY,2026-07-24 09:59:00,23787.0,1.0000000328976468,-1.6280012587137065,23785.83026802224,TRENDING_BULL,-0.0096365679055452,0.25,-0.0001198894508692,0.268944734918447,0.2689576827479215,-0.0001198894508692,0.0421874332454713,NEUTRAL,0.4620975823336314,,,0.0,0.0,0.0,0.0,0.0,100.0,1.0009588130903218,0.0,0.0,48.212461695593866,57.608408714837005,7.48928571428561,0.0,1.0009588130903218,-0.0171829015016555
NIFTY,2026-07-24 09:55:00,23787.0,1.0,7.833158727378061,23780.752293426616,TRENDING_BEAR,-0.0098973838612437,0.2,-0.0003323003618864,0.26894186423731,0.2689415415921961,-0.0003323003618864,0.0,NEUTRAL,0.4621165941704938,,,0.0008333333333333,0.1666666666666666,16.666666666666664,16.666666666666664,0.0,83.33333333333334,1.0038642218517957,0.0,0.0,48.81050041016601,13.229189262417847,18.83214285714322,0.0,1.0038642218517957,-0.0154123429208993
NIFTY,2026-07-24 09:45:00,23787.0,1.0,2.1220619059053405,23792.22310173153,TRENDING_BEAR,-0.0049663903191685,0.2,0.0002357405072981,0.2718680618973251,0.2699797169635616,0.0002357405072981,0.0091788007770686,NEUTRAL,0.4581522211391132,-0.0006032263149597,True,-0.0016666666666666,0.3333333333333333,33.33333333333333,0.0,33.33333333333333,66.66666666666667,1.0206673227721514,0.0,0.0,35.84460631286797,66.28512892812184,84.01785714285741,0.0,1.0206673227721514,-0.0111171752214431
NIFTY,2026-07-24 04:00:00,52194.0,1.5,235.9668347057402,52162.6920955741,TRANSITION,-0.0066113900393247,0.2,0.0148753822602171,0.3687849271475398,0.2721887958850535,0.0148753822602171,0.25,NEUTRAL,0.3590262769674066,-0.0017962226556233,True,0.0008333333333333,0.1666666666666666,16.666666666666664,16.666666666666664,0.0,83.33333333333334,1.0,0.0,0.0,,,,,1.0,-0.0128884702920913
NIFTY,2026-07-24 09:55:00,23787.0,1.0,7.833158727378061,23781.542733388706,TRENDING_BEAR,-0.0098973838612437,0.2,-6.373414693726682e-05,0.2689418245154878,0.2689448476563221,-6.373414693726682e-05,0.0280474988879403,NEUTRAL,0.46211332782819,,,-0.0008333333333333,0.1666666666666666,16.666666666666664,0.0,16.666666666666664,83.33333333333334,1.0038642218517957,0.0,0.0,48.81050041016601,13.229189262417847,18.83214285714322,0.0,1.0038642218517957,-0.0154123429208993
NIFTY,2026-07-24 04:00:00,96.12,1.5,,,TRANSITION,-0.0064565571956336,0.2,-0.0081075884016326,0.2755727009260286,0.3359844433214846,-0.0081075884016326,0.2157233347894848,NEUTRAL,0.3884428557524867,-0.0017962226556233,True,-0.0008333333333333,0.1666666666666666,16.666666666666664,0.0,16.666666666666664,83.33333333333334,1.0,0.0,0.0,,,,,1.0,-0.0092614497989416
NIFTY,2026-07-24 09:45:00,23787.0,1.0,2.1220619059053405,23793.544182155296,TRENDING_BEAR,-0.0049663903191685,0.2,0.0002323270295527,0.2723255040327746,0.2719079318062303,0.0002323270295527,0.0423458176497405,NEUTRAL,0.4557665641609951,,,0.0,0.0,0.0,0.0,0.0,100.0,1.0206673227721514,0.0,0.0,35.84460631286797,66.28512892812184,84.01785714285741,0.0,1.0206673227721514,-0.0111171752214431
NIFTY,2026-07-24 09:55:00,23787.0,1.0,7.833158727378061,23781.03549015164,TRENDING_BEAR,-0.0098973838612437,0.2,-0.0002119233363053,0.2689418326742266,0.2689415330239819,-0.0002119233363053,0.0,NEUTRAL,0.4621166343017914,,,0.0008333333333333,0.1666666666666666,16.666666666666664,16.666666666666664,0.0,83.33333333333334,1.0038642218517957,0.0,0.0,48.81050041016601,13.229189262417847,18.83214285714322,0.0,1.0038642218517957,-0.0154123429208993
NIFTY,2026-07-24 09:59:00,23787.0,1.0000000328976468,-1.6280012587137065,23786.05530335859,TRENDING_BULL,-0.0096365679055452,0.25,-8.960861304308987e-05,0.2689450408890909,0.2689591843366382,-8.960861304308987e-05,0.0013805830718878,NEUTRAL,0.4620957747742709,,,0.0,0.0,0.0,0.0,0.0,100.0,1.0009588130903218,0.0,0.0,48.212461695593866,57.608408714837005,7.48928571428561,0.0,1.0009588130903218,-0.0171829015016555
NIFTY,2026-07-24 09:55:00,23787.0,1.0,7.833158727378061,23780.72600504822,TRENDING_BEAR,-0.0098973838612437,0.2,-6.25310064785198e-05,0.2689418028064149,0.268941524915971,-6.25310064785198e-05,0.0,NEUTRAL,0.462116672277614,,,0.0008333333333333,0.1666666666666666,16.666666666666664,16.666666666666664,0.0,83.33333333333334,1.0038642218517957,0.0,0.0,48.81050041016601,13.229189262417847,18.83214285714322,0.0,1.0038642218517957,-0.0154123429208993
NIFTY,2026-07-24 04:00:00,4063.1,1.5,-13.084281899613243,4067.986698665256,TRANSITION,-0.0065708816982805,0.2,-0.015601049884492,0.2689446513378205,0.3775317552879944,-0.015601049884492,0.2262757693412811,NEUTRAL,0.353523593374185,-0.0017962226556233,True,-0.0008333333333333,0.1666666666666666,16.666666666666664,0.0,16.666666666666664,83.33333333333334,1.0,0.0,0.0,,,,,1.0,-0.0126461707055568
NIFTY,2026-07-23 18:30:00,14.03,1.0,0.5659261731584636,13.695285717601918,TRANSITION,-0.0129909887909889,0.2,0.0082798235195569,0.3347411702817716,0.2879342885900787,0.0082798235195569,0.0928174841129649,NEUTRAL,0.3773245411281498,,,-0.0008333333333333,0.1666666666666666,16.666666666666664,0.0,16.666666666666664,83.33333333333334,1.0,0.0,0.0,,,,,1.0,-0.0145153686404228
NIFTY,2026-07-24 09:45:00,23787.0,1.0,2.1220619059053405,23792.686897379583,TRENDING_BEAR,-0.0049663903191685,0.2,9.501504729225176e-05,0.2717508259498976,0.2714242459022405,9.501504729225176e-05,0.0033679377388646,NEUTRAL,0.4568249281478619,-0.0006032263149597,True,-0.0016666666666666,0.3333333333333333,33.33333333333333,0.0,33.33333333333333,66.66666666666667,1.0206673227721514,0.0,0.0,35.84460631286797,66.28512892812184,84.01785714285741,0.0,1.0206673227721514,-0.0111171752214431
NIFTY,2026-07-24 09:55:00,23787.0,1.0,7.833158727378061,23780.31556677813,TRENDING_BEAR,-0.0098973838612437,0.2,-0.0003592615172331,0.2689418722271159,0.2689415395826127,-0.0003592615172331,0.0,NEUTRAL,0.4621165881902713,,,0.0016666666666666,0.3333333333333333,33.33333333333333,33.33333333333333,0.0,66.66666666666667,1.0038642218517957,0.0,0.0,48.81050041016601,13.229189262417847,18.83214285714322,0.0,1.0038642218517957,-0.0154123429208993
NIFTY,2026-07-24 09:59:00,23787.0,1.0000000328976468,-1.6280012587137065,23785.81414943205,TRENDING_BULL,-0.0096365679055452,0.25,-7.188890897870802e-05,0.2689449719379916,0.2689588459502361,-7.188890897870802e-05,0.0014943100136596,NEUTRAL,0.4620961821117723,,,0.0,0.0,0.0,0.0,0.0,100.0,1.0009588130903218,0.0,0.0,48.212461695593866,57.608408714837005,7.48928571428561,0.0,1.0009588130903218,-0.0171829015016555
NIFTY,2026-07-24 09:55:00,23787.0,1.0,7.833158727378061,23780.52005764047,TRENDING_BEAR,-0.0098973838612437,0.2,-0.0002736847753817,0.2689418319645364,0.2693010795865327,-0.0002736847753817,0.0728156149761589,NEUTRAL,0.4617570884489308,,,0.0008333333333333,0.1666666666666666,16.666666666666664,16.666666666666664,0.0,83.33333333333334,1.0038642218517957,0.0,0.0,48.81050041016601,13.229189262417847,18.83214285714322,0.0,1.0038642218517957,-0.0154123429208993
NIFTY,2026-07-24 09:59:00,23787.0,1.0000000328976468,-1.6280012587137065,23786.133696163823,TRENDING_BULL,-0.0096365679055452,0.25,-6.473680403134726e-05,0.2689449502950399,0.2689587397347066,-6.473680403134726e-05,0.001541565064412,NEUTRAL,0.4620963099702536,,,0.0,0.0,0.0,0.0,0.0,100.0,1.0009588130903218,0.0,0.0,48.212461695593866,57.608408714837005,7.48928571428561,0.0,1.0009588130903218,-0.0171829015016555
NIFTY,2026-07-24 04:00:00,28362.0,1.5,-393.6459199234876,28591.097941513475,TRANSITION,0.0007983624818734,0.2,0.0030944808785886,0.3116139932341879,0.2919183125049154,0.0030944808785886,0.1012112674044719,NEUTRAL,0.3964676942608966,-0.0017962226556233,True,0.0008333333333333,0.1666666666666666,16.666666666666664,16.666666666666664,0.0,83.33333333333334,1.0,0.0,0.0,,,,,1.0,-0.0014453704934567
NIFTY,2026-07-24 09:55:00,23787.0,1.0,7.833158727378061,23782.184983872085,TRENDING_BEAR,-0.0098973838612437,0.2,-8.117469800154516e-05,0.2689418050819034,0.2689415274695958,-8.117469800154516e-05,0.0,NEUTRAL,0.4621166674485007,,,0.0,0.0,0.0,0.0,0.0,100.0,1.0038642218517957,0.0,0.0,48.81050041016601,13.229189262417847,18.83214285714322,0.0,1.0038642218517957,-0.0154123429208993
NIFTY,2026-07-24 09:55:00,23787.0,1.0,7.833158727378061,23781.33920564749,TRENDING_BEAR,-0.0098973838612437,0.2,-0.0002248128689862,0.268941822425725,0.2689415322653081,-0.0002248128689862,0.0,NEUTRAL,0.4621166453089669,,,0.0,0.0,0.0,0.0,0.0,100.0,1.0038642218517957,0.0,0.0,48.81050041016601,13.229189262417847,18.83214285714322,0.0,1.0038642218517957,-0.0154123429208993
NIFTY,2026-07-24 09:59:00,23787.0,1.0000000328976468,-1.6280012587137065,23785.874304419824,TRENDING_BULL,-0.0096365679055452,0.25,-4.9723629435943645e-05,0.2689449196246632,0.2689585892159808,-4.9723629435943645e-05,0.0016461937948916,NEUTRAL,0.4620964911593558,,,0.0,0.0,0.0,0.0,0.0,100.0,1.0009588130903218,0.0,0.0,48.212461695593866,57.608408714837005,7.48928571428561,0.0,1.0009588130903218,-0.0171829015016555
NIFTY,2026-07-24 09:45:00,23787.0,1.0,2.1220619059053405,23791.8120926156,TRENDING_BEAR,-0.0049663903191685,0.2,0.0003675665815678,0.2722112509529246,0.2715385688351227,0.0003675665815678,0.0518604086404995,NEUTRAL,0.4562501802119526,-0.0006032263149597,True,-0.0016666666666666,0.3333333333333333,33.33333333333333,0.0,33.33333333333333,66.66666666666667,1.0206673227721514,0.0,0.0,35.84460631286797,66.28512892812184,84.01785714285741,0.0,1.0206673227721514,-0.0111171752214431
NIFTY,2026-07-24 09:55:00,23787.0,1.0,7.833158727378061,23781.157381338377,TRENDING_BEAR,-0.0098973838612437,0.2,3.810294306349218e-06,0.268941821334375,0.2689415325545516,3.810294306349218e-06,0.0023248507090982,NEUTRAL,0.4621166461110733,,,-0.0008333333333333,0.1666666666666666,16.666666666666664,0.0,16.666666666666664,83.33333333333334,1.0038642218517957,0.0,0.0,48.81050041016601,13.229189262417847,18.83214285714322,0.0,1.0038642218517957,-0.0154123429208993
NIFTY,2026-07-24 09:55:00,23787.0,1.0,7.833158727378061,23780.27949442666,TRENDING_BEAR,-0.0098973838612437,0.2,-0.0001516343274848,0.2689418173560526,0.2689415308635011,-0.0001516343274848,0.0,NEUTRAL,0.4621166517804463,,,0.0,0.0,0.0,0.0,0.0,100.0,1.0038642218517957,0.0,0.0,48.81050041016601,13.229189262417847,18.83214285714322,0.0,1.0038642218517957,-0.0154123429208993
NIFTY,2026-07-24 09:59:00,23787.0,1.0000000328976468,-1.6280012587137065,23786.017310913925,TRENDING_BULL,-0.0096365679055452,0.25,-7.485041636729702e-05,0.2689449820496885,0.2689588955746778,-7.485041636729702e-05,0.0014750624626421,NEUTRAL,0.4620961223756336,,,0.0,0.0,0.0,0.0,0.0,100.0,1.0009588130903218,0.0,0.0,48.212461695593866,57.608408714837005,7.48928571428561,0.0,1.0009588130903218,-0.0171829015016555
NIFTY,2026-07-24 09:55:00,23787.0,1.0,7.833158727378061,23780.322120798148,TRENDING_BEAR,-0.0098973838612437,0.2,-1.1266780202307913e-05,0.2689418370611157,0.268941530362256,-1.1266780202307913e-05,0.0,NEUTRAL,0.4621166325766282,,,0.0016666666666666,0.3333333333333333,33.33333333333333,33.33333333333333,0.0,66.66666666666667,1.0038642218517957,0.0,0.0,48.81050041016601,13.229189262417847,18.83214285714322,0.0,1.0038642218517957,-0.0154123429208993
NIFTY,2026-07-24 09:55:00,23787.0,1.0,7.833158727378061,23781.33168417189,TRENDING_BEAR,-0.0098973838612437,0.2,8.087104591489274e-05,0.2689418128823496,0.2689415296264846,8.087104591489274e-05,0.0258181585490106,NEUTRAL,0.4621166574911658,,,0.0,0.0,0.0,0.0,0.0,100.0,1.0038642218517957,0.0,0.0,48.81050041016601,13.229189262417847,18.83214285714322,0.0,1.0038642218517957,-0.0154123429208993
NIFTY,2026-07-24 09:55:00,23787.0,1.0,7.833158727378061,23780.606074384417,TRENDING_BEAR,-0.0098973838612437,0.2,-0.0001975752132043,0.2689418410917719,0.2689415374266266,-0.0001975752132043,0.0,NEUTRAL,0.4621166214816015,,,0.0,0.0,0.0,0.0,0.0,100.0,1.0038642218517957,0.0,0.0,48.81050041016601,13.229189262417847,18.83214285714322,0.0,1.0038642218517957,-0.0154123429208993
NIFTY,2026-07-24 09:55:00,23787.0,1.0,7.833158727378061,23781.30211342545,TRENDING_BEAR,-0.0098973838612437,0.2,-0.0003497293464746,0.2689418632504384,0.2689415435536835,-0.0003497293464746,0.0,NEUTRAL,0.4621165931958781,,,0.0,0.0,0.0,0.0,0.0,100.0,1.0038642218517957,0.0,0.0,48.81050041016601,13.229189262417847,18.83214285714322,0.0,1.0038642218517957,-0.0154123429208993
NIFTY,2026-07-24 09:55:00,23787.0,1.0,7.833158727378061,23780.43368451969,TRENDING_BEAR,-0.0098973838612437,0.2,-0.0003205360156956,0.2689418248485884,0.2689415335314539,-0.0003205360156956,0.0,NEUTRAL,0.4621166416199577,,,-0.0008333333333333,0.1666666666666666,16.666666666666664,0.0,16.666666666666664,83.33333333333334,1.0038642218517957,0.0,0.0,48.81050041016601,13.229189262417847,18.83214285714322,0.0,1.0038642218517957,-0.0154123429208993
NIFTY,2026-07-23 15:00:00,6690.62,1.5,-456.4015996665354,6789.631284267229,TRANSITION,-0.0104771796613931,0.2,-0.0042647157860382,0.2982741975585089,0.3182252552021223,-0.0042647157860382,0.0806391608528381,NEUTRAL,0.3835005472393687,,,-0.0008333333333333,0.1666666666666666,16.666666666666664,0.0,16.666666666666664,83.33333333333334,1.0,0.0,0.0,,,,,1.0,-0.0098591733723878
NIFTY,2026-07-24 23:00:00,96.56,1.0,-0.3502285607728795,96.61675300545878,TRANSITION,-0.0098904063925147,0.2,-0.0047467901234747,0.269005403565755,0.3247953001164475,-0.0047467901234747,0.2494873957499466,NEUTRAL,0.4061992963177975,,,-0.0008333333333333,0.1666666666666666,16.666666666666664,0.0,16.666666666666664,83.33333333333334,1.0,0.0,0.0,,,,,1.0,-0.0146523624658584
NIFTY,2026-07-24 04:00:00,28282.25,1.5,-484.72148545751975,28524.520269225213,TRANSITION,0.0009039453580044,0.2,0.0042190586714001,0.3150959554379346,0.2903643712794717,0.0042190586714001,0.1369826489894191,NEUTRAL,0.3945396732825936,-0.0017962226556233,True,0.0008333333333333,0.1666666666666666,16.666666666666664,16.666666666666664,0.0,83.33333333333334,1.0,0.0,0.0,,,,,1.0,-0.0013837324921041
NIFTY,2026-07-24 09:55:00,23787.0,1.0,7.833158727378061,23780.493205907736,TRENDING_BEAR,-0.0098973838612437,0.2,3.532785876333965e-05,0.268941794229962,0.2689415244689428,3.532785876333965e-05,0.0054332966349408,NEUTRAL,0.462116681301095,,,0.0,0.0,0.0,0.0,0.0,100.0,1.0038642218517957,0.0,0.0,48.81050041016601,13.229189262417847,18.83214285714322,0.0,1.0038642218517957,-0.0154123429208993
NIFTY,2026-07-24 09:55:00,23787.0,1.0,7.833158727378061,23781.423117041188,TRENDING_BEAR,-0.0098973838612437,0.2,-0.0001748186655901,0.2689418522870154,0.2689415411589536,-0.0001748186655901,0.0,NEUTRAL,0.4621166065540308,,,-0.0008333333333333,0.1666666666666666,16.666666666666664,0.0,16.666666666666664,83.33333333333334,1.0038642218517957,0.0,0.0,48.81050041016601,13.229189262417847,18.83214285714322,0.0,1.0038642218517957,-0.0154123429208993
NIFTY,2026-07-24 09:59:00,23787.0,1.0000000328976468,-1.6280012587137065,23786.15585688158,TRENDING_BULL,-0.0096365679055452,0.25,-3.421597685045519e-05,0.2689449091380675,0.2689583025398074,-3.421597685045519e-05,0.0017314852377587,NEUTRAL,0.462096788322125,,,0.0008333333333333,0.1666666666666666,16.666666666666664,16.666666666666664,0.0,83.33333333333334,1.0009588130903218,0.0,0.0,48.212461695593866,57.608408714837005,7.48928571428561,0.0,1.0009588130903218,-0.0171829015016555
NIFTY,2026-07-24 09:55:00,23787.0,1.0,7.833158727378061,23780.397316092152,TRENDING_BEAR,-0.0098973838612437,0.2,-5.763543585503513e-06,0.2689418252396545,0.2689415330433832,-5.763543585503513e-06,0.0109471737368411,NEUTRAL,0.4621166417169622,,,0.0,0.0,0.0,0.0,0.0,100.0,1.0038642218517957,0.0,0.0,48.81050041016601,13.229189262417847,18.83214285714322,0.0,1.0038642218517957,-0.0154123429208993
NIFTY,2026-07-24 04:00:00,96.78,1.5,-4.331005799548706,96.76657049836774,TRANSITION,-0.0070960987359285,0.2,-0.0072999524999563,0.2889606308913486,0.3280202855357343,-0.0072999524999563,0.1452798844131395,NEUTRAL,0.383019083572917,,,-0.0008333333333333,0.1666666666666666,16.666666666666664,0.0,16.666666666666664,83.33333333333334,1.0,0.0,0.0,,,,,1.0,-0.0121195256710052
NIFTY,2026-07-24 09:55:00,23787.0,1.0,7.833158727378061,23780.64455157877,TRENDING_BEAR,-0.0098973838612437,0.2,-0.0001650920326479,0.2689418316372815,0.2689415348123808,-0.0001650920326479,0.0,NEUTRAL,0.4621166335503376,,,0.0,0.0,0.0,0.0,0.0,100.0,1.0038642218517957,0.0,0.0,48.81050041016601,13.229189262417847,18.83214285714322,0.0,1.0038642218517957,-0.0154123429208993
NIFTY,2026-07-27 09:55:00,24003.65,1.0,-0.1158129450473346,23998.63745989678,TRENDING_BULL,-0.0145965358242392,0.25,-0.0004044748729895,0.2689443174887692,0.2689507306464425,-0.0004044748729895,0.0947975573328407,NEUTRAL,0.4621049518647883,,,0.0,0.0,0.0,0.0,0.0,100.0,1.0016193775087847,0.0,0.0,59.15875169605516,31.078978090476,13.335714285714598,0.0,1.0016193775087847,-0.0143843665719032
NIFTY,2026-07-27 09:59:00,24003.65,1.0,1.150552849396142,24002.753080165297,TRENDING_BULL,-0.0137056643143296,0.25,-4.444278055723991e-05,0.2689464089319733,0.2689526827632448,-4.444278055723991e-05,0.0006554774632086,NEUTRAL,0.4621009083047819,,,0.0,0.0,0.0,0.0,0.0,100.0,0.99998750195282,0.0,0.0,72.4458204334031,22.587987122361085,6.292857142857299,0.0,0.99998750195282,-0.0130665926262736
NIFTY,2026-07-27 09:59:00,24003.65,1.0,1.150552849396142,24002.62569175821,TRENDING_BULL,-0.0137056643143296,0.25,-8.017526710942938e-05,0.2689466068825952,0.2689531297184694,-8.017526710942938e-05,0.0004076669145414,NEUTRAL,0.4621002633989354,,,0.0,0.0,0.0,0.0,0.0,100.0,0.99998750195282,0.0,0.0,72.4458204334031,22.587987122361085,6.292857142857299,0.0,0.99998750195282,-0.0130665926262736
NIFTY,2026-07-27 09:55:00,24003.65,1.0,-0.1158129450473346,23998.551688935426,TRENDING_BULL,-0.0145965358242392,0.25,-0.0004508392042499,0.2689436565718127,0.2689486061843867,-0.0004508392042499,0.0806047077945775,NEUTRAL,0.4621077372438006,,,0.0,0.0,0.0,0.0,0.0,100.0,1.0016193775087847,0.0,0.0,59.15875169605516,31.078978090476,13.335714285714598,0.0,1.0016193775087847,-0.0143843665719032
NIFTY,2026-07-26 18:30:00,12.66,1.0,-1.5861821592313827,13.12342981121736,HIGH_VOLATILITY,0.020777404308319,0.2,0.00390327930037,0.3165266861679648,0.3006967284351489,0.00390327930037,0.0839099847151956,NEUTRAL,0.3827765853968862,,,0.0,0.0,0.0,0.0,0.0,100.0,0.926040061633282,0.0,0.0,54.41048034927845,20.0,1.6099999999999997,0.0,0.926040061633282,0.0125900218263268
NIFTY,2026-07-27 09:55:00,24003.65,1.0,-0.1158129450473346,23998.73792647056,TRENDING_BULL,-0.0145965358242392,0.25,-0.0003076553844807,0.2689438528321577,0.2689479581266615,-0.0003076553844807,0.0350137324198236,NEUTRAL,0.4621081890411807,,,0.0,0.0,16.666666666666664,16.666666666666664,16.666666666666664,66.66666666666667,1.0016193775087847,0.0,0.0,59.15875169605516,31.078978090476,13.335714285714598,0.0,1.0016193775087847,-0.0172612398862838
NIFTY,2026-07-27 23:11:22,24911.99,1.0,-18.65597999712212,24895.30251785221,TRENDING_BEAR,-0.0122643643990159,0.2,-0.0024673317455733,0.2689414274415249,0.2775201224362005,-0.0024673317455733,0.1903485956859564,NEUTRAL,0.4535384501222745,,,0.0,0.0,0.0,0.0,0.0,100.0,1.0170837348456438,0.0,0.0,72.34748769600326,15.593552077944954,62.32428571428578,0.2589505526289996,1.0170837348456438,-0.0151604700833559
NIFTY,2026-07-27 23:11:22,24911.99,1.0,-18.65597999712212,24893.313129134727,TRENDING_BEAR,-0.0122643643990159,0.2,-0.002733864921407,0.2689421253799492,0.2857348265567108,-0.002733864921407,0.1970578608991131,NEUTRAL,0.44532304806334,,,0.0,0.0,0.0,0.0,0.0,100.0,1.0170837348456438,0.0,0.0,72.34748769600326,15.593552077944954,62.32428571428578,0.2589505526289996,1.0170837348456438,-0.0151604700833559
NIFTY,2026-07-27T23:11:22,24911.99,1.0,-18.65597999712212,24888.275797045204,TRENDING_BEAR,-0.0122643643990159,0.2,-0.0024750288262739,0.2689414274106081,0.2814287251691219,-0.0024750288262739,0.1879411118845171,NEUTRAL,0.44962984742027,-0.0017716282556413,True,0.0,0.0,0.0,0.0,0.0,100.0,1.0170837348456438,0.0,0.0,72.34748769600326,15.593552077944954,62.32428571428578,0.2589505526289996,1.0170837348456438,-0.0151604700833559
NIFTY,2026-07-26 23:00:00,95.9,1.0,-1.1032017654228383,96.28755254284152,TRANSITION,-0.0098608853295445,0.2,0.0019814425187701,0.3042700810363947,0.2805245657499282,0.0019814425187701,0.0892434705735548,NEUTRAL,0.415205353213677,,,0.0,0.0,0.0,0.0,0.0,100.0,1.0,0.0,0.0,,,,,1.0,-0.0154099635779857
NIFTY,2026-07-26 18:30:00,12.66,1.0,-1.5861821592313827,13.127442742756523,HIGH_VOLATILITY,0.020777404308319,0.2,0.0042222161685972,0.3192504184060142,0.2977906485303951,0.0042222161685972,0.0655299118175667,NEUTRAL,0.3829589330635907,,,0.0,0.0,0.0,0.0,0.0,100.0,0.926040061633282,0.0,0.0,54.41048034927845,20.0,1.6099999999999997,0.0,0.926040061633282,0.0125900218263268
NIFTY,2026-07-27 23:10:44,24911.99,1.0,-18.65597999712212,24894.611935585694,TRENDING_BEAR,-0.0122643643990159,0.2,-0.0027311586508096,0.2689414270631115,0.2842209748980814,-0.0027311586508096,0.1977864009770004,NEUTRAL,0.446837598038807,,,0.0,0.0,16.666666666666664,16.666666666666664,16.666666666666664,66.66666666666667,1.0170837348456438,0.0,0.0,72.34748769600326,15.593552077944954,62.32428571428578,0.2589505526289996,1.0170837348456438,-0.0151604700833559
NIFTY,2026-07-27 23:10:44,24911.99,1.0,-18.65597999712212,24893.58352187015,TRENDING_BEAR,-0.0122643643990159,0.2,-0.0028248575779613,0.2689416154617862,0.2845707351058074,-0.0028248575779613,0.1790463021111693,NEUTRAL,0.4464876494324062,,,0.0,0.0,0.0,0.0,0.0,100.0,1.0170837348456438,0.0,0.0,72.34748769600326,15.593552077944954,62.32428571428578,0.2589505526289996,1.0170837348456438,-0.0151604700833559
NIFTY,2026-07-27 23:10:44,24911.99,1.0,-18.65597999712212,24897.238320316577,TRENDING_BEAR,-0.0122643643990159,0.2,-0.0025872159234768,0.2689777635576045,0.2830869450423155,-0.0025872159234768,0.1906717835700859,NEUTRAL,0.44793529140008,,,0.0,0.0,0.0,0.0,0.0,100.0,1.0170837348456438,0.0,0.0,72.34748769600326,15.593552077944954,62.32428571428578,0.2589505526289996,1.0170837348456438,-0.0151604700833559
NIFTY,2026-07-26 23:00:00,95.9,1.0,-1.1032017654228383,96.24601463200808,TRANSITION,-0.0098608853295445,0.2,0.0004892428223319,0.2958601841376106,0.2952522847831846,0.0004892428223319,0.0235875142687734,NEUTRAL,0.4088875310792047,,,0.0,0.0,0.0,0.0,0.0,100.0,1.0,0.0,0.0,,,,,1.0,-0.0154099635779857
NIFTY,2026-07-27 09:59:00,24003.65,1.0,1.150552849396142,24002.49242393068,TRENDING_BULL,-0.0137056643143296,0.25,-0.0004080645951778,0.2689506730719967,0.2689588714335161,-0.0004080645951778,0.0,NEUTRAL,0.4620904554944871,,,0.0,0.0,0.0,0.0,0.0,100.0,0.99998750195282,0.0,0.0,72.4458204334031,22.587987122361085,6.292857142857299,0.0,0.99998750195282,-0.0156799111515283
NIFTY,2026-07-27 09:59:00,24003.65,1.0,1.150552849396142,24002.654954554408,TRENDING_BULL,-0.0137056643143296,0.25,7.231653438059605e-05,0.2689476018006574,0.2689530785291547,7.231653438059605e-05,0.0014871249669907,NEUTRAL,0.4620993196701879,,,0.0,0.0,0.0,0.0,0.0,100.0,0.99998750195282,0.0,0.0,72.4458204334031,22.587987122361085,6.292857142857299,0.0,0.99998750195282,-0.0156799111515283
NIFTY,2026-07-26 23:00:00,95.9,1.0,-1.1032017654228383,96.27274063845186,TRANSITION,-0.0098608853295445,0.2,0.0014568216879719,0.3006377812434796,0.2879251333973037,0.0014568216879719,0.1004896561832876,NEUTRAL,0.4114370853592166,,,-0.0008333333333333,0.1666666666666666,16.666666666666664,0.0,16.666666666666664,83.33333333333334,1.0,0.0,0.0,,,,,1.0,-0.0154099635779857
NIFTY,2026-07-27 04:00:00,24833.34,1.5,-71.66862694520353,24983.70467381156,TRANSITION,-0.0032349170651286,0.2,0.0019532481617082,0.3003653150502509,0.2849233755183055,0.0019532481617082,0.1534437215343072,NEUTRAL,0.4147113094314436,-0.0007348320846058,True,0.0008333333333333,0.1666666666666666,16.666666666666664,16.666666666666664,0.0,83.33333333333334,1.0,0.0,0.0,,,,,1.0,-0.004724626801908
NIFTY,2026-07-26 23:00:00,95.9,1.0,-1.1032017654228383,96.23651531450253,TRANSITION,-0.0098608853295445,0.2,0.0012906850819401,0.2934969637927368,0.285878278356924,0.0012906850819401,0.071532297656568,NEUTRAL,0.4206247578503391,,,0.0,0.0,0.0,0.0,0.0,100.0,1.0,0.0,0.0,,,,,1.0,-0.0154099635779857
NIFTY,2026-07-27 09:45:00,24003.65,1.0,12.004292938401449,23996.37590438124,TRENDING_BEAR,-0.0139845004305243,0.2,0.000708348677204,0.2756995706634356,0.2701044299331541,0.000708348677204,0.0728702886271277,NEUTRAL,0.4541959994034102,0.0003293155447357,True,0.0,0.0,0.0,0.0,0.0,100.0,1.0098935203084674,0.0,0.0,58.833411733081405,34.0139914230489,78.42857142857143,0.0,1.0098935203084674,-0.0156981121748685
NIFTY,2026-07-27 09:55:00,24003.65,1.0,-0.1158129450473346,23999.491352299898,TRENDING_BULL,-0.0145965358242392,0.25,-0.0004079504345999,0.2689440615777076,0.2689485193223214,-0.0004079504345999,0.0851946699963695,NEUTRAL,0.4621074190999709,,,0.0,0.0,0.0,0.0,0.0,100.0,1.0016193775087847,0.0,0.0,59.15875169605516,31.078978090476,13.335714285714598,0.0,1.0016193775087847,-0.0172612398862838
NIFTY,2026-07-27 09:59:00,24003.65,1.0,1.150552849396142,24002.58128777328,TRENDING_BULL,-0.0137056643143296,0.25,-0.000502336371929,0.2689516309093858,0.2689606780741719,-0.000502336371929,0.0,NEUTRAL,0.4620876910164422,,,0.0,0.0,0.0,0.0,0.0,100.0,0.99998750195282,0.0,0.0,72.4458204334031,22.587987122361085,6.292857142857299,0.0,0.99998750195282,-0.0156799111515283
NIFTY,2026-07-27 09:59:00,24003.65,1.0,1.150552849396142,24002.60248344723,TRENDING_BULL,-0.0137056643143296,0.25,-0.0001017916886268,0.2689475876457715,0.268953051830883,-0.0001017916886268,3.0343409996895545e-05,NEUTRAL,0.4620993605233454,,,0.0,0.0,0.0,0.0,0.0,100.0,0.99998750195282,0.0,0.0,72.4458204334031,22.587987122361085,6.292857142857299,0.0,0.99998750195282,-0.0156799111515283
NIFTY,2026-07-27 09:59:00,24003.65,1.0,1.150552849396142,24002.52556720267,TRENDING_BULL,-0.0137056643143296,0.25,-0.0005023472730606,0.268951503594092,0.2689606098513068,-0.0005023472730606,0.0,NEUTRAL,0.4620878865546012,,,-0.0008333333333333,0.1666666666666666,16.666666666666664,0.0,16.666666666666664,83.33333333333334,0.99998750195282,0.0,0.0,72.4458204334031,22.587987122361085,6.292857142857299,0.0,0.99998750195282,-0.0156799111515283
NIFTY,2026-07-27 09:55:00,24003.65,1.0,-0.1158129450473346,23999.19550117521,TRENDING_BULL,-0.0145965358242392,0.25,-0.0002187890515315,0.2689437776593099,0.2689478126997938,-0.0002187890515315,0.0254839524101279,NEUTRAL,0.4621084096408963,,,-0.0008333333333333,0.1666666666666666,16.666666666666664,0.0,16.666666666666664,83.33333333333334,1.0016193775087847,0.0,0.0,59.15875169605516,31.078978090476,13.335714285714598,0.0,1.0016193775087847,-0.0172612398862838
NIFTY,2026-07-27 04:00:00,24833.34,1.5,-71.66862694520353,24994.355347488472,TRANSITION,-0.0032349170651286,0.2,-0.0099051928551894,0.2695100324180426,0.3741527456101219,-0.0099051928551894,0.1383940429730964,NEUTRAL,0.3563372219718354,,,0.0,0.0,0.0,0.0,0.0,100.0,1.0,0.0,0.0,,,,,1.0,-0.004724626801908
NIFTY,2026-07-27 09:59:00,24003.65,1.0,1.150552849396142,24002.598907010324,TRENDING_BULL,-0.0137056643143296,0.25,-6.38410442433011e-05,0.2689472709644966,0.2689524545219482,-6.38410442433011e-05,0.0003277632747888,NEUTRAL,0.462100274513555,,,0.0,0.0,0.0,0.0,0.0,100.0,0.99998750195282,0.0,0.0,72.4458204334031,22.587987122361085,6.292857142857299,0.0,0.99998750195282,-0.0156799111515283
NIFTY,2026-07-27 09:59:00,24003.65,1.0,1.150552849396142,24002.880040024007,TRENDING_BULL,-0.0137056643143296,0.25,-0.000502336371929,0.2689516309093858,0.2689606780741719,-0.000502336371929,0.0,NEUTRAL,0.4620876910164422,,,0.0,0.0,0.0,0.0,0.0,100.0,0.99998750195282,0.0,0.0,72.4458204334031,22.587987122361085,6.292857142857299,0.0,0.99998750195282,-0.0156799111515283
NIFTY,2026-07-27 09:55:00,24003.65,1.0,-0.1158129450473346,23999.35360415577,TRENDING_BULL,-0.0145965358242392,0.25,-0.0006346676718151,0.268943805272918,0.2689478302675271,-0.0006346676718151,0.1155189091208904,NEUTRAL,0.4621083644595548,,,0.0,0.0,0.0,0.0,0.0,100.0,1.0016193775087847,0.0,0.0,59.15875169605516,31.078978090476,13.335714285714598,0.0,1.0016193775087847,-0.0172612398862838
NIFTY,2026-07-27 09:55:00,24003.65,1.0,-0.1158129450473346,23998.750158507613,TRENDING_BULL,-0.0145965358242392,0.25,-0.000555806293434,0.2689438923356902,0.2689480643287029,-0.000555806293434,0.0898443371209322,NEUTRAL,0.4621080433356069,,,0.0,0.0,0.0,0.0,0.0,100.0,1.0016193775087847,0.0,0.0,59.15875169605516,31.078978090476,13.335714285714598,0.0,1.0016193775087847,-0.0172612398862838
NIFTY,2026-07-27 09:59:00,24003.65,1.0,1.150552849396142,24002.58343271126,TRENDING_BULL,-0.0137056643143296,0.25,-5.033628479933149e-05,0.2689471846076371,0.2689522916398763,-5.033628479933149e-05,0.0004253784763819,NEUTRAL,0.4621005237524865,,,0.0,0.0,0.0,0.0,0.0,100.0,0.99998750195282,0.0,0.0,72.4458204334031,22.587987122361085,6.292857142857299,0.0,0.99998750195282,-0.0156799111515283
NIFTY,2026-07-27 09:55:00,24003.65,1.0,-0.1158129450473346,23999.12301522173,TRENDING_BULL,-0.0145965358242392,0.25,-0.0002248111837099,0.2689443524859657,0.2689493014066043,-0.0002248111837099,0.0457574367956563,NEUTRAL,0.46210634610743,,,0.0,0.0,0.0,0.0,0.0,100.0,1.0016193775087847,0.0,0.0,59.15875169605516,31.078978090476,13.335714285714598,0.0,1.0016193775087847,-0.0172612398862838
NIFTY,2026-07-27 09:59:00,24003.65,1.0,1.150552849396142,24002.685343496632,TRENDING_BULL,-0.0137056643143296,0.25,-4.917821590292577e-05,0.2689471781565026,0.2689522794720642,-4.917821590292577e-05,0.0004336489272184,NEUTRAL,0.4621005423714331,,,0.0,0.0,0.0,0.0,0.0,100.0,0.99998750195282,0.0,0.0,72.4458204334031,22.587987122361085,6.292857142857299,0.0,0.99998750195282,-0.0156799111515283
NIFTY,2026-07-27 09:55:00,24003.65,1.0,-0.1158129450473346,23999.111908104085,TRENDING_BULL,-0.0145965358242392,0.25,-0.0004204294020653,0.2689441273927068,0.2689486962607618,-0.0004204294020653,0.078362614609888,NEUTRAL,0.4621071763465312,,,0.0,0.0,0.0,0.0,0.0,100.0,1.0016193775087847,0.0,0.0,59.15875169605516,31.078978090476,13.335714285714598,0.0,1.0016193775087847,-0.0172612398862838
NIFTY,2026-07-27 09:59:00,24003.65,1.0,1.150552849396142,24002.57130616821,TRENDING_BULL,-0.0137056643143296,0.25,-8.56179537801955e-05,0.268947443102872,0.268952779200994,-8.56179537801955e-05,0.0001624845351706,NEUTRAL,0.462099777696134,,,0.0,0.0,0.0,0.0,0.0,100.0,0.99998750195282,0.0,0.0,72.4458204334031,22.587987122361085,6.292857142857299,0.0,0.99998750195282,-0.0156799111515283
NIFTY,2026-07-27 09:55:00,24003.65,1.0,-0.1158129450473346,23999.38362893484,TRENDING_BULL,-0.0145965358242392,0.25,-0.0002206142718807,0.2689443898334994,0.2689494018126168,-0.0002206142718807,0.0396770365502215,NEUTRAL,0.4621062083538838,,,0.0,0.0,0.0,0.0,0.0,100.0,1.0016193775087847,0.0,0.0,59.15875169605516,31.078978090476,13.335714285714598,0.0,1.0016193775087847,-0.0172612398862838
NIFTY,2026-07-27 09:55:00,24003.65,1.0,-0.1158129450473346,23998.91998462913,TRENDING_BULL,-0.0145965358242392,0.25,-0.0001924881797138,0.2689445638242191,0.268949869573669,-0.0001924881797138,0.0,NEUTRAL,0.4621055666021118,,,0.0,0.0,0.0,0.0,0.0,100.0,1.0016193775087847,0.0,0.0,59.15875169605516,31.078978090476,13.335714285714598,0.0,1.0016193775087847,-0.0172612398862838
NIFTY,2026-07-27 09:55:00,24003.65,1.0,-0.1158129450473346,23999.01545534428,TRENDING_BULL,-0.0145965358242392,0.25,-0.000295032355811,0.2689438726932515,0.2689480115215983,-0.000295032355811,0.0462071443265529,NEUTRAL,0.4621081157851501,,,0.0,0.0,0.0,0.0,0.0,100.0,1.0016193775087847,0.0,0.0,59.15875169605516,31.078978090476,13.335714285714598,0.0,1.0016193775087847,-0.0172612398862838
BANKNIFTY,2026-07-27T09:55:00,57115.95,1.0,13.402993893586128,57103.60915331695,TRENDING_BULL,40.208981680758384,0.25,-0.0001113530152483,0.2689517603970017,0.2689435668198648,-0.0001113530152483,0.0,NEUTRAL,0.4621046727831334,,,-0.0008333333333333,0.1666666666666666,16.666666666666664,0.0,16.666666666666664,83.33333333333334,1.001382036849061,0.0,0.0,57.94534412954942,42.58489612394628,46.17500000000031,0.0,1.001382036849061,67.01496946793064
RELIANCE,2026-07-27T09:55:00,1280.0,1.0,0.0024972873679596,1280.0038771177267,TRANSITION,0.0074918621038788,0.2,0.0030669778643036,0.0073817814573515,4.5660148996249535e-10,0.0030669778643036,0.0073817813129583,NEUTRAL,0.9926182180860468,,,0.0008333333333333,0.1666666666666666,16.666666666666664,16.666666666666664,0.0,83.33333333333334,1.0011723329425557,0.0,0.0,69.99999999975387,41.69036071682698,0.9928571428571332,1.9608921637184324,1.0011723329425557,0.0124864368397981
NIFTY,2026-07-27 04:00:00,4078.1,1.5,,,TRANSITION,-0.0081292986869812,0.2,-0.0080805560044384,0.2769433096732228,0.3349233831164994,-0.0080805560044384,0.2074010653559395,NEUTRAL,0.3881333072102778,,,0.0,0.0,0.0,0.0,0.0,100.0,1.0,0.0,0.0,,,,,1.0,-0.0092137126252055
NIFTY,2026-07-27 04:00:00,4078.1,1.5,,,TRANSITION,-0.0081292986869812,0.2,-0.0080805560044384,0.2769433096732228,0.3349233831164994,-0.0080805560044384,0.2074010653559395,NEUTRAL,0.3881333072102778,,,0.0,0.0,0.0,0.0,0.0,100.0,1.0,0.0,0.0,,,,,1.0,-0.0092137126252055
NIFTY,2026-07-27 04:00:00,4078.1,1.5,,,TRANSITION,-0.0081292986869812,0.2,-0.0080805560044384,0.2769433096732228,0.3349233831164994,-0.0080805560044384,0.2074010653559395,NEUTRAL,0.3881333072102778,,,0.0,0.0,0.0,0.0,0.0,100.0,1.0,0.0,0.0,,,,,1.0,-0.0092137126252055
NIFTY,2026-07-27 04:00:00,4078.1,1.5,,,TRANSITION,-0.0081292986869812,0.2,-0.0080805560044384,0.2769433096732228,0.3349233831164994,-0.0080805560044384,0.2074010653559395,NEUTRAL,0.3881333072102778,,,0.0,0.0,0.0,0.0,0.0,100.0,1.0,0.0,0.0,,,,,1.0,-0.0092137126252055
NIFTY,2026-07-27 09:59:00,24003.65,1.0,1.150552849396142,24002.67033430149,TRENDING_BULL,-0.0137056643143296,0.25,-6.746137453056823e-05,0.2689472971617688,0.2689525039339634,-6.746137453056823e-05,0.0003010844206106,NEUTRAL,0.4621001989042678,,,0.0,0.0,0.0,0.0,0.0,100.0,0.99998750195282,0.0,0.0,72.4458204334031,22.587987122361085,6.292857142857299,0.0,0.99998750195282,-0.0156799111515283
NIFTY,2026-07-27 09:55:00,24003.65,1.0,-0.1158129450473346,23999.209799219952,TRENDING_BULL,-0.0145965358242392,0.25,-0.0003701351602276,0.2689440808048138,0.2689485710128766,-0.0003701351602276,0.0780147758454956,NEUTRAL,0.4621073481823095,,,0.0,0.0,0.0,0.0,0.0,100.0,1.0016193775087847,0.0,0.0,59.15875169605516,31.078978090476,13.335714285714598,0.0,1.0016193775087847,-0.0172612398862838
NIFTY,2026-07-27 09:59:00,24003.65,1.0,1.150552849396142,24002.68028685617,TRENDING_BULL,-0.0137056643143296,0.25,-6.021561464262338e-05,0.2689472459231998,0.2689524072902795,-6.021561464262338e-05,0.0003542318151717,NEUTRAL,0.4621003467865206,,,0.0,0.0,0.0,0.0,0.0,100.0,0.99998750195282,0.0,0.0,72.4458204334031,22.587987122361085,6.292857142857299,0.0,0.99998750195282,-0.0156799111515283
NIFTY,2026-07-27 09:59:00,24003.65,1.0,1.150552849396142,24002.66239625909,TRENDING_BULL,-0.0137056643143296,0.25,-0.000435994895208,0.2689509568543252,0.2689594066938203,-0.000435994895208,0.0,NEUTRAL,0.4620896364518544,,,0.0,0.0,0.0,0.0,0.0,100.0,0.99998750195282,0.0,0.0,72.4458204334031,22.587987122361085,6.292857142857299,0.0,0.99998750195282,-0.0156799111515283
NIFTY,2026-07-27 09:59:00,24003.65,1.0,1.150552849396142,24002.393260238907,TRENDING_BULL,-0.0137056643143296,0.25,-5.279619380225067e-05,0.2689471988496041,0.2689523185023738,-5.279619380225067e-05,0.0004077714156127,NEUTRAL,0.462100482648022,,,0.0,0.0,0.0,0.0,0.0,100.0,0.99998750195282,0.0,0.0,72.4458204334031,22.587987122361085,6.292857142857299,0.0,0.99998750195282,-0.0156799111515283
NIFTY,2026-07-27 09:55:00,24003.65,1.0,-0.1158129450473346,23998.665130533263,TRENDING_BULL,-0.0145965358242392,0.25,-0.0001957234216063,0.2689438502043152,0.2689479510619207,-0.0001957234216063,0.0,NEUTRAL,0.4621081987337641,,,0.0,0.0,0.0,0.0,0.0,100.0,1.0016193775087847,0.0,0.0,59.15875169605516,31.078978090476,13.335714285714598,0.0,1.0016193775087847,-0.0172612398862838
NIFTY,2026-07-27 09:59:00,24003.65,1.0,1.150552849396142,24002.74431512799,TRENDING_BULL,-0.0137056643143296,0.25,-0.0001014865141622,0.2689475848290495,0.2689530465181163,-0.0001014865141622,3.292587900791455e-05,NEUTRAL,0.4620993686528341,,,0.0,0.0,0.0,0.0,0.0,100.0,0.99998750195282,0.0,0.0,72.4458204334031,22.587987122361085,6.292857142857299,0.0,0.99998750195282,-0.0156799111515283
NIFTY,2026-07-27 09:59:00,24003.65,1.0,1.150552849396142,24002.71499761435,TRENDING_BULL,-0.0137056643143296,0.25,-5.835830803555365e-05,0.268947233591388,0.2689523840306206,-5.835830803555365e-05,0.0003677065050215,NEUTRAL,0.4621003823779913,,,0.0,0.0,0.0,0.0,0.0,100.0,0.99998750195282,0.0,0.0,72.4458204334031,22.587987122361085,6.292857142857299,0.0,0.99998750195282,-0.0156799111515283
NIFTY,2026-07-27 09:59:00,24003.65,1.0,1.150552849396142,24002.675069995126,TRENDING_BULL,-0.0137056643143296,0.25,-0.0001034724114001,0.2689476032095634,0.2689530811865662,-0.0001034724114001,1.605474429632713e-05,NEUTRAL,0.4620993156038703,,,0.0,0.0,0.0,0.0,0.0,100.0,0.99998750195282,0.0,0.0,72.4458204334031,22.587987122361085,6.292857142857299,0.0,0.99998750195282,-0.0156799111515283
NIFTY,2026-07-27 09:55:00,24003.65,1.0,-0.1158129450473346,23998.90141149749,TRENDING_BULL,-0.0145965358242392,0.25,-0.0002104736377402,0.2689437952397442,0.2689478032941612,-0.0002104736377402,0.0132793072363138,NEUTRAL,0.4621084014660946,,,0.0,0.0,0.0,0.0,0.0,100.0,1.0016193775087847,0.0,0.0,59.15875169605516,31.078978090476,13.335714285714598,0.0,1.0016193775087847,-0.0172612398862838
NIFTY,2026-07-27 09:59:00,24003.65,1.0,1.150552849396142,24002.502447514235,TRENDING_BULL,-0.0137056643143296,0.25,-8.034019000026252e-05,0.268947398526864,0.2689526951238808,-8.034019000026252e-05,0.0002037086452131,NEUTRAL,0.4620999063492551,,,0.0,0.0,0.0,0.0,0.0,100.0,0.99998750195282,0.0,0.0,72.4458204334031,22.587987122361085,6.292857142857299,0.0,0.99998750195282,-0.0156799111515283
NIFTY,2026-07-27 09:55:00,24003.65,1.0,-0.1158129450473346,23999.12065805562,TRENDING_BULL,-0.0145965358242392,0.25,-0.0005177956234482,0.2689441328736012,0.2689487109957166,-0.0005177956234482,0.0999906168092003,NEUTRAL,0.462107156130682,,,0.0,0.0,0.0,0.0,0.0,100.0,1.0016193775087847,0.0,0.0,59.15875169605516,31.078978090476,13.335714285714598,0.0,1.0016193775087847,-0.0172612398862838
NIFTY,2026-07-27 09:59:00,24003.65,1.0,1.150552849396142,24002.71928304851,TRENDING_BULL,-0.0137056643143296,0.25,-4.525508328724077e-05,0.2689471575686185,0.268952240640212,-4.525508328724077e-05,0.0004615994790342,NEUTRAL,0.4621006017911694,,,0.0,0.0,0.0,0.0,0.0,100.0,0.99998750195282,0.0,0.0,72.4458204334031,22.587987122361085,6.292857142857299,0.0,0.99998750195282,-0.0156799111515283
NIFTY,2026-07-27 09:59:00,24003.65,1.0,1.150552849396142,24002.74414156945,TRENDING_BULL,-0.0137056643143296,0.25,-9.423317688123418e-05,0.2689475188037943,0.268952921984435,-9.423317688123418e-05,9.326010190960924e-05,NEUTRAL,0.4620995592117706,,,0.0,0.0,0.0,0.0,0.0,100.0,0.99998750195282,0.0,0.0,72.4458204334031,22.587987122361085,6.292857142857299,0.0,0.99998750195282,-0.0156799111515283
NIFTY,2026-07-27 09:59:00,24003.65,1.0,1.150552849396142,24002.71906874477,TRENDING_BULL,-0.0137056643143296,0.25,-7.348494523744507e-05,0.2689473431140194,0.2689525906068609,-7.348494523744507e-05,0.0002560615823476,NEUTRAL,0.4621000662791196,,,0.0,0.0,0.0,0.0,0.0,100.0,0.99998750195282,0.0,0.0,72.4458204334031,22.587987122361085,6.292857142857299,0.0,0.99998750195282,-0.0156799111515283
NIFTY,2026-07-27 09:59:00,24003.65,1.0,1.150552849396142,24002.511241095504,TRENDING_BULL,-0.0137056643143296,0.25,-5.483918282679746e-05,0.2689472112140473,0.2689523418235787,-5.483918282679746e-05,0.0003931005778232,NEUTRAL,0.4621004469623739,,,0.0,0.0,0.0,0.0,0.0,100.0,0.99998750195282,0.0,0.0,72.4458204334031,22.587987122361085,6.292857142857299,0.0,0.99998750195282,-0.0156799111515283
NIFTY,2026-07-27 09:55:00,24003.65,1.0,-0.1158129450473346,23999.270068059883,TRENDING_BULL,-0.0145965358242392,0.25,-0.0002573503049259,0.2689439519736773,0.2689482246606232,-0.0002573503049259,0.0438398600185913,NEUTRAL,0.4621078233656994,,,0.0,0.0,0.0,0.0,0.0,100.0,1.0016193775087847,0.0,0.0,59.15875169605516,31.078978090476,13.335714285714598,0.0,1.0016193775087847,-0.0172612398862838
NIFTY,2026-07-27 09:59:00,24003.65,1.0,1.150552849396142,24002.529867028672,TRENDING_BULL,-0.0137056643143296,0.25,-8.825196132872373e-05,0.2689474658905763,0.268952822182064,-8.825196132872373e-05,0.0001415845383628,NEUTRAL,0.4620997119273596,,,0.0,0.0,0.0,0.0,0.0,100.0,0.99998750195282,0.0,0.0,72.4458204334031,22.587987122361085,6.292857142857299,0.0,0.99998750195282,-0.0156799111515283
NIFTY,2026-07-27 09:59:00,24003.65,1.0,1.150552849396142,24002.6182497723,TRENDING_BULL,-0.0137056643143296,0.25,-5.890625304342996e-05,0.2689472371931863,0.2689523908241559,-5.890625304342996e-05,0.0003637367502686,NEUTRAL,0.4621003719826577,,,0.0,0.0,0.0,0.0,0.0,100.0,0.99998750195282,0.0,0.0,72.4458204334031,22.587987122361085,6.292857142857299,0.0,0.99998750195282,-0.0156799111515283
NIFTY,2026-07-27 04:00:00,52094.14,1.5,288.10601694411974,52026.343612812,TRANSITION,-0.0095132589340209,0.2,0.0215590665571511,0.3581058463528693,0.2763768576584389,0.0215590665571511,0.25,NEUTRAL,0.3655172959886918,-0.0001462150154465,True,0.0008333333333333,0.1666666666666666,16.666666666666664,16.666666666666664,0.0,83.33333333333334,1.0,0.0,0.0,,,,,1.0,-0.0133460517972707
NIFTY,2026-07-26 23:00:00,95.9,1.0,-1.1032017654228383,96.24485682929988,TRANSITION,-0.0098608853295445,0.2,0.0028094242086933,0.300209079518569,0.2751816181841615,0.0028094242086933,0.1700955141653541,NEUTRAL,0.4246093022972694,,,-0.0008333333333333,0.1666666666666666,16.666666666666664,0.0,16.666666666666664,83.33333333333334,1.0,0.0,0.0,,,,,1.0,-0.0154099635779857
NIFTY,2026-07-27 09:55:00,24003.65,1.0,-0.1158129450473346,23998.945255271658,TRENDING_BULL,-0.0145965358242392,0.25,-0.0004789885815906,0.268944072779322,0.2689485494369757,-0.0004789885815906,0.0946527566465968,NEUTRAL,0.4621073777837022,,,0.0,0.0,0.0,0.0,0.0,100.0,1.0016193775087847,0.0,0.0,59.15875169605516,31.078978090476,13.335714285714598,0.0,1.0016193775087847,-0.0172612398862838
NIFTY,2026-07-27 09:55:00,24003.65,1.0,-0.1158129450473346,23998.903732607647,TRENDING_BULL,-0.0145965358242392,0.25,-0.0002513997209051,0.2689439789912667,0.2689482972952465,-0.0002513997209051,0.0444657947457506,NEUTRAL,0.4621077237134868,,,0.0,0.0,0.0,0.0,0.0,100.0,1.0016193775087847,0.0,0.0,59.15875169605516,31.078978090476,13.335714285714598,0.0,1.0016193775087847,-0.0172612398862838
NIFTY,2026-07-27 09:55:00,24003.65,1.0,-0.1158129450473346,23998.503218752256,TRENDING_BULL,-0.0145965358242392,0.25,-4.374132768062286e-05,0.2689440277143649,0.2689484282834103,-4.374132768062286e-05,0.0,NEUTRAL,0.4621075440022247,,,0.0,0.0,0.0,0.0,0.0,100.0,1.0016193775087847,0.0,0.0,59.15875169605516,31.078978090476,13.335714285714598,0.0,1.0016193775087847,-0.0172612398862838
NIFTY,2026-07-26 22:00:00,25361.03,1.0,397.9760746623645,25196.505927200884,TRANSITION,-0.0106083396822214,0.2,-0.0094130680939115,0.2738271819772974,0.3394682350316955,-0.0094130680939115,0.2288678662304827,NEUTRAL,0.3867045829910069,,,0.0008333333333333,0.1666666666666666,16.666666666666664,16.666666666666664,0.0,83.33333333333334,1.0,0.0,0.0,,,,,1.0,-0.0151784174144268
NIFTY,2026-07-27 09:45:00,24003.65,1.0,20.87226081830672,23994.91958240672,TRENDING_BULL,-0.0133853647857904,0.25,0.0012658471083409,0.2689769646598958,0.2689735504410548,0.0012658471083409,0.104264144769388,NEUTRAL,0.4620494848990493,0.0003293155447357,True,-0.0008333333333333,0.1666666666666666,16.666666666666664,0.0,16.666666666666664,83.33333333333334,1.0009689155230683,0.0,0.0,64.9239896180876,32.812279908791375,21.34285714285709,0.0,1.0009689155230683,-0.0161545347422361
NIFTY,2026-07-27 09:59:00,24003.65,1.0,1.150552849396142,24002.82311126749,TRENDING_BULL,-0.0137056643143296,0.25,-9.679315115602096e-05,0.2689475418938757,0.2689529655358412,-9.679315115602096e-05,7.219052329705033e-05,NEUTRAL,0.4620994925702829,,,0.0,0.0,0.0,0.0,0.0,100.0,0.99998750195282,0.0,0.0,72.4458204334031,22.587987122361085,6.292857142857299,0.0,0.99998750195282,-0.0156799111515283
NIFTY,2026-07-27 09:55:00,24003.65,1.0,-0.1158129450473346,23999.039270446552,TRENDING_BULL,-0.0145965358242392,0.25,-0.0003804591715592,0.2689447531125579,0.2689503784615944,-0.0003804591715592,0.0781654406723268,NEUTRAL,0.4621048684258476,,,0.0,0.0,0.0,0.0,0.0,100.0,1.0016193775087847,0.0,0.0,59.15875169605516,31.078978090476,13.335714285714598,0.0,1.0016193775087847,-0.0172612398862838
NIFTY,2026-07-27 09:59:00,24003.65,1.0,1.150552849396142,24002.793177559342,TRENDING_BULL,-0.0137056643143296,0.25,-5.003501088922026e-05,0.2689471829134516,0.2689522884443872,-5.003501088922026e-05,0.0004275310933324,NEUTRAL,0.4621005286421611,,,0.0,0.0,0.0,0.0,0.0,100.0,0.99998750195282,0.0,0.0,72.4458204334031,22.587987122361085,6.292857142857299,0.0,0.99998750195282,-0.0156799111515283
NIFTY,2026-07-27 09:55:00,24003.65,1.0,-0.1158129450473346,23998.66082589792,TRENDING_BULL,-0.0145965358242392,0.25,-0.0004029913195621,0.2689439866278656,0.2689483178256323,-0.0004029913195621,0.0736929845851132,NEUTRAL,0.462107695546502,,,0.0,0.0,0.0,0.0,0.0,100.0,1.0016193775087847,0.0,0.0,59.15875169605516,31.078978090476,13.335714285714598,0.0,1.0016193775087847,-0.0172612398862838
NIFTY,2026-07-27 04:00:00,52210.08,1.5,420.51104601015,52088.26387789225,TRANSITION,-0.0100649315863847,0.2,-0.0053173680709917,0.2742989900277827,0.3196836238295558,-0.0053173680709917,0.1941775404999042,NEUTRAL,0.4060173861426614,-0.0001462150154465,True,0.0,0.0,0.0,0.0,0.0,100.0,1.0,0.0,0.0,,,,,1.0,-0.0121111292392015
NIFTY,2026-07-27 09:55:00,24003.65,1.0,-0.1158129450473346,23999.19468380732,TRENDING_BULL,-0.0145965358242392,0.25,-0.00043394905317,0.2689439916004444,0.2689483311940128,-0.00043394905317,0.0825508229457242,NEUTRAL,0.4621076772055427,,,0.0,0.0,0.0,0.0,0.0,100.0,1.0016193775087847,0.0,0.0,59.15875169605516,31.078978090476,13.335714285714598,0.0,1.0016193775087847,-0.0172612398862838
NIFTY,2026-07-27 09:59:00,24003.65,1.0,1.150552849396142,24002.46299509187,TRENDING_BULL,-0.0137056643143296,0.25,-2.69716085454358e-05,0.2689470909563176,0.2689521149993852,-2.69716085454358e-05,0.0005919426520265,NEUTRAL,0.4621007940442971,,,0.0,0.0,0.0,0.0,0.0,100.0,0.99998750195282,0.0,0.0,72.4458204334031,22.587987122361085,6.292857142857299,0.0,0.99998750195282,-0.0156799111515283
NIFTY,2026-07-26 22:00:00,25361.03,1.5,397.9760746623645,25209.34135274628,TRANSITION,-0.0079457778483629,0.2,-0.0079049520300156,0.2760893511580733,0.3367940863737921,-0.0079049520300156,0.2192895284993986,NEUTRAL,0.3871165624681345,,,0.0008333333333333,0.1666666666666666,16.666666666666664,16.666666666666664,0.0,83.33333333333334,1.0,0.0,0.0,,,,,1.0,-0.010775426402688
NIFTY,2026-07-27 09:55:00,24003.65,1.0,-0.1158129450473346,23999.33370004121,TRENDING_BULL,-0.0145965358242392,0.25,-0.0001140688374633,0.2689458564910694,0.2689533448220434,-0.0001140688374633,0.0341611393488932,NEUTRAL,0.4621007986868871,,,0.0,0.0,0.0,0.0,0.0,100.0,1.0016193775087847,0.0,0.0,59.15875169605516,31.078978090476,13.335714285714598,0.0,1.0016193775087847,-0.0172612398862838
NIFTY,2026-07-27 09:55:00,24003.65,1.0,-0.1158129450473346,23998.370508107608,TRENDING_BULL,-0.0145965358242392,0.25,-0.0003169543195575,0.2689440590873711,0.2689485126272488,-0.0003169543195575,0.032325669743172,NEUTRAL,0.4621074282853801,,,0.0,0.0,0.0,0.0,0.0,100.0,1.0016193775087847,0.0,0.0,59.15875169605516,31.078978090476,13.335714285714598,0.0,1.0016193775087847,-0.0172612398862838
NIFTY,2026-07-27 09:59:00,24003.65,1.0,1.150552849396142,24002.66826838352,TRENDING_BULL,-0.0137056643143296,0.25,-6.761836327796579e-05,0.2689472946694444,0.2689523437217629,-6.761836327796579e-05,0.0002756753370835,NEUTRAL,0.4621003616087926,,,0.0008333333333333,0.1666666666666666,16.666666666666664,16.666666666666664,0.0,83.33333333333334,0.99998750195282,0.0,0.0,72.4458204334031,22.587987122361085,6.292857142857299,0.0,0.99998750195282,-0.0156799111515283
NIFTY,2026-07-28 00:09:11,24911.99,1.0,-18.65597999712212,24893.44957854332,TRENDING_BEAR,-0.0122643643990159,0.2,-0.0026144236771036,0.2689414267093166,0.2795840643743603,-0.0026144236771036,0.1951872894066587,NEUTRAL,0.451474508916323,,,0.0,0.0,0.0,0.0,0.0,100.0,1.0170837348456438,0.0,0.0,72.34748769600326,15.593552077944954,62.32428571428578,0.2589505526289996,1.0170837348456438,-0.0168255999684333
NIFTY,2026-07-28 08:32:41,24911.99,1.0,-18.65597999712212,24893.260669983985,TRENDING_BEAR,-0.0122643643990159,0.2,-0.0026912926939723,0.2689647340754522,0.2839095046024013,-0.0026912926939723,0.196766845741895,NEUTRAL,0.4471257613221465,,,0.0,0.0,16.666666666666664,16.666666666666664,16.666666666666664,66.66666666666667,1.0170837348456438,0.0,0.0,72.34748769600326,15.593552077944954,62.32428571428578,0.2589505526289996,1.0170837348456438,-0.0168255999684333
NIFTY,2026-07-27 09:55:00,24003.65,1.0,-0.1158129450473346,23998.960715075533,TRENDING_BULL,-0.0145965358242392,0.25,-0.0001908644815714,0.2689438545490826,0.2689479627424744,-0.0001908644815714,0.0114721405462537,NEUTRAL,0.4621081827084429,,,0.0,0.0,16.666666666666664,16.666666666666664,16.666666666666664,66.66666666666667,1.0016193775087847,0.0,0.0,59.15875169605516,31.078978090476,13.335714285714598,0.0,1.0016193775087847,-0.0172612398862838
NIFTY,2026-07-28 00:09:11,24911.99,1.0,-18.65597999712212,24894.275120129085,TRENDING_BEAR,-0.0122643643990159,0.2,-0.0025305560209106,0.2689990667917279,0.2822536370605844,-0.0025305560209106,0.1931473255318854,NEUTRAL,0.4487472961476876,,,0.0,0.0,0.0,0.0,0.0,100.0,1.0170837348456438,0.0,0.0,72.34748769600326,15.593552077944954,62.32428571428578,0.2589505526289996,1.0170837348456438,-0.0168255999684333
NIFTY,2026-07-27 09:55:00,24003.65,1.0,-0.1158129450473346,23999.6618466721,TRENDING_BULL,-0.0145965358242392,0.25,-0.0003977208094112,0.2689441368289567,0.2689487216293799,-0.0003977208094112,0.080037030239831,NEUTRAL,0.4621071415416634,,,0.0,0.0,16.666666666666664,16.666666666666664,16.666666666666664,66.66666666666667,1.0016193775087847,0.0,0.0,59.15875169605516,31.078978090476,13.335714285714598,0.0,1.0016193775087847,-0.0172612398862838
NIFTY,2026-07-28T08:32:41,24911.99,1.0,-18.65597999712212,24894.555468529907,TRENDING_BEAR,-0.0122643643990159,0.2,-0.0027759205111931,0.2689414263562834,0.2854478027162546,-0.0027759205111931,0.1971200785084375,NEUTRAL,0.4456107709274619,0.0003644176774823,True,0.0,0.0,0.0,0.0,0.0,100.0,1.0170837348456438,0.0,0.0,72.34748769600326,15.593552077944954,62.32428571428578,0.2589505526289996,1.0170837348456438,-0.0168255999684333
NIFTY,2026-07-28 08:33:17,24911.99,1.0,-18.65597999712212,24893.44957854332,TRENDING_BEAR,-0.0122643643990159,0.2,-0.0026144236771036,0.2689414267093166,0.2795840643743603,-0.0026144236771036,0.1951872894066587,NEUTRAL,0.451474508916323,,,0.0,0.0,0.0,0.0,0.0,100.0,1.0170837348456438,0.0,0.0,72.34748769600326,15.593552077944954,62.32428571428578,0.2589505526289996,1.0170837348456438,-0.0168255999684333
NIFTY,2026-07-27 15:00:00,6103.46,1.5,-692.8326097510287,6416.850229143434,TRANSITION,-0.0036794033367186,0.2,-0.0008646969312229,0.3042950960260316,0.3086210758228749,-0.0008646969312229,0.0149370256373576,NEUTRAL,0.3870838281510935,,,-0.0008333333333333,0.1666666666666666,16.666666666666664,0.0,16.666666666666664,83.33333333333334,1.0,0.0,0.0,,,,,1.0,-0.0039186554029583
NIFTY,2026-07-28 08:34:41,24911.99,1.0,-18.65597999712212,24895.11120577222,TRENDING_BEAR,-0.0122643643990159,0.2,-0.0028823834096038,0.268996110210095,0.2880426843299323,-0.0028823834096038,0.1993633284001998,NEUTRAL,0.4429612054599726,,,0.0,0.0,0.0,0.0,0.0,100.0,1.0170837348456438,0.0,0.0,72.34748769600326,15.593552077944954,62.32428571428578,0.2589505526289996,1.0170837348456438,-0.0168255999684333
NIFTY,2026-07-28T08:36:25,24911.99,1.0,-18.65597999712212,24894.237523503863,TRENDING_BEAR,-0.0122643643990159,0.2,-0.0028725684596429,0.2689414264572117,0.2861790385175992,-0.0028725684596429,0.2097518337313921,NEUTRAL,0.444879535025189,-0.0003188473446788,True,0.0,0.0,16.666666666666664,16.666666666666664,16.666666666666664,66.66666666666667,1.0170837348456438,0.0,0.0,72.34748769600326,15.593552077944954,62.32428571428578,0.2589505526289996,1.0170837348456438,-0.0168255999684333
NIFTY,2026-07-28 08:34:41,24911.99,1.0,-18.65597999712212,24895.21409514263,TRENDING_BEAR,-0.0122643643990159,0.2,-0.0023941969972719,0.2689499310088072,0.2800302138022508,-0.0023941969972719,0.1746255710348904,NEUTRAL,0.4510198551889419,,,0.0,0.0,0.0,0.0,0.0,100.0,1.0170837348456438,0.0,0.0,72.34748769600326,15.593552077944954,62.32428571428578,0.2589505526289996,1.0170837348456438,-0.0168255999684333
NIFTY,2026-07-27 15:00:00,6110.06,1.5,-685.2953215689015,6430.497140078418,TRANSITION,-0.0036794033367186,0.2,-0.0015881402107167,0.3031609927923179,0.3104052785060321,-0.0015881402107167,0.031619406112321,NEUTRAL,0.38643372870165,,,0.0,0.0,0.0,0.0,0.0,100.0,1.0,0.0,0.0,,,,,1.0,-0.0039186554029583
NIFTY,2026-07-28 08:34:41,24911.99,1.0,-18.65597999712212,24893.29490239303,TRENDING_BEAR,-0.0122643643990159,0.2,-0.0025114086852454,0.2689516821034911,0.2787223289285469,-0.0025114086852454,0.1911973604111632,NEUTRAL,0.4523259889679619,,,-0.0016666666666666,0.3333333333333333,33.33333333333333,0.0,33.33333333333333,66.66666666666667,1.0170837348456438,0.0,0.0,72.34748769600326,15.593552077944954,62.32428571428578,0.2589505526289996,1.0170837348456438,-0.0168255999684333
NIFTY,2026-07-27 09:59:00,24003.65,1.0,1.150552849396142,24002.59475073422,TRENDING_BULL,-0.0137056643143296,0.25,-0.0003763029829057,0.2689502389202929,0.26895820290256,-0.0003763029829057,0.0,NEUTRAL,0.4620915581771471,,,-0.0008333333333333,0.1666666666666666,16.666666666666664,0.0,16.666666666666664,83.33333333333334,0.99998750195282,0.0,0.0,72.4458204334031,22.587987122361085,6.292857142857299,0.0,0.99998750195282,-0.0156799111515283
NIFTY,2026-07-27 16:00:00,25129.08,1.0,-44.168926513931126,25126.08668034965,TRANSITION,-0.0136143155395984,0.2,-0.0082622294167166,0.2689432120098813,0.3647766427745031,-0.0082622294167166,0.25,NEUTRAL,0.3662801452156155,,,0.0008333333333333,0.1666666666666666,16.666666666666664,16.666666666666664,0.0,83.33333333333334,1.0,0.0,0.0,,,,,1.0,-0.012709617242217
NIFTY,2026-07-27 16:00:00,25129.08,1.0,-44.168926513931126,25132.694681200992,TRANSITION,-0.0136143155395984,0.2,-0.0080431845677778,0.2689430545262773,0.3680556746996987,-0.0080431845677778,0.25,NEUTRAL,0.3630012707740239,,,0.0,0.0,0.0,0.0,0.0,100.0,1.0,0.0,0.0,,,,,1.0,-0.012709617242217
NIFTY,2026-07-27 16:00:00,25129.08,1.0,-44.168926513931126,25123.058558164765,TRANSITION,-0.0136143155395984,0.2,-0.0088114794356974,0.2689429898425541,0.3673060007006258,-0.0088114794356974,0.25,NEUTRAL,0.36375100945682,,,0.0,0.0,0.0,0.0,0.0,100.0,1.0,0.0,0.0,,,,,1.0,-0.012709617242217
NIFTY,2026-07-27 16:00:00,25129.08,1.0,-44.168926513931126,25119.27492303768,TRANSITION,-0.0136143155395984,0.2,-0.0087221630351141,0.2689430144385766,0.3700111485361438,-0.0087221630351141,0.25,NEUTRAL,0.3610458370252795,,,0.0,0.0,0.0,0.0,0.0,100.0,1.0,0.0,0.0,,,,,1.0,-0.012709617242217
NIFTY,2026-07-27 16:00:00,25129.08,1.0,-44.168926513931126,25127.010987422986,TRANSITION,-0.0136143155395984,0.2,-0.0082864696373805,0.2689434211662108,0.3663871442737433,-0.0082864696373805,0.25,NEUTRAL,0.3646694345600458,,,0.0,0.0,0.0,0.0,0.0,100.0,1.0,0.0,0.0,,,,,1.0,-0.012709617242217
NIFTY,2026-07-27 16:00:00,25129.08,1.0,-44.168926513931126,25132.573643700114,TRANSITION,-0.0136143155395984,0.2,-0.0079525798430829,0.2689435125317785,0.3671127754256358,-0.0079525798430829,0.25,NEUTRAL,0.3639437120425857,,,0.0,0.0,0.0,0.0,0.0,100.0,1.0,0.0,0.0,,,,,1.0,-0.012709617242217
NIFTY,2026-07-27 16:00:00,25129.08,1.0,-44.168926513931126,25127.476751559185,TRANSITION,-0.0136143155395984,0.2,-0.0084797705548965,0.2689437289690858,0.3653590529604799,-0.0084797705548965,0.25,NEUTRAL,0.3656972180704342,,,0.0,0.0,0.0,0.0,0.0,100.0,1.0,0.0,0.0,,,,,1.0,-0.012709617242217
NIFTY,2026-07-27 16:00:00,25129.08,1.0,-44.168926513931126,25124.18746244836,TRANSITION,-0.0136143155395984,0.2,-0.0078124177449806,0.2689433870983014,0.3664931059970694,-0.0078124177449806,0.25,NEUTRAL,0.3645635069046292,,,0.0,0.0,0.0,0.0,0.0,100.0,1.0,0.0,0.0,,,,,1.0,-0.012709617242217
NIFTY,2026-07-27 16:00:00,25129.08,1.0,-44.168926513931126,25124.508177311665,TRANSITION,-0.0136143155395984,0.2,-0.0080142579422935,0.268943148072004,0.3688575678344247,-0.0080142579422935,0.25,NEUTRAL,0.3621992840935712,,,0.0,0.0,0.0,0.0,0.0,100.0,1.0,0.0,0.0,,,,,1.0,-0.012709617242217
NIFTY,2026-07-27 16:00:00,25129.08,1.0,-44.168926513931126,25128.780228024,TRANSITION,-0.0136143155395984,0.2,-0.0080644443927492,0.2689430536881101,0.3674890618652994,-0.0080644443927492,0.25,NEUTRAL,0.3635678844465904,,,0.0,0.0,0.0,0.0,0.0,100.0,1.0,0.0,0.0,,,,,1.0,-0.012709617242217
NIFTY,2026-07-27 16:00:00,25129.08,1.0,-44.168926513931126,25125.544370788528,TRANSITION,-0.0136143155395984,0.2,-0.008778280734249,0.2689433310721178,0.364410840950955,-0.008778280734249,0.25,NEUTRAL,0.3666458279769271,,,0.0,0.0,0.0,0.0,0.0,100.0,1.0,0.0,0.0,,,,,1.0,-0.012709617242217
NIFTY,2026-07-27 16:00:00,25129.08,1.0,-44.168926513931126,25119.806485155503,TRANSITION,-0.0136143155395984,0.2,-0.0083939727161528,0.2689431243319512,0.3652032834894124,-0.0083939727161528,0.25,NEUTRAL,0.3658535921786363,,,0.0,0.0,0.0,0.0,0.0,100.0,1.0,0.0,0.0,,,,,1.0,-0.012709617242217
NIFTY,2026-07-27 16:00:00,25129.08,1.0,-44.168926513931126,25118.67348589744,TRANSITION,-0.0136143155395984,0.2,-0.0083489601202332,0.268943457219803,0.3642166057810716,-0.0083489601202332,0.25,NEUTRAL,0.3668399369991253,,,0.0,0.0,0.0,0.0,0.0,100.0,1.0,0.0,0.0,,,,,1.0,-0.012709617242217
NIFTY,2026-07-27 16:00:00,25129.08,1.0,-44.168926513931126,25128.594857270185,TRANSITION,-0.0136143155395984,0.2,-0.0087025638434774,0.2689439550375572,0.3668847565120602,-0.0087025638434774,0.25,NEUTRAL,0.3641712884503826,,,0.0,0.0,0.0,0.0,0.0,100.0,1.0,0.0,0.0,,,,,1.0,-0.012709617242217
NIFTY,2026-07-27 16:00:00,25129.08,1.0,-44.168926513931126,25131.720722108905,TRANSITION,-0.0136143155395984,0.2,-0.0084085169979196,0.2689427999522679,0.3666099268120093,-0.0084085169979196,0.25,NEUTRAL,0.3644472732357227,,,0.0016666666666666,0.3333333333333333,33.33333333333333,33.33333333333333,0.0,66.66666666666667,1.0,0.0,0.0,,,,,1.0,-0.012709617242217
NIFTY,2026-07-27 16:00:00,25129.08,1.0,-44.168926513931126,25135.7711442786,TRANSITION,-0.0136143155395984,0.2,-0.0075741189135843,0.268944468435615,0.3641697425648021,-0.0075741189135843,0.25,NEUTRAL,0.3668857889995828,,,0.0,0.0,0.0,0.0,0.0,100.0,1.0,0.0,0.0,,,,,1.0,-0.012709617242217
NIFTY,2026-07-27 16:00:00,25129.08,1.0,-44.168926513931126,25113.395656805544,TRANSITION,-0.0136143155395984,0.2,-0.0084973809224208,0.268942611363561,0.3688321796606422,-0.0084973809224208,0.25,NEUTRAL,0.3622252089757968,,,0.0,0.0,0.0,0.0,0.0,100.0,1.0,0.0,0.0,,,,,1.0,-0.012709617242217
NIFTY,2026-07-27 16:00:00,25129.08,1.0,-44.168926513931126,25121.60665614732,TRANSITION,-0.0136143155395984,0.2,-0.0089532467581051,0.2689428551952191,0.3707584497561582,-0.0089532467581051,0.25,NEUTRAL,0.3602986950486227,,,0.0,0.0,0.0,0.0,0.0,100.0,1.0,0.0,0.0,,,,,1.0,-0.012709617242217
NIFTY,2026-07-27 16:00:00,25129.08,1.0,-44.168926513931126,25129.51232710993,TRANSITION,-0.0136143155395984,0.2,-0.0086182362929684,0.268943062006058,0.3688565019821498,-0.0086182362929684,0.25,NEUTRAL,0.3622004360117921,,,0.0,0.0,0.0,0.0,0.0,100.0,1.0,0.0,0.0,,,,,1.0,-0.012709617242217
NIFTY,2026-07-27 16:00:00,25129.08,1.0,-44.168926513931126,25135.31083442064,TRANSITION,-0.0136143155395984,0.2,-0.0083008841607272,0.2689430808464459,0.3688915898201526,-0.0083008841607272,0.25,NEUTRAL,0.3621653293334014,,,0.0,0.0,0.0,0.0,0.0,100.0,1.0,0.0,0.0,,,,,1.0,-0.012709617242217
NIFTY,2026-07-27 16:00:00,25129.08,1.0,-44.168926513931126,25132.55844037792,TRANSITION,-0.0136143155395984,0.2,-0.0085973651899316,0.2689437127127169,0.3662474015984243,-0.0085973651899316,0.25,NEUTRAL,0.3648088856888586,,,0.0,0.0,0.0,0.0,0.0,100.0,1.0,0.0,0.0,,,,,1.0,-0.012709617242217
NIFTY,2026-07-27 16:00:00,25129.08,1.0,-44.168926513931126,25115.71616452352,TRANSITION,-0.0136143155395984,0.2,-0.0086151211834523,0.2689431463559232,0.3664110638163933,-0.0086151211834523,0.25,NEUTRAL,0.3646457898276835,,,0.0008333333333333,0.1666666666666666,16.666666666666664,16.666666666666664,0.0,83.33333333333334,1.0,0.0,0.0,,,,,1.0,-0.012709617242217
NIFTY,2026-07-28 08:42:23,24911.99,1.0,-18.65597999712212,24893.10248052987,TRENDING_BEAR,-0.0122643643990159,0.2,-0.0027727604820324,0.2689414605255814,0.2849460725862947,-0.0027727604820324,0.1845626620363154,NEUTRAL,0.446112466888124,,,0.0,0.0,0.0,0.0,0.0,100.0,1.0170837348456438,0.0,0.0,72.34748769600326,15.593552077944954,62.32428571428578,0.2589505526289996,1.0170837348456438,-0.0168255999684333
NIFTY,2026-07-28 08:42:23,24911.99,1.0,-18.65597999712212,24892.802114826933,TRENDING_BEAR,-0.0122643643990159,0.2,-0.0026020802464795,0.2689417010969233,0.2863631552415395,-0.0026020802464795,0.186679407278571,NEUTRAL,0.4446951436615372,,,0.0,0.0,0.0,0.0,0.0,100.0,1.0170837348456438,0.0,0.0,72.34748769600326,15.593552077944954,62.32428571428578,0.2589505526289996,1.0170837348456438,-0.0168255999684333
NIFTY,2026-07-27 15:00:00,6110.06,1.5,-685.2953215689015,6420.598681232901,TRANSITION,-0.0036794033367186,0.2,-0.0014582857829645,0.3030277993001831,0.3096569103324533,-0.0014582857829645,0.0361438663878287,NEUTRAL,0.3873152903673635,,,0.0,0.0,16.666666666666664,16.666666666666664,16.666666666666664,66.66666666666667,1.0,0.0,0.0,,,,,1.0,-0.0039186554029583
NIFTY,2026-07-27 00:00:00,10781.8,1.5,65.89110514338951,10744.651155884569,TRANSITION,-0.0095955897122621,0.2,-0.0063011811594703,0.2755172810308586,0.3359293704779852,-0.0063011811594703,0.2277030560614105,NEUTRAL,0.3885533484911561,,,0.0,0.0,0.0,0.0,0.0,100.0,1.0,0.0,0.0,,,,,1.0,-0.0123357508331537
NIFTY,2026-07-27 15:00:00,6110.06,1.5,-685.2953215689015,6407.605779070845,TRANSITION,-0.0036794033367186,0.2,-0.0011670074156132,0.3043685902743211,0.3091506176128299,-0.0011670074156132,0.0246927541484188,NEUTRAL,0.3864807921128489,,,0.0,0.0,0.0,0.0,0.0,100.0,1.0,0.0,0.0,,,,,1.0,-0.0039186554029583
NIFTY,2026-07-27 15:00:00,6110.06,1.5,-685.2953215689015,6412.071156929859,TRANSITION,-0.0036794033367186,0.2,-0.0014718000332099,0.3049480345707897,0.3112889002194438,-0.0014718000332099,0.0463247907836925,NEUTRAL,0.3837630652097664,,,0.0,0.0,0.0,0.0,0.0,100.0,1.0,0.0,0.0,,,,,1.0,-0.0039186554029583
NIFTY,2026-07-27 15:00:00,6110.06,1.5,-685.2953215689015,6414.182833070148,TRANSITION,-0.0036794033367186,0.2,-0.0016908592636371,0.3027240804059526,0.3122091971480865,-0.0016908592636371,0.0437650677843126,NEUTRAL,0.3850667224459609,,,0.0,0.0,0.0,0.0,0.0,100.0,1.0,0.0,0.0,,,,,1.0,-0.0039186554029583
NIFTY,2026-07-27 23:00:00,95.9,1.0,-0.8820201416721528,96.22438618349716,TRANSITION,-0.0139395650476217,0.2,0.0039737318768794,0.304486696902525,0.2691992558793891,0.0039737318768794,0.2037943316745802,NEUTRAL,0.4263140472180858,,,0.0,0.0,0.0,0.0,0.0,100.0,1.0,0.0,0.0,,,,,1.0,-0.0129977647215127
NIFTY,2026-07-27 09:59:00,24003.65,1.0,1.150552849396142,24002.597875248102,TRENDING_BULL,-0.0137056643143296,0.25,-2.586219312849783e-07,0.268947095474252,0.268952123520889,-2.586219312849783e-07,0.0007919513792841,NEUTRAL,0.4621007810048589,,,0.0,0.0,0.0,0.0,0.0,100.0,0.99998750195282,0.0,0.0,72.4458204334031,22.587987122361085,6.292857142857299,0.0,0.99998750195282,-0.0156799111515283
NIFTY,2026-07-27 16:00:00,25129.08,1.0,-44.168926513931126,25129.745475874,TRANSITION,-0.0136143155395984,0.2,-0.0083276247670118,0.2689426762194744,0.3665193867008613,-0.0083276247670118,0.25,NEUTRAL,0.3645379370796642,,,0.0008333333333333,0.1666666666666666,16.666666666666664,16.666666666666664,0.0,83.33333333333334,1.0,0.0,0.0,,,,,1.0,-0.012709617242217
NIFTY,2026-07-27 23:00:00,95.9,1.0,-0.8820201416721528,96.26247314819072,TRANSITION,-0.0139395650476217,0.2,0.002545364336482,0.3005067406636491,0.2700979611369997,0.002545364336482,0.1540120141100937,NEUTRAL,0.4293952981993512,,,0.0,0.0,0.0,0.0,0.0,100.0,1.0,0.0,0.0,,,,,1.0,-0.0129977647215127
NIFTY,2026-07-27 15:00:00,62046.46,1.0,-2961.783376878127,63561.97056267899,TRANSITION,-0.0046164435334503,0.2,0.0055465699951245,0.3221062935222246,0.2904458972923447,0.0055465699951245,0.1500131557982751,NEUTRAL,0.3874478091854306,,,0.0016666666666666,0.3333333333333333,33.33333333333333,33.33333333333333,0.0,66.66666666666667,1.0,0.0,0.0,,,,,1.0,0.0019343073014169
NIFTY,2026-07-27 23:00:00,95.9,1.0,-0.8820201416721528,96.21614674464752,TRANSITION,-0.0139395650476217,0.2,0.0026181959489389,0.2993869415772044,0.269217177656834,0.0026181959489389,0.1885992143483305,NEUTRAL,0.4313958807659616,,,-0.0008333333333333,0.1666666666666666,16.666666666666664,0.0,16.666666666666664,83.33333333333334,1.0,0.0,0.0,,,,,1.0,-0.0129977647215127
NIFTY,2026-07-27 16:00:00,25129.08,1.0,-44.168926513931126,25131.73400837176,TRANSITION,-0.0136143155395984,0.2,-0.0084539486196097,0.2689435705073687,0.3672488831640912,-0.0084539486196097,0.2468067637221545,NEUTRAL,0.36380754632854,,,0.0,0.0,0.0,0.0,0.0,100.0,1.0,0.0,0.0,,,,,1.0,-0.012709617242217
NIFTY,2026-07-27 23:00:00,95.9,1.0,-0.8820201416721528,96.24096188974858,TRANSITION,-0.0139395650476217,0.2,0.0042619051487855,0.3146536711242343,0.2691191134317508,0.0042619051487855,0.2006843628742532,NEUTRAL,0.4162272154440149,,,-0.0008333333333333,0.1666666666666666,16.666666666666664,0.0,16.666666666666664,83.33333333333334,1.0,0.0,0.0,,,,,1.0,-0.0129977647215127
NIFTY,2026-07-27 16:00:00,25129.08,1.0,-44.168926513931126,25132.91894834351,TRANSITION,-0.0136143155395984,0.2,-0.0083883271014207,0.2689430251106178,0.3686560323109701,-0.0083883271014207,0.25,NEUTRAL,0.3624009425784121,,,0.0,0.0,16.666666666666664,16.666666666666664,16.666666666666664,66.66666666666667,1.0,0.0,0.0,,,,,1.0,-0.0105913477018475
NIFTY,2026-07-27 09:55:00,24003.65,1.0,-0.1158129450473346,23999.04148001578,TRENDING_BULL,-0.0145965358242392,0.25,-0.0002196573602905,0.2689438703514959,0.2689492933604265,-0.0002196573602905,0.0375683743026665,NEUTRAL,0.4621068362880775,,,0.0,0.0,0.0,0.0,0.0,100.0,1.0016193775087847,0.0,0.0,59.15875169605516,31.078978090476,13.335714285714598,0.0,1.0016193775087847,-0.0143843665719032
NIFTY,2026-07-26 18:30:00,12.66,1.0,-1.5861821592313827,13.150375178644277,HIGH_VOLATILITY,0.020777404308319,0.2,0.0040982407265598,0.3177434781832112,0.2997182558079014,0.0040982407265598,0.0773493732035298,NEUTRAL,0.3825382660088873,,,0.0,0.0,0.0,0.0,0.0,100.0,0.926040061633282,0.0,0.0,54.41048034927845,20.0,1.6099999999999997,0.0,0.926040061633282,0.0125900218263268
NIFTY,2026-07-26T18:30:00,12.66,1.0,-1.5861821592313827,13.08245584463595,HIGH_VOLATILITY,0.020777404308319,0.2,0.004124002561526,0.318269242104289,0.2989834780812797,0.004124002561526,0.0786363220021559,NEUTRAL,0.3827472798144313,,,0.0,0.0,16.666666666666664,16.666666666666664,16.666666666666664,66.66666666666667,0.926040061633282,0.0,0.0,54.41048034927845,20.0,1.6099999999999997,0.0,0.926040061633282,0.0125900218263268
NIFTY,2026-07-27 09:59:00,24003.65,1.0,1.150552849396142,24002.64770165908,TRENDING_BULL,-0.0137056643143296,0.25,-2.6505282954026327e-05,0.2689463645304573,0.2689525825085336,-2.6505282954026327e-05,0.0007801617509497,NEUTRAL,0.462101052961009,,,0.0,0.0,0.0,0.0,0.0,100.0,0.99998750195282,0.0,0.0,72.4458204334031,22.587987122361085,6.292857142857299,0.0,0.99998750195282,-0.0130665926262736
NIFTY,2026-07-27 09:55:00,24003.65,1.0,-0.1158129450473346,23999.059530744704,TRENDING_BULL,-0.0145965358242392,0.25,-0.0003645469572284,0.2689443338380426,0.2689508725036982,-0.0003645469572284,0.0820585049135907,NEUTRAL,0.4621047936582591,,,-0.0008333333333333,0.1666666666666666,16.666666666666664,0.0,16.666666666666664,83.33333333333334,1.0016193775087847,0.0,0.0,59.15875169605516,31.078978090476,13.335714285714598,0.0,1.0016193775087847,-0.0143843665719032
NIFTY,2026-07-26 22:00:00,25361.03,1.5,397.9760746623645,25219.59348408327,TRANSITION,-0.0079457778483629,0.2,-0.0081678209484313,0.2749668844563845,0.3331146866838156,-0.0081678209484313,0.2128717382374372,NEUTRAL,0.3919184288597998,,,0.0008333333333333,0.1666666666666666,16.666666666666664,16.666666666666664,0.0,83.33333333333334,1.0,0.0,0.0,,,,,1.0,-0.010775426402688
NIFTY,2026-07-27 09:55:00,24003.65,1.0,-0.1158129450473346,23998.836058245062,TRENDING_BULL,-0.0145965358242392,0.25,-0.0002733991419379,0.2689440894568184,0.2689499976560601,-0.0002733991419379,0.049351611673203,NEUTRAL,0.4621059128871214,,,0.0,0.0,0.0,0.0,0.0,100.0,1.0016193775087847,0.0,0.0,59.15875169605516,31.078978090476,13.335714285714598,0.0,1.0016193775087847,-0.0143843665719032
NIFTY,2026-07-26 22:00:00,25361.03,1.5,397.9760746623645,25180.98142569068,TRANSITION,-0.0079457778483629,0.2,-0.0095439760848547,0.2698490482543994,0.3436417922543845,-0.0095439760848547,0.25,NEUTRAL,0.3865091594912161,,,0.0008333333333333,0.1666666666666666,16.666666666666664,16.666666666666664,0.0,83.33333333333334,1.0,0.0,0.0,,,,,1.0,-0.0129305116832256
NIFTY,2026-07-27 09:55:00,24003.65,1.0,-0.1158129450473346,23998.931016515715,TRENDING_BULL,-0.0145965358242392,0.25,-0.0005033019881523,0.2689436952687062,0.268948800295425,-0.0005033019881523,0.077648922787164,NEUTRAL,0.4621075044358688,,,-0.0008333333333333,0.1666666666666666,16.666666666666664,0.0,16.666666666666664,83.33333333333334,1.0016193775087847,0.0,0.0,59.15875169605516,31.078978090476,13.335714285714598,0.0,1.0016193775087847,-0.0143843665719032
NIFTY,2026-07-27 09:55:00,24003.65,1.0,-0.1158129450473346,23999.17075469844,TRENDING_BULL,-0.0145965358242392,0.25,-0.0001041615526793,0.268944290487043,0.268949134727235,-0.0001041615526793,0.0106465294804651,NEUTRAL,0.462106574785722,,,0.0,0.0,0.0,0.0,0.0,100.0,1.0016193775087847,0.0,0.0,59.15875169605516,31.078978090476,13.335714285714598,0.0,1.0016193775087847,-0.0172612398862838
NIFTY,2026-07-27 09:45:00,24003.65,1.0,12.004292938401449,24000.05178505357,TRENDING_BEAR,-0.0139845004305243,0.2,0.0015320561284926,0.2788530608164042,0.2691667648719513,0.0015320561284926,0.115010908687002,NEUTRAL,0.4519801743116445,,,0.0,0.0,0.0,0.0,0.0,100.0,1.0098935203084674,0.0,0.0,58.833411733081405,34.0139914230489,78.42857142857143,0.0,1.0098935203084674,-0.0156981121748685
NIFTY,2026-07-27 16:00:00,25215.67,1.0,54.71801040884674,25187.77673634911,TRANSITION,-0.0135149350389838,0.2,0.0099259079390404,0.3737023809559884,0.2689494056680885,0.0099259079390404,0.1961468090739414,NEUTRAL,0.357348213375923,,,-0.0008333333333333,0.1666666666666666,16.666666666666664,0.0,16.666666666666664,83.33333333333334,1.0,0.0,0.0,,,,,1.0,-0.0132738053798675
NIFTY,2026-07-27T09:45:00,24003.65,1.0,12.004292938401449,24000.62215163485,TRENDING_BEAR,-0.0139845004305243,0.2,0.0010749813512652,0.2736891257150484,0.2692411788639515,0.0010749813512652,0.0988218098398122,NEUTRAL,0.457069695421,-0.0007415538886795,True,0.0,0.0,0.0,0.0,0.0,100.0,1.0098935203084674,0.0,0.0,58.833411733081405,34.0139914230489,78.42857142857143,0.0,1.0098935203084674,-0.0156981121748685
NIFTY,2026-07-27 09:55:00,24003.65,1.0,-0.1158129450473346,23999.861898597337,TRENDING_BULL,-0.0145965358242392,0.25,-0.0003082656047817,0.2689445556552303,0.2689498476119456,-0.0003082656047817,0.0495446124827136,NEUTRAL,0.462105596732824,,,0.0,0.0,0.0,0.0,0.0,100.0,1.0016193775087847,0.0,0.0,59.15875169605516,31.078978090476,13.335714285714598,0.0,1.0016193775087847,-0.0172612398862838
NIFTY,2026-07-27 09:55:00,24003.65,1.0,-0.1158129450473346,23998.845771001783,TRENDING_BULL,-0.0145965358242392,0.25,-0.000636750044358,0.2689438476585921,0.2689479442179513,-0.000636750044358,0.1131339005001518,NEUTRAL,0.4621082081234565,,,0.0,0.0,0.0,0.0,0.0,100.0,1.0016193775087847,0.0,0.0,59.15875169605516,31.078978090476,13.335714285714598,0.0,1.0016193775087847,-0.0172612398862838
NIFTY,2026-07-27 09:55:00,24003.65,1.0,-0.1158129450473346,23999.1205962426,TRENDING_BULL,-0.0145965358242392,0.25,-0.0003304747697394,0.2689441660648581,0.2689488002278153,-0.0003304747697394,0.0683584842847133,NEUTRAL,0.4621070337073265,,,0.0,0.0,0.0,0.0,0.0,100.0,1.0016193775087847,0.0,0.0,59.15875169605516,31.078978090476,13.335714285714598,0.0,1.0016193775087847,-0.0172612398862838
NIFTY,2026-07-27 09:55:00,24003.65,1.0,-0.1158129450473346,23999.19984743697,TRENDING_BULL,-0.0145965358242392,0.25,-0.0004694649271635,0.268944439307369,0.2689495348193865,-0.0004694649271635,0.0957748072485933,NEUTRAL,0.4621060258732444,,,0.0,0.0,0.0,0.0,0.0,100.0,1.0016193775087847,0.0,0.0,59.15875169605516,31.078978090476,13.335714285714598,0.0,1.0016193775087847,-0.0172612398862838
NIFTY,2026-07-27 09:59:00,24003.65,1.0,1.150552849396142,24002.630332661178,TRENDING_BULL,-0.0137056643143296,0.25,-9.983264576571984e-06,0.268947079123454,0.268952092680825,-9.983264576571984e-06,0.0007169232974139,NEUTRAL,0.4621008281957209,,,0.0,0.0,0.0,0.0,0.0,100.0,0.99998750195282,0.0,0.0,72.4458204334031,22.587987122361085,6.292857142857299,0.0,0.99998750195282,-0.0156799111515283
NIFTY,2026-07-27 09:59:00,24003.65,1.0,1.150552849396142,24002.745410621632,TRENDING_BULL,-0.0137056643143296,0.25,-0.0004929561654399,0.2689514093676541,0.2689604305177202,-0.0004929561654399,0.0,NEUTRAL,0.4620881601146256,,,-0.0008333333333333,0.1666666666666666,16.666666666666664,0.0,16.666666666666664,83.33333333333334,0.99998750195282,0.0,0.0,72.4458204334031,22.587987122361085,6.292857142857299,0.0,0.99998750195282,-0.0156799111515283
NIFTY,2026-07-27 04:00:00,52210.08,1.5,420.51104601015,52105.56071536789,TRANSITION,-0.0100649315863847,0.2,-0.0053749187091406,0.2757096841376063,0.3218657249761674,-0.0053749187091406,0.1800557348336034,NEUTRAL,0.4024245908862263,,,0.0,0.0,0.0,0.0,0.0,100.0,1.0,0.0,0.0,,,,,1.0,-0.0121111292392015
NIFTY,2026-07-27 04:00:00,52210.08,1.5,420.51104601015,52082.01033481207,TRANSITION,-0.0100649315863847,0.2,-0.0053077975829447,0.2742192730038245,0.3200829033251741,-0.0053077975829447,0.1743772155188147,NEUTRAL,0.4056978236710014,,,0.0,0.0,0.0,0.0,0.0,100.0,1.0,0.0,0.0,,,,,1.0,-0.0121111292392015
NIFTY,2026-07-27 09:55:00,24003.65,1.0,-0.1158129450473346,23998.56965136181,TRENDING_BULL,-0.0145965358242392,0.25,-0.0004247271525757,0.2689440114697856,0.2689483846111515,-0.0004247271525757,0.0829001790301966,NEUTRAL,0.4621076039190628,,,0.0,0.0,0.0,0.0,0.0,100.0,1.0016193775087847,0.0,0.0,59.15875169605516,31.078978090476,13.335714285714598,0.0,1.0016193775087847,-0.0172612398862838
NIFTY,2026-07-27 09:55:00,24003.65,1.0,-0.1158129450473346,23999.49561049741,TRENDING_BULL,-0.0145965358242392,0.25,-0.000155056755496,0.2689445546506409,0.2689498449111813,-0.000155056755496,0.0,NEUTRAL,0.4621056004381777,,,0.0,0.0,0.0,0.0,0.0,100.0,1.0016193775087847,0.0,0.0,59.15875169605516,31.078978090476,13.335714285714598,0.0,1.0016193775087847,-0.0172612398862838
NIFTY,2026-07-27 09:55:00,24003.65,1.0,-0.1158129450473346,23998.831501360422,TRENDING_BULL,-0.0145965358242392,0.25,-0.0006080923675955,0.2689443570110695,0.2689493135720019,-0.0006080923675955,0.1243187941809866,NEUTRAL,0.4621063294169286,,,0.0,0.0,0.0,0.0,0.0,100.0,1.0016193775087847,0.0,0.0,59.15875169605516,31.078978090476,13.335714285714598,0.0,1.0016193775087847,-0.0172612398862838
NIFTY,2026-07-27 09:55:00,24003.65,1.0,-0.1158129450473346,23998.51696021472,TRENDING_BULL,-0.0145965358242392,0.25,-0.0006604305984458,0.2689438578622626,0.2689479716496895,-0.0006604305984458,0.1083007353660158,NEUTRAL,0.4621081704880478,,,0.0,0.0,0.0,0.0,0.0,100.0,1.0016193775087847,0.0,0.0,59.15875169605516,31.078978090476,13.335714285714598,0.0,1.0016193775087847,-0.0172612398862838
NIFTY,2026-07-27 04:00:00,52210.08,1.5,420.51104601015,52090.3536587559,TRANSITION,-0.0100649315863847,0.2,-0.0065223237769429,0.2741462112248262,0.3287819104632667,-0.0065223237769429,0.1968279419354676,NEUTRAL,0.3970718783119071,,,0.0,0.0,0.0,0.0,0.0,100.0,1.0,0.0,0.0,,,,,1.0,-0.0121111292392015
NIFTY,2026-07-27 09:55:00,24003.65,1.0,-0.1158129450473346,23999.120358920456,TRENDING_BULL,-0.0145965358242392,0.25,-0.0003290415263227,0.2689441644270869,0.2689487958247955,-0.0003290415263227,0.06672990416952,NEUTRAL,0.4621070397481176,,,0.0,0.0,0.0,0.0,0.0,100.0,1.0016193775087847,0.0,0.0,59.15875169605516,31.078978090476,13.335714285714598,0.0,1.0016193775087847,-0.0172612398862838
NIFTY,2026-07-27 04:00:00,52210.08,1.5,420.51104601015,52102.44531431749,TRANSITION,-0.0100649315863847,0.2,-0.0053931332772906,0.2752281755066196,0.3199987614502571,-0.0053931332772906,0.1849497503640761,NEUTRAL,0.4047730630431232,,,0.0,0.0,0.0,0.0,0.0,100.0,1.0,0.0,0.0,,,,,1.0,-0.0121111292392015
NIFTY,2026-07-27 23:00:00,95.9,1.0,-0.8820201416721528,96.25430357623968,TRANSITION,-0.0139395650476217,0.2,0.0027977752765281,0.2987692465858299,0.2691009258403754,0.0027977752765281,0.199374092412846,NEUTRAL,0.4321298275737947,,,-0.0008333333333333,0.1666666666666666,16.666666666666664,0.0,16.666666666666664,83.33333333333334,1.0,0.0,0.0,,,,,1.0,-0.0129977647215127
NIFTY,2026-07-27 09:59:00,24003.65,1.0,1.150552849396142,24002.45135454749,TRENDING_BULL,-0.0137056643143296,0.25,-0.0001191483621066,0.268947751840504,0.2689533615272171,-0.0001191483621066,0.0,NEUTRAL,0.4620988866322789,,,0.0,0.0,0.0,0.0,0.0,100.0,0.99998750195282,0.0,0.0,72.4458204334031,22.587987122361085,6.292857142857299,0.0,0.99998750195282,-0.0156799111515283
NIFTY,2026-07-27 09:55:00,24003.65,1.0,-0.1158129450473346,23998.77472916829,TRENDING_BULL,-0.0145965358242392,0.25,-0.0002095469825203,0.2689444401839301,0.2689494223897259,-0.0002095469825203,0.0394333385215777,NEUTRAL,0.4621061374263439,,,0.0008333333333333,0.1666666666666666,16.666666666666664,16.666666666666664,0.0,83.33333333333334,1.0016193775087847,0.0,0.0,59.15875169605516,31.078978090476,13.335714285714598,0.0,1.0016193775087847,-0.0172612398862838
NIFTY,2026-07-27 23:00:00,95.9,1.0,-0.8820201416721528,96.20877151079377,TRANSITION,-0.0139395650476217,0.2,0.001732971812953,0.2966172742112387,0.2768629961719809,0.001732971812953,0.1050152415364125,NEUTRAL,0.4265197296167803,,,0.0,0.0,0.0,0.0,0.0,100.0,1.0,0.0,0.0,,,,,1.0,-0.0129977647215127
NIFTY,2026-07-27 09:59:00,24003.65,1.0,1.150552849396142,24002.73370184473,TRENDING_BULL,-0.0137056643143296,0.25,-4.559674458288752e-05,0.2689471592815824,0.2689522438711201,-4.559674458288752e-05,0.0004591685553962,NEUTRAL,0.4621005968472975,,,0.0,0.0,0.0,0.0,0.0,100.0,0.99998750195282,0.0,0.0,72.4458204334031,22.587987122361085,6.292857142857299,0.0,0.99998750195282,-0.0156799111515283
NIFTY,2026-07-27 09:55:00,24003.65,1.0,-0.1158129450473346,23999.021608809897,TRENDING_BULL,-0.0145965358242392,0.25,-0.0005255512869051,0.2689440703552262,0.268948542919986,-0.0005255512869051,0.0995013550797037,NEUTRAL,0.4621073867247878,,,0.0,0.0,0.0,0.0,0.0,100.0,1.0016193775087847,0.0,0.0,59.15875169605516,31.078978090476,13.335714285714598,0.0,1.0016193775087847,-0.0172612398862838
NIFTY,2026-07-27 09:59:00,24003.65,1.0,1.150552849396142,24002.73323115483,TRENDING_BULL,-0.0137056643143296,0.25,-8.130207010616916e-05,0.2689474065357903,0.2689527102299302,-8.130207010616916e-05,0.0001962579531925,NEUTRAL,0.4620998832342793,,,0.0,0.0,0.0,0.0,0.0,100.0,0.99998750195282,0.0,0.0,72.4458204334031,22.587987122361085,6.292857142857299,0.0,0.99998750195282,-0.0156799111515283
NIFTY,2026-07-26 22:00:00,25361.03,1.5,397.9760746623645,25205.23043913941,TRANSITION,-0.0079457778483629,0.2,-0.0075950073947069,0.2743673500100293,0.3284209544827497,-0.0075950073947069,0.2181551810048844,NEUTRAL,0.3972116955072209,,,0.0,0.0,0.0,0.0,0.0,100.0,1.0,0.0,0.0,,,,,1.0,-0.0129305116832256
NIFTY,2026-07-27 09:55:00,24003.65,1.0,-0.1158129450473346,23998.753885422742,TRENDING_BULL,-0.0145965358242392,0.25,-0.0004279102005797,0.2689450163264754,0.2689510860936941,-0.0004279102005797,0.1172775118928294,NEUTRAL,0.4621038975798305,,,0.0,0.0,0.0,0.0,0.0,100.0,1.0016193775087847,0.0,0.0,59.15875169605516,31.078978090476,13.335714285714598,0.0,1.0016193775087847,-0.0172612398862838
NIFTY,2026-07-27 09:55:00,24003.65,1.0,-0.1158129450473346,23999.103369356868,TRENDING_BULL,-0.0145965358242392,0.25,-0.0003376623472501,0.268943873447996,0.2689480135506677,-0.0003376623472501,0.051717730708813,NEUTRAL,0.4621081130013362,,,0.0,0.0,0.0,0.0,0.0,100.0,1.0016193775087847,0.0,0.0,59.15875169605516,31.078978090476,13.335714285714598,0.0,1.0016193775087847,-0.0172612398862838
NIFTY,2026-07-27 09:59:00,24003.65,1.0,1.150552849396142,24002.402083969144,TRENDING_BULL,-0.0137056643143296,0.25,-2.895909056044926e-05,0.2689470956343246,0.2689521238228099,-2.895909056044926e-05,0.0005776637137396,NEUTRAL,0.4621007805428654,,,0.0,0.0,0.0,0.0,0.0,100.0,0.99998750195282,0.0,0.0,72.4458204334031,22.587987122361085,6.292857142857299,0.0,0.99998750195282,-0.0156799111515283
NIFTY,2026-07-27 04:00:00,24932.08,1.5,41.093772312859016,25027.91287447997,TRANSITION,-0.0026866735424846,0.2,0.0078187274342115,0.3608070345058521,0.2689433136862743,0.0078187274342115,0.25,NEUTRAL,0.3702496518078736,,,0.0,0.0,0.0,0.0,0.0,100.0,1.0,0.0,0.0,,,,,1.0,-0.0064454236999154
NIFTY,2026-07-27 04:00:00,24932.08,1.5,41.093772312859016,25021.69866937445,TRANSITION,-0.0026866735424846,0.2,0.0077555889844365,0.3620887812127086,0.2689433474261408,0.0077555889844365,0.25,NEUTRAL,0.3689678713611505,,,0.0,0.0,0.0,0.0,0.0,100.0,1.0,0.0,0.0,,,,,1.0,-0.0064454236999154
NIFTY,2026-07-27 09:59:00,24003.65,1.0,1.150552849396142,24002.73387654594,TRENDING_BULL,-0.0137056643143296,0.25,-0.000502336371929,0.2689516309093858,0.2689606780741719,-0.000502336371929,0.0,NEUTRAL,0.4620876910164422,,,0.0,0.0,0.0,0.0,0.0,100.0,0.99998750195282,0.0,0.0,72.4458204334031,22.587987122361085,6.292857142857299,0.0,0.99998750195282,-0.0156799111515283
NIFTY,2026-07-27 09:55:00,24003.65,1.0,-0.1158129450473346,23998.73208483926,TRENDING_BULL,-0.0145965358242392,0.25,-0.000225940922193,0.268944280551783,0.268949108017051,-0.000225940922193,0.0332209844942207,NEUTRAL,0.462106611431166,,,0.0,0.0,0.0,0.0,0.0,100.0,1.0016193775087847,0.0,0.0,59.15875169605516,31.078978090476,13.335714285714598,0.0,1.0016193775087847,-0.0172612398862838
NIFTY,2026-07-27 09:59:00,24003.65,1.0,1.150552849396142,24002.66633750068,TRENDING_BULL,-0.0137056643143296,0.25,-5.797027754084e-05,0.2689472310594671,0.2689523792550354,-5.797027754084e-05,0.0003705149947276,NEUTRAL,0.4621003896854974,,,0.0,0.0,0.0,0.0,0.0,100.0,0.99998750195282,0.0,0.0,72.4458204334031,22.587987122361085,6.292857142857299,0.0,0.99998750195282,-0.0156799111515283
NIFTY,2026-07-27 09:55:00,24003.65,1.0,-0.1158129450473346,23998.13298377624,TRENDING_BULL,-0.0145965358242392,0.25,-0.000377384436758,0.2689440238071349,0.2689484177791331,-0.000377384436758,0.0617320463118263,NEUTRAL,0.4621075584137318,,,0.0,0.0,0.0,0.0,0.0,100.0,1.0016193775087847,0.0,0.0,59.15875169605516,31.078978090476,13.335714285714598,0.0,1.0016193775087847,-0.0172612398862838
NIFTY,2026-07-27 09:55:00,24003.65,1.0,-0.1158129450473346,23997.55795394384,TRENDING_BULL,-0.0145965358242392,0.25,-0.0004119108154192,0.2689440263567499,0.2689484246335704,-0.0004119108154192,0.0608540012138289,NEUTRAL,0.4621075490096796,,,0.0,0.0,0.0,0.0,0.0,100.0,1.0016193775087847,0.0,0.0,59.15875169605516,31.078978090476,13.335714285714598,0.0,1.0016193775087847,-0.0172612398862838
NIFTY,2026-07-27 09:59:00,24003.65,1.0,1.150552849396142,24002.683952251453,TRENDING_BULL,-0.0137056643143296,0.25,-6.540409506640437e-05,0.2689472821350265,0.2689524755912556,-6.540409506640437e-05,0.0003162771402126,NEUTRAL,0.4621002422737179,,,0.0,0.0,0.0,0.0,0.0,100.0,0.99998750195282,0.0,0.0,72.4458204334031,22.587987122361085,6.292857142857299,0.0,0.99998750195282,-0.0156799111515283
NIFTY,2026-07-27 09:59:00,24003.65,1.0,1.150552849396142,24002.864660579107,TRENDING_BULL,-0.0137056643143296,0.25,-5.26813409278326e-05,0.2689471981687167,0.2689523172181174,-5.26813409278326e-05,0.0004085948110898,NEUTRAL,0.4621004846131657,,,0.0,0.0,0.0,0.0,0.0,100.0,0.99998750195282,0.0,0.0,72.4458204334031,22.587987122361085,6.292857142857299,0.0,0.99998750195282,-0.0156799111515283
NIFTY,2026-07-27 09:55:00,24003.65,1.0,-0.1158129450473346,23999.201338444644,TRENDING_BULL,-0.0145965358242392,0.25,-0.0004960587925543,0.2689438991971346,0.268948082775141,-0.0004960587925543,0.0872163157303364,NEUTRAL,0.4621080180277243,,,0.0,0.0,16.666666666666664,16.666666666666664,16.666666666666664,66.66666666666667,1.0016193775087847,0.0,0.0,59.15875169605516,31.078978090476,13.335714285714598,0.0,1.0016193775087847,-0.0172612398862838
NIFTY,2026-07-27 09:59:00,24003.65,1.0,1.150552849396142,24002.674974304013,TRENDING_BULL,-0.0137056643143296,0.25,-2.7031091163830715e-05,0.2689463651649639,0.2689525839411936,-2.7031091163830715e-05,0.0007764266224578,NEUTRAL,0.4621010508938424,,,0.0,0.0,16.666666666666664,16.666666666666664,16.666666666666664,66.66666666666667,0.99998750195282,0.0,0.0,72.4458204334031,22.587987122361085,6.292857142857299,0.0,0.99998750195282,-0.0130665926262736
NIFTY,2026-07-27 04:00:00,7413.18,1.5,18.85162537911997,7419.85350720014,TRANSITION,-0.0092641049996018,0.2,0.0104509124693905,0.3768210181066785,0.2689433116945187,0.0104509124693905,0.25,NEUTRAL,0.3542356701988028,-0.0001462150154465,True,0.0,0.0,0.0,0.0,0.0,100.0,1.0,0.0,0.0,,,,,1.0,-0.0113191802054643
NIFTY,2026-07-27 23:00:00,95.68,1.0,-1.1332630810763784,96.09936828576602,TRANSITION,-0.0137566570192575,0.2,0.0043444227111537,0.3141793452163629,0.2689451777285213,0.0043444227111537,0.2380187545620777,NEUTRAL,0.4168754770551158,,,-0.0008333333333333,0.1666666666666666,16.666666666666664,0.0,16.666666666666664,83.33333333333334,1.0,0.0,0.0,,,,,1.0,-0.0097048981115221
NIFTY,2026-07-28T09:08:20,24911.99,1.0,-18.65597999712212,24893.44957854332,TRENDING_BEAR,-0.0122643643990159,0.2,-0.0026144236771036,0.2689414267093166,0.2795840643743603,-0.0026144236771036,0.1951872894066587,NEUTRAL,0.451474508916323,0.0054233749639006,False,0.0,0.0,0.0,0.0,0.0,100.0,1.0170837348456438,0.0,0.0,72.34748769600326,15.593552077944954,62.32428571428578,0.2589505526289996,1.0170837348456438,-0.0168255999684333
NIFTY,2026-07-28 09:12:07,24911.99,1.0,-18.65597999712212,24892.26580975913,TRENDING_BEAR,-0.0122643643990159,0.2,-0.0025813787521401,0.2689415411431647,0.2835845202148884,-0.0025813787521401,0.192959979199329,NEUTRAL,0.4474739386419468,,,-0.0016666666666666,0.3333333333333333,33.33333333333333,0.0,33.33333333333333,66.66666666666667,1.0170837348456438,0.0,0.0,72.34748769600326,15.593552077944954,62.32428571428578,0.2589505526289996,1.0170837348456438,-0.0168255999684333
NIFTY,2026-07-28 09:07:23,24911.99,1.0,-18.65597999712212,24896.878902234406,TRENDING_BEAR,-0.0122643643990159,0.2,-0.0029114024061813,0.2689436325094182,0.2875480424571429,-0.0029114024061813,0.1924309073553741,NEUTRAL,0.4435083250334388,,,0.0,0.0,16.666666666666664,16.666666666666664,16.666666666666664,66.66666666666667,1.0170837348456438,0.0,0.0,72.34748769600326,15.593552077944954,62.32428571428578,0.2589505526289996,1.0170837348456438,-0.0168255999684333
NIFTY,2026-07-27 04:00:00,24932.08,1.5,41.093772312859016,25023.681696193547,TRANSITION,-0.0026866735424846,0.2,0.007920247824891,0.3601935190547977,0.2689440068372207,0.007920247824891,0.25,NEUTRAL,0.3708624741079814,,,0.0008333333333333,0.1666666666666666,16.666666666666664,16.666666666666664,0.0,83.33333333333334,1.0,0.0,0.0,,,,,1.0,-0.0064454236999154
NIFTY,2026-07-28T09:08:12,24911.99,1.0,-18.65597999712212,24894.52267456023,TRENDING_BEAR,-0.0122643643990159,0.2,-0.0030042833023617,0.2689414275803285,0.2889792047544854,-0.0030042833023617,0.211154515833912,NEUTRAL,0.4420793676651859,0.0056945782818812,False,0.0,0.0,0.0,0.0,0.0,100.0,1.0170837348456438,0.0,0.0,72.34748769600326,15.593552077944954,62.32428571428578,0.2589505526289996,1.0170837348456438,-0.0168255999684333
NIFTY,2026-07-27 04:00:00,7413.18,1.5,18.85162537911997,7421.216504719393,TRANSITION,-0.0092641049996018,0.2,0.0114137909662108,0.3772065778035349,0.268948329902998,0.0114137909662108,0.2296070374124611,NEUTRAL,0.353845092293467,,,0.0,0.0,0.0,0.0,0.0,100.0,1.0,0.0,0.0,,,,,1.0,-0.0113191802054643
NIFTY,2026-07-27 09:55:00,24003.65,1.0,-0.1158129450473346,23999.09360716791,TRENDING_BULL,-0.0145965358242392,0.25,-0.0003138229214437,0.2689441184866912,0.2689487371839004,-0.0003138229214437,0.0619342990512354,NEUTRAL,0.4621071443294084,,,-0.0008333333333333,0.1666666666666666,16.666666666666664,0.0,16.666666666666664,83.33333333333334,1.0016193775087847,0.0,0.0,59.15875169605516,31.078978090476,13.335714285714598,0.0,1.0016193775087847,-0.0172612398862838
NIFTY,2026-07-27 04:00:00,7413.18,1.5,18.85162537911997,7419.795027505102,TRANSITION,-0.0092641049996018,0.2,0.0114983728335785,0.3770943795242024,0.2689441706365894,0.0114983728335785,0.25,NEUTRAL,0.3539614498392081,,,0.0,0.0,0.0,0.0,0.0,100.0,1.0,0.0,0.0,,,,,1.0,-0.0113191802054643
NIFTY,2026-07-27 04:00:00,7413.18,1.5,18.85162537911997,7420.155937371541,TRANSITION,-0.0092641049996018,0.2,0.0113828245154397,0.377075406813485,0.2689434362234825,0.0113828245154397,0.25,NEUTRAL,0.3539811569630324,,,0.0,0.0,0.0,0.0,0.0,100.0,1.0,0.0,0.0,,,,,1.0,-0.0113191802054643
NIFTY,2026-07-28 09:07:23,24911.99,1.0,-18.65597999712212,24891.663367150388,TRENDING_BEAR,-0.0122643643990159,0.2,-0.0027505224090715,0.2689414264842606,0.2824558999795509,-0.0027505224090715,0.1887110841290919,NEUTRAL,0.4486026735361884,,,0.0,0.0,16.666666666666664,16.666666666666664,16.666666666666664,66.66666666666667,1.0170837348456438,0.0,0.0,72.34748769600326,15.593552077944954,62.32428571428578,0.2589505526289996,1.0170837348456438,-0.0168255999684333
NIFTY,2026-07-27 04:00:00,7413.18,1.5,18.85162537911997,7419.612569284707,TRANSITION,-0.0092641049996018,0.2,0.0097417555511662,0.376577110198864,0.2689467775700671,0.0097417555511662,0.25,NEUTRAL,0.3544761122310689,,,0.0,0.0,0.0,0.0,0.0,100.0,1.0,0.0,0.0,,,,,1.0,-0.0113191802054643
NIFTY,2026-07-28 09:12:07,24911.99,1.0,-18.65597999712212,24892.82619425868,TRENDING_BEAR,-0.0122643643990159,0.2,-0.002804026080092,0.2690036208438115,0.283835265881364,-0.002804026080092,0.1961768774682079,NEUTRAL,0.4471611132748244,,,0.0,0.0,0.0,0.0,0.0,100.0,1.0170837348456438,0.0,0.0,72.34748769600326,15.593552077944954,62.32428571428578,0.2589505526289996,1.0170837348456438,-0.0168255999684333
NIFTY,2026-07-27 04:00:00,7413.18,1.5,18.85162537911997,7420.5131675930015,TRANSITION,-0.0092641049996018,0.2,0.0113663003685601,0.3768377145052468,0.268950129887314,0.0113663003685601,0.2438884728619234,NEUTRAL,0.3542121556074392,,,0.0,0.0,16.666666666666664,16.666666666666664,16.666666666666664,66.66666666666667,1.0,0.0,0.0,,,,,1.0,-0.0113191802054643
NIFTY,2026-07-27 04:00:00,7413.18,1.5,18.85162537911997,7420.029984164575,TRANSITION,-0.0092641049996018,0.2,0.0105071104880652,0.3771364237103285,0.2689434259421655,0.0105071104880652,0.25,NEUTRAL,0.3539201503475059,,,0.0,0.0,0.0,0.0,0.0,100.0,1.0,0.0,0.0,,,,,1.0,-0.0113191802054643
NIFTY,2026-07-27 04:00:00,7413.18,1.5,18.85162537911997,7419.627159974586,TRANSITION,-0.0092641049996018,0.2,0.0112881436456269,0.3771225864405872,0.2689461606254362,0.0112881436456269,0.2490148418742525,NEUTRAL,0.3539312529339766,,,0.0,0.0,0.0,0.0,0.0,100.0,1.0,0.0,0.0,,,,,1.0,-0.0113191802054643
NIFTY,2026-07-28 09:12:07,24911.99,1.0,-18.65597999712212,24893.27005696143,TRENDING_BEAR,-0.0122643643990159,0.2,-0.0028342133980396,0.2689414266369831,0.2860489182552499,-0.0028342133980396,0.1840219751983757,NEUTRAL,0.4450096551077669,,,0.0,0.0,0.0,0.0,0.0,100.0,1.0170837348456438,0.0,0.0,72.34748769600326,15.593552077944954,62.32428571428578,0.2589505526289996,1.0170837348456438,-0.0168255999684333
NIFTY,2026-07-28T09:12:07,24911.99,1.0,-18.65597999712212,24895.329555020267,TRENDING_BEAR,-0.0122643643990159,0.2,-0.0026938963225668,0.2689987196611006,0.2842207302368567,-0.0026938963225668,0.1846245771708746,NEUTRAL,0.4467805501020426,-0.0007626366390644,True,0.0,0.0,0.0,0.0,0.0,100.0,1.0170837348456438,0.0,0.0,72.34748769600326,15.593552077944954,62.32428571428578,0.2589505526289996,1.0170837348456438,-0.0168255999684333
NIFTY,2026-07-27 04:00:00,7413.18,1.5,18.85162537911997,7421.480122137147,TRANSITION,-0.0092641049996018,0.2,0.0113787424343885,0.3768658790311009,0.2689451735323622,0.0113787424343885,0.25,NEUTRAL,0.3541889474365369,,,-0.0008333333333333,0.1666666666666666,16.666666666666664,0.0,16.666666666666664,83.33333333333334,1.0,0.0,0.0,,,,,1.0,-0.0113191802054643
NIFTY,2026-07-27 04:00:00,7413.18,1.5,18.85162537911997,7418.89632889599,TRANSITION,-0.0092641049996018,0.2,0.0115944135139727,0.376977634372,0.2689477219220119,0.0115944135139727,0.25,NEUTRAL,0.3540746437059882,,,0.0,0.0,0.0,0.0,0.0,100.0,1.0,0.0,0.0,,,,,1.0,-0.0113191802054643
NIFTY,2026-07-27 04:00:00,7413.18,1.5,18.85162537911997,7418.905742007977,TRANSITION,-0.0092641049996018,0.2,0.0117455976230607,0.3772284446947926,0.2689454603703404,0.0117455976230607,0.25,NEUTRAL,0.3538260949348669,,,-0.0008333333333333,0.1666666666666666,16.666666666666664,0.0,16.666666666666664,83.33333333333334,1.0,0.0,0.0,,,,,1.0,-0.0113191802054643
NIFTY,2026-07-27 15:00:00,62046.46,1.0,-2961.783376878127,63518.3195723472,TRANSITION,-0.0046164435334503,0.2,0.0048209668739946,0.317313076584549,0.2910961430630152,0.0048209668739946,0.1151421992212746,NEUTRAL,0.3915907803524356,,,0.0,0.0,0.0,0.0,0.0,100.0,1.0,0.0,0.0,,,,,1.0,0.0019343073014169
NIFTY,2026-07-27 15:00:00,62046.46,1.0,-2961.783376878127,63545.08093076786,TRANSITION,-0.0046164435334503,0.2,0.0068635986445378,0.3259000536446403,0.2870915523710789,0.0068635986445378,0.1374698178568558,NEUTRAL,0.3870083939842807,,,0.0,0.0,0.0,0.0,0.0,100.0,1.0,0.0,0.0,,,,,1.0,0.0019343073014169
NIFTY,2026-07-27 15:00:00,62012.4,1.0,-3000.6803519513423,63476.87759869193,TRANSITION,-0.0046164435334503,0.2,0.0045730700996863,0.3174361864098843,0.289931790609188,0.0045730700996863,0.1140154185416656,NEUTRAL,0.3926320229809276,,,0.0008333333333333,0.1666666666666666,16.666666666666664,16.666666666666664,0.0,83.33333333333334,1.0,0.0,0.0,,,,,1.0,0.0016119227511808
NIFTY,2026-07-27 00:00:00,12.66,1.0,-1.5861821592313827,13.147768625577331,HIGH_VOLATILITY,0.0247512385249137,0.2,0.0042287817739545,0.3182287850299301,0.2989041254009068,0.0042287817739545,0.0854731839669936,NEUTRAL,0.382867089569163,,,0.0,0.0,16.666666666666664,16.666666666666664,16.666666666666664,66.66666666666667,0.926040061633282,0.0,0.0,54.41048034927845,20.0,1.6099999999999997,0.0,0.926040061633282,0.0126006267964839
NIFTY,2026-07-27 09:59:00,24003.65,1.0,1.150552849396142,24002.601290907693,TRENDING_BULL,-0.0137056643143296,0.25,0.0001607279462316,0.2689485182127507,0.2689548070236815,0.0001607279462316,0.002779429003221,NEUTRAL,0.4620966747635678,,,0.0,0.0,16.666666666666664,16.666666666666664,16.666666666666664,66.66666666666667,0.99998750195282,0.0,0.0,72.4458204334031,22.587987122361085,6.292857142857299,0.0,0.99998750195282,-0.0156799111515283
NIFTY,2026-07-27T09:55:00,24003.65,1.0,-0.1158129450473346,23998.6188657326,TRENDING_BULL,-0.0145965358242392,0.25,-0.0004579862835053,0.2689442120120122,0.2689489237531655,-0.0004579862835053,0.0910543502147352,NEUTRAL,0.4621068642348223,0.000649901160865,True,0.0,0.0,0.0,0.0,0.0,100.0,1.0016193775087847,0.0,0.0,59.15875169605516,31.078978090476,13.335714285714598,0.0,1.0016193775087847,-0.0172612398862838
NIFTY,2026-07-28T09:07:23,24911.99,1.0,-18.65597999712212,24895.750175441943,TRENDING_BEAR,-0.0122643643990159,0.2,-0.0029055558403407,0.2689697608901066,0.2889806318802232,-0.0029055558403407,0.2065416019116672,NEUTRAL,0.44204960722967,0.0056945782818812,False,0.0,0.0,16.666666666666664,16.666666666666664,16.666666666666664,66.66666666666667,1.0170837348456438,0.0,0.0,72.34748769600326,15.593552077944954,62.32428571428578,0.2589505526289996,1.0170837348456438,-0.0168255999684333
NIFTY,2026-07-27 00:00:00,12.66,1.0,-1.5861821592313827,13.120133091465991,HIGH_VOLATILITY,0.0247512385249137,0.2,0.0043706585678056,0.3190201138470911,0.2977193651781454,0.0043706585678056,0.0777941003921706,NEUTRAL,0.3832605209747634,,,0.0,0.0,0.0,0.0,0.0,100.0,0.926040061633282,0.0,0.0,54.41048034927845,20.0,1.6099999999999997,0.0,0.926040061633282,0.0126006267964839
NIFTY,2026-07-27 04:00:00,24932.08,1.5,41.093772312859016,25029.390564814126,TRANSITION,-0.0026866735424846,0.2,0.0074872261157429,0.3629039119490137,0.2689430001902644,0.0074872261157429,0.25,NEUTRAL,0.3681530878607218,-0.0001462150154465,True,0.0008333333333333,0.1666666666666666,16.666666666666664,16.666666666666664,0.0,83.33333333333334,1.0,0.0,0.0,,,,,1.0,-0.0053711864165961
NIFTY,2026-07-27 23:00:00,95.69,1.0,-1.1218429474671057,96.12325517008117,TRANSITION,-0.0137566570192575,0.2,0.0027274637830634,0.305992563261522,0.2779522933296433,0.0027274637830634,0.1473599510678783,NEUTRAL,0.4160551434088346,,,0.0,0.0,16.666666666666664,16.666666666666664,16.666666666666664,66.66666666666667,1.0,0.0,0.0,,,,,1.0,-0.0116458777338266
NIFTY,2026-07-28 09:16:02,24911.99,1.0,-18.65597999712212,24892.884750870628,TRENDING_BEAR,-0.0122643643990159,0.2,-0.0028995622184639,0.268987083967437,0.2875951284589942,-0.0028995622184639,0.18716215158201,NEUTRAL,0.4434177875735686,,,0.0,0.0,0.0,0.0,0.0,100.0,1.0170837348456438,0.0,0.0,72.34748769600326,15.593552077944954,62.32428571428578,0.2589505526289996,1.0170837348456438,-0.0168255999684333
NIFTY,2026-07-28 09:16:02,24911.99,1.0,-18.65597999712212,24893.151339716373,TRENDING_BEAR,-0.0122643643990159,0.2,-0.0026775347361909,0.2689414265562821,0.2832943926938656,-0.0026775347361909,0.1903851117088371,NEUTRAL,0.4477641807498522,,,0.0,0.0,16.666666666666664,16.666666666666664,16.666666666666664,66.66666666666667,1.0170837348456438,0.0,0.0,72.34748769600326,15.593552077944954,62.32428571428578,0.2589505526289996,1.0170837348456438,-0.0168255999684333
NIFTY,2026-07-27 23:00:00,95.68,1.0,-1.1332630810763784,96.08809169653792,TRANSITION,-0.0137566570192575,0.2,0.0043752391257167,0.3134648601264549,0.2774704880734379,0.0043752391257167,0.1523613938302851,NEUTRAL,0.4090646518001072,,,0.0,0.0,0.0,0.0,0.0,100.0,1.0,0.0,0.0,,,,,1.0,-0.0116458777338266
NIFTY,2026-07-27 04:00:00,52210.08,1.5,420.51104601015,52078.77991992318,TRANSITION,-0.0100649315863847,0.2,-0.0066973940267917,0.2725098693965805,0.3260382915787606,-0.0066973940267917,0.2193778915680461,NEUTRAL,0.4014518390246587,,,0.0,0.0,0.0,0.0,0.0,100.0,1.0,0.0,0.0,,,,,1.0,-0.0121111292392015
NIFTY,2026-07-27 04:00:00,24932.08,1.5,41.093772312859016,25038.05105965964,TRANSITION,-0.0026866735424846,0.2,0.0076811849704828,0.3616478381079872,0.2689434977661915,0.0076811849704828,0.25,NEUTRAL,0.3694086641258213,,,0.0,0.0,0.0,0.0,0.0,100.0,1.0,0.0,0.0,,,,,1.0,-0.0064454236999154
NIFTY,2026-07-27 23:00:00,95.67,1.0,-1.1446832146856674,96.11033459109184,TRANSITION,-0.0137566570192575,0.2,0.0044115519099737,0.3106032927301527,0.2690035596491592,0.0044115519099737,0.2150198885700016,NEUTRAL,0.4203931476206881,,,0.0,0.0,16.666666666666664,16.666666666666664,16.666666666666664,66.66666666666667,1.0,0.0,0.0,,,,,1.0,-0.0116458777338266
NIFTY,2026-07-27 04:00:00,7413.18,1.5,18.85162537911997,7419.39566399801,TRANSITION,-0.0092641049996018,0.2,0.0094832680409428,0.3768529875757222,0.268945757661568,0.0094832680409428,0.25,NEUTRAL,0.3542012547627097,-0.0001462150154465,True,0.0,0.0,0.0,0.0,0.0,100.0,1.0,0.0,0.0,,,,,1.0,-0.0113191802054643
NIFTY,2026-07-28T09:16:02,24911.99,1.0,-18.65597999712212,24892.386319171448,TRENDING_BEAR,-0.0122643643990159,0.2,-0.0027036838553133,0.2689414268602117,0.2846890602793051,-0.0027036838553133,0.2033959102506034,NEUTRAL,0.4463695128604831,-0.0004627699491369,True,0.0,0.0,0.0,0.0,0.0,100.0,1.0170837348456438,0.0,0.0,72.34748769600326,15.593552077944954,62.32428571428578,0.2589505526289996,1.0170837348456438,-0.0168255999684333
NIFTY,2026-07-28 03:45:00,24029.4,1.5,27.43626407156388,24014.097857840963,TRENDING_BULL,-0.0132630011066794,0.25,-0.0001514688517524,0.2692231525302113,0.2689439566905539,-0.0001514688517524,0.0,NEUTRAL,0.4618328907792347,,,-0.0008333333333333,0.1666666666666666,16.666666666666664,0.0,16.666666666666664,83.33333333333334,1.0041944752946868,0.0,0.0,67.04980842911093,34.041732683286774,17.671428571428674,0.0,1.0041944752946868,-0.0163534920662641
NIFTY,2026-07-27 15:00:00,62105.52,1.0,-2894.336067781704,63577.2665925793,TRANSITION,-0.0046164435334503,0.2,0.0064703629283811,0.3256642739560806,0.2854737670137773,0.0064703629283811,0.1457710698046073,NEUTRAL,0.388861959030142,,,0.0008333333333333,0.1666666666666666,16.666666666666664,16.666666666666664,0.0,83.33333333333334,1.0,0.0,0.0,,,,,1.0,0.0019343073014169
BANKNIFTY,2026-07-26T22:00:00,25361.03,1.5,397.9760746623645,25205.57806422489,TRANSITION,1193.9282239870936,0.2,-0.0064513005225386,0.2857431847403184,0.3264201183221455,-0.0064513005225386,0.1677125132747315,NEUTRAL,0.387836696937536,,,0.0008333333333333,0.1666666666666666,16.666666666666664,16.666666666666664,0.0,83.33333333333334,1.0,0.0,0.0,,,,,1.0,1989.8803733118225
NIFTY,2026-07-28 03:49:00,24029.4,1.0453589766447062,-5.665108968744363,24027.044715358585,TRENDING_BULL,-0.0141564840450882,0.25,-0.0002870305704749,0.268944207814513,0.2689789612691855,-0.0002870305704749,0.0017104622867894,NEUTRAL,0.4620768309163015,,,-0.0008333333333333,0.1666666666666666,16.666666666666664,0.0,16.666666666666664,83.33333333333334,1.003218260556207,0.0,0.0,78.70452528835378,18.835709466249423,11.30357142857117,0.0,1.003218260556207,-0.0161482483148574
NIFTY,2026-07-27 15:00:00,62292.56,1.0,-2680.733888753673,63671.32723294895,TRANSITION,-0.0046164435334503,0.2,0.0066985095481356,0.325507279600113,0.2847196012880927,0.0066985095481356,0.1658511221174957,NEUTRAL,0.3897731191117942,,,0.0008333333333333,0.1666666666666666,16.666666666666664,16.666666666666664,0.0,83.33333333333334,1.0,0.0,0.0,,,,,1.0,0.0019343073014169
NIFTY,2026-07-28T03:49:00,24029.4,1.0453589766447062,-5.665108968744363,24027.739189055657,TRENDING_BULL,-0.0141564840450882,0.25,-0.0001515081812555,0.2689437692270983,0.2689727430974963,-0.0001515081812555,0.002513439518074,NEUTRAL,0.4620834876754054,-0.0021420089267434,True,0.0,0.0,0.0,0.0,0.0,100.0,1.003218260556207,0.0,0.0,78.70452528835378,18.835709466249423,11.30357142857117,0.0,1.003218260556207,-0.0161482483148574
NIFTY,2026-07-26 23:00:00,10781.8,1.5,65.89110514338951,10740.520369070766,TRANSITION,-0.005894333589822,0.2,-0.0053458406931536,0.2754553568700522,0.3238984408200782,-0.0053458406931536,0.127873856125993,NEUTRAL,0.4006462023098696,,,-0.0008333333333333,0.1666666666666666,16.666666666666664,0.0,16.666666666666664,83.33333333333334,1.0,0.0,0.0,,,,,1.0,-0.0122606288641691
NIFTY,2026-07-26 22:00:00,25361.03,1.5,397.9760746623645,25200.57426418509,TRANSITION,-0.0079457778483629,0.2,-0.0088923591479769,0.2766766900564384,0.3378040116536979,-0.0088923591479769,0.1917592967108663,NEUTRAL,0.3855192982898637,,,0.0,0.0,0.0,0.0,0.0,100.0,1.0,0.0,0.0,,,,,1.0,-0.0129305116832256
NIFTY,2026-07-26T22:00:00,25361.03,1.5,397.9760746623645,25186.52163203436,TRANSITION,-0.0079457778483629,0.2,-0.0086987899563512,0.2757220329856273,0.3379606564052763,-0.0086987899563512,0.1983651587561548,NEUTRAL,0.3863173106090963,,False,0.0008333333333333,0.1666666666666666,16.666666666666664,16.666666666666664,0.0,83.33333333333334,1.0,0.0,0.0,,,,,1.0,-0.0129305116832256
NIFTY,2026-07-28 03:50:00,24033.6,1.0012393760883331,6.853058679034007,24024.11214922896,TRENDING_BULL,-0.0143287843093276,0.25,-0.0007095389394411,0.2689497422003209,0.2689446433783712,-0.0007095389394411,0.0,NEUTRAL,0.4621056144213079,,,0.0008333333333333,0.1666666666666666,16.666666666666664,16.666666666666664,0.0,83.33333333333334,1.0058093604283955,0.0,0.0,65.44202066589168,36.21618406296152,17.192857142857196,0.0,1.0058093604283955,-0.0167460490018129
NIFTY,2026-07-26 23:00:00,10781.8,1.5,65.89110514338951,10740.9318223025,TRANSITION,-0.005894333589822,0.2,-0.0042280182609132,0.2812463918513037,0.3171423774249849,-0.0042280182609132,0.1539204874713703,NEUTRAL,0.4016112307237113,,,0.0,0.0,0.0,0.0,0.0,100.0,1.0,0.0,0.0,,,,,1.0,-0.0122606288641691
NIFTY,2026-07-28 03:50:00,24034.3,1.0012393760883331,7.652375911818162,24024.2570699546,TRENDING_BULL,-0.0143287843093276,0.25,-0.0006264588252622,0.268951152046483,0.2689445090912521,-0.0006264588252622,0.0,NEUTRAL,0.4621043388622648,,,0.0,0.0,0.0,0.0,0.0,100.0,1.0058969073024513,0.0,0.0,65.71753986331652,36.21618406296152,17.192857142857196,0.0,1.0058969073024513,-0.0167460490018129
NIFTY,2026-07-28T03:50:00,24034.3,1.0012393760883331,7.652375911818162,24023.57184223306,TRENDING_BULL,-0.0143287843093276,0.25,-0.0007040772729056,0.2689510254495189,0.2689444689200342,-0.0007040772729056,0.0,NEUTRAL,0.4621045056304468,-0.0001041016031646,True,0.0,0.0,0.0,0.0,0.0,100.0,1.0058969073024513,0.0,0.0,65.71753986331652,36.21618406296152,17.192857142857196,0.0,1.0058969073024513,-0.0167460490018129
NIFTY,2026-07-28T09:24:10,24911.99,1.0,-18.65597999712212,24893.283198548183,TRENDING_BEAR,-0.0122643643990159,0.2,-0.0029051507163506,0.2689443188008051,0.2875455565026206,-0.0029051507163506,0.1986230978995115,NEUTRAL,0.4435101246965742,0.0056945782818812,False,-0.0016666666666666,0.3333333333333333,33.33333333333333,0.0,33.33333333333333,66.66666666666667,1.0170837348456438,0.0,0.0,72.34748769600326,15.593552077944954,62.32428571428578,0.2589505526289996,1.0170837348456438,-0.0168255999684333
NIFTY,2026-07-27 15:00:00,62292.56,1.0,-2680.733888753673,63689.54593653339,TRANSITION,-0.0046164435334503,0.2,0.0055437244821226,0.3256917037059755,0.292640620138106,0.0055437244821226,0.1154988326961161,NEUTRAL,0.3816676761559185,,,0.0016666666666666,0.3333333333333333,33.33333333333333,33.33333333333333,0.0,66.66666666666667,1.0,0.0,0.0,,,,,1.0,0.0019343073014169
NIFTY,2026-07-28 09:24:03,24911.99,1.0,-18.65597999712212,24894.52267456023,TRENDING_BEAR,-0.0122643643990159,0.2,-0.0030042833023617,0.2689414275803285,0.2889792047544854,-0.0030042833023617,0.211154515833912,NEUTRAL,0.4420793676651859,,,0.0,0.0,0.0,0.0,0.0,100.0,1.0170837348456438,0.0,0.0,72.34748769600326,15.593552077944954,62.32428571428578,0.2589505526289996,1.0170837348456438,-0.0168255999684333
NIFTY,2026-07-28 09:27:14,24911.99,1.0,-18.65597999712212,24893.704030746227,TRENDING_BEAR,-0.0122643643990159,0.2,-0.0026380457369424,0.2689603624583741,0.2794036845198841,-0.0026380457369424,0.1936678425429194,NEUTRAL,0.4516359530217418,,,0.0,0.0,0.0,0.0,0.0,100.0,1.0170837348456438,0.0,0.0,72.34748769600326,15.593552077944954,62.32428571428578,0.2589505526289996,1.0170837348456438,-0.0168255999684333
NIFTY,2026-07-27 15:00:00,62292.56,1.0,-2680.733888753673,63671.32723294895,TRANSITION,-0.0046164435334503,0.2,0.0069277988874641,0.3261106192423935,0.284938862214459,0.0069277988874641,0.1662866009102138,NEUTRAL,0.3889505185431475,,,0.0,0.0,0.0,0.0,0.0,100.0,1.0,0.0,0.0,,,,,1.0,0.0019343073014169
NIFTY,2026-07-28 09:29:53,24911.99,1.0,-18.65597999712212,24891.93012740332,TRENDING_BEAR,-0.0122643643990159,0.2,-0.002789555320633,0.2689414405228281,0.2871103402736959,-0.002789555320633,0.2044022569648594,NEUTRAL,0.443948219203476,,,0.0,0.0,0.0,0.0,0.0,100.0,1.0170837348456438,0.0,0.0,72.34748769600326,15.593552077944954,62.32428571428578,0.2589505526289996,1.0170837348456438,-0.0168255999684333
NIFTY,2026-07-28 09:32:18,24911.99,1.0,-18.65597999712212,24891.09807223737,TRENDING_BEAR,-0.0122643643990159,0.2,-0.0028128459711865,0.2689414263510934,0.2854660758794582,-0.0028128459711865,0.1943939793917487,NEUTRAL,0.4455924977694483,,,0.0,0.0,0.0,0.0,0.0,100.0,1.0170837348456438,0.0,0.0,72.34748769600326,15.593552077944954,62.32428571428578,0.2589505526289996,1.0170837348456438,-0.0168255999684333
NIFTY,2026-07-28T09:24:15,24911.99,1.0,-18.65597999712212,24893.283198548183,TRENDING_BEAR,-0.0122643643990159,0.2,-0.0029051507163506,0.2689443188008051,0.2875455565026206,-0.0029051507163506,0.1986230978995115,NEUTRAL,0.4435101246965742,0.0056945782818812,False,-0.0016666666666666,0.3333333333333333,33.33333333333333,0.0,33.33333333333333,66.66666666666667,1.0170837348456438,0.0,0.0,72.34748769600326,15.593552077944954,62.32428571428578,0.2589505526289996,1.0170837348456438,-0.0168255999684333
NIFTY,2026-07-28T03:57:00,24001.05,1.0000030721061768,2.3776756967392663,24002.378758298724,TRENDING_BEAR,-0.0141078680753707,0.2,0.0005020775485788,0.268942006624892,0.2689421309654808,0.0005020775485788,0.1106410453870256,NEUTRAL,0.4621158624096272,-0.0003124863287231,True,0.0,0.0,16.666666666666664,16.666666666666664,16.666666666666664,66.66666666666667,0.9979265248681696,0.0,0.0,49.700996677731176,19.511432165259723,13.257142857142233,0.0,0.9979265248681696,-0.014384551718831
NIFTY,2026-07-28T09:29:39,24911.99,1.0,-18.65597999712212,24893.52161987671,TRENDING_BEAR,-0.0122643643990159,0.2,-0.0028334807736235,0.2689800583535792,0.2869055838233423,-0.0028334807736235,0.183638129578714,NEUTRAL,0.4441143578230784,,,0.0,0.0,0.0,0.0,0.0,100.0,1.0170837348456438,0.0,0.0,72.34748769600326,15.593552077944954,62.32428571428578,0.2589505526289996,1.0170837348456438,-0.0168255999684333
NIFTY,2026-07-28 09:29:40,24911.99,1.0,-18.65597999712212,24895.691042884737,TRENDING_BEAR,-0.0122643643990159,0.2,-0.0027222631223877,0.2689414264047328,0.2845770441531952,-0.0027222631223877,0.1881713518277138,NEUTRAL,0.446481529442072,,,0.0,0.0,0.0,0.0,0.0,100.0,1.0170837348456438,0.0,0.0,72.34748769600326,15.593552077944954,62.32428571428578,0.2589505526289996,1.0170837348456438,-0.0168255999684333
NIFTY,2026-07-28T03:53:00,24011.55,1.0003732929041882,-8.338427255875601,24016.22818384209,TRENDING_BULL,-0.0136411767452955,0.25,0.0004860815251844,0.2689440141327037,0.2690419314824101,0.0004860815251844,0.2298662330048168,NEUTRAL,0.4620140543848861,-0.0003226981731119,True,-0.0008333333333333,0.1666666666666666,16.666666666666664,0.0,16.666666666666664,83.33333333333334,0.9975781232119412,0.0,0.0,55.12483574243289,20.07819587985993,12.410714285714024,0.0,0.9975781232119412,-0.0129941413179039
NIFTY,2026-07-28T09:27:14,24911.99,1.0,-18.65597999712212,24895.31215329888,TRENDING_BEAR,-0.0122643643990159,0.2,-0.0028859561672058,0.2689567366618761,0.2886561946333801,-0.0028859561672058,0.2024602600326353,NEUTRAL,0.4423870687047437,0.0002101218344361,True,0.0,0.0,0.0,0.0,0.0,100.0,1.0170837348456438,0.0,0.0,72.34748769600326,15.593552077944954,62.32428571428578,0.2589505526289996,1.0170837348456438,-0.0168255999684333
NIFTY,2026-07-28T09:29:44,24911.99,1.0,-18.65597999712212,24891.716430445624,TRENDING_BEAR,-0.0122643643990159,0.2,-0.0029997524523605,0.2689414262113502,0.2878842129817731,-0.0029997524523605,0.2059259657690417,NEUTRAL,0.4431743608068766,,,0.0,0.0,0.0,0.0,0.0,100.0,1.0170837348456438,0.0,0.0,72.34748769600326,15.593552077944954,62.32428571428578,0.2589505526289996,1.0170837348456438,-0.0168255999684333
NIFTY,2026-07-28 09:29:54,24911.99,1.0,-18.65597999712212,24895.90990334369,TRENDING_BEAR,-0.0122643643990159,0.2,-0.0029593155776959,0.2689549401852274,0.2883341205412055,-0.0029593155776959,0.2087743650856919,NEUTRAL,0.4427109392735671,,,0.0,0.0,0.0,0.0,0.0,100.0,1.0170837348456438,0.0,0.0,72.34748769600326,15.593552077944954,62.32428571428578,0.2589505526289996,1.0170837348456438,-0.0168255999684333
NIFTY,2026-07-28T09:33:07,24911.99,1.0,-18.65597999712212,24895.49709003848,TRENDING_BEAR,-0.0122643643990159,0.2,-0.0025422225061652,0.2689414266482213,0.2800925245822338,-0.0025422225061652,0.1769950052926969,NEUTRAL,0.4509660487695449,0.0056945782818812,False,0.0,0.0,0.0,0.0,0.0,100.0,1.0170837348456438,0.0,0.0,72.34748769600326,15.593552077944954,62.32428571428578,0.2589505526289996,1.0170837348456438,-0.0168255999684333
NIFTY,2026-07-28T09:29:37,24911.99,1.0,-18.65597999712212,24895.23186933209,TRENDING_BEAR,-0.0122643643990159,0.2,-0.0026505849617515,0.2689437359397185,0.2837132570167824,-0.0026505849617515,0.1883163362808976,NEUTRAL,0.447343007043499,,,0.0,0.0,0.0,0.0,0.0,100.0,1.0170837348456438,0.0,0.0,72.34748769600326,15.593552077944954,62.32428571428578,0.2589505526289996,1.0170837348456438,-0.0168255999684333
NIFTY,2026-07-28T09:36:25,24911.99,1.0,-18.65597999712212,24895.3437062218,TRENDING_BEAR,-0.0122643643990159,0.2,-0.0026714226246734,0.2689882630328944,0.2859539077614789,-0.0026714226246734,0.1871351087935495,NEUTRAL,0.4450578292056266,-0.0041763699954455,True,0.0,0.0,0.0,0.0,0.0,100.0,1.0170837348456438,0.0,0.0,72.34748769600326,15.593552077944954,62.32428571428578,0.2589505526289996,1.0170837348456438,-0.0168255999684333
NIFTY,2026-07-27 04:00:00,7413.18,1.5,18.85162537911997,7422.442389065197,TRANSITION,-0.0092641049996018,0.2,0.0096054251370056,0.3760707203252905,0.268962460940288,0.0096054251370056,0.2197206872771,NEUTRAL,0.3549668187344216,,,0.0008333333333333,0.1666666666666666,16.666666666666664,16.666666666666664,0.0,83.33333333333334,1.0,0.0,0.0,,,,,1.0,-0.0113191802054643
NIFTY,2026-07-28T09:29:54,24911.99,1.0,-18.65597999712212,24893.809934787834,TRENDING_BEAR,-0.0122643643990159,0.2,-0.0024257664161492,0.2689418978682938,0.2801071216233536,-0.0024257664161492,0.1823759848343647,NEUTRAL,0.4509509805083525,0.0105092326049044,False,0.0,0.0,16.666666666666664,16.666666666666664,16.666666666666664,66.66666666666667,1.0170837348456438,0.0,0.0,72.34748769600326,15.593552077944954,62.32428571428578,0.2589505526289996,1.0170837348456438,-0.0168255999684333
NIFTY,2026-07-28T09:32:06,24911.99,1.0,-18.65597999712212,24894.048816817223,TRENDING_BEAR,-0.0122643643990159,0.2,-0.0028710977456101,0.2689414264217256,0.2914819495443653,-0.0028710977456101,0.2017150838159486,NEUTRAL,0.439576624033909,0.0056945782818812,False,0.0,0.0,0.0,0.0,0.0,100.0,1.0170837348456438,0.0,0.0,72.34748769600326,15.593552077944954,62.32428571428578,0.2589505526289996,1.0170837348456438,-0.0168255999684333
NIFTY,2026-07-27 04:00:00,7413.18,1.5,18.85162537911997,7420.219098620316,TRANSITION,-0.0092641049996018,0.2,0.009939938631553,0.3767397259184108,0.2689477315947776,0.009939938631553,0.25,NEUTRAL,0.3543125424868115,,,0.0,0.0,16.666666666666664,16.666666666666664,16.666666666666664,66.66666666666667,1.0,0.0,0.0,,,,,1.0,-0.0113191802054643
NIFTY,2026-07-27 04:00:00,7413.18,1.5,18.85162537911997,7420.760884208866,TRANSITION,-0.0092641049996018,0.2,0.0096118277984451,0.3761527813111932,0.268954122561285,0.0096118277984451,0.2474170323469447,NEUTRAL,0.3548930961275219,,,0.0,0.0,0.0,0.0,0.0,100.0,1.0,0.0,0.0,,,,,1.0,-0.0113191802054643
NIFTY,2026-07-28T09:29:53,24911.99,1.0,-18.65597999712212,24890.720796602447,TRENDING_BEAR,-0.0122643643990159,0.2,-0.0028847913907065,0.268941426416014,0.2874797739932203,-0.0028847913907065,0.2177398977211053,NEUTRAL,0.4435787995907657,0.0105092326049044,False,0.0,0.0,0.0,0.0,0.0,100.0,1.0170837348456438,0.0,0.0,72.34748769600326,15.593552077944954,62.32428571428578,0.2589505526289996,1.0170837348456438,-0.0168255999684333
NIFTY,2026-07-28T09:32:43,24911.99,1.0,-18.65597999712212,24892.775740052384,TRENDING_BEAR,-0.0122643643990159,0.2,-0.0029372071658321,0.2689414263304684,0.2872678088439331,-0.0029372071658321,0.2083969090874987,NEUTRAL,0.4437907648255985,,,0.0,0.0,16.666666666666664,16.666666666666664,16.666666666666664,66.66666666666667,1.0170837348456438,0.0,0.0,72.34748769600326,15.593552077944954,62.32428571428578,0.2589505526289996,1.0170837348456438,-0.0168255999684333
NIFTY,2026-07-27 04:00:00,7413.18,1.5,18.85162537911997,7420.507989243394,TRANSITION,-0.0092641049996018,0.2,0.0095729529407202,0.3768587865176399,0.2689465654932336,0.0095729529407202,0.25,NEUTRAL,0.3541946479891264,,,0.0,0.0,0.0,0.0,0.0,100.0,1.0,0.0,0.0,,,,,1.0,-0.0113191802054643
NIFTY,2026-07-27 04:00:00,7413.18,1.5,18.85162537911997,7419.2872406597,TRANSITION,-0.0092641049996018,0.2,0.0093955879341436,0.3770144912318098,0.2689464287383299,0.0093955879341436,0.25,NEUTRAL,0.3540390800298602,,,0.0,0.0,0.0,0.0,0.0,100.0,1.0,0.0,0.0,,,,,1.0,-0.0113191802054643
NIFTY,2026-07-27 04:00:00,7413.18,1.5,18.85162537911997,7420.117905305912,TRANSITION,-0.0092641049996018,0.2,0.0114753485549286,0.376845734518253,0.2689452419578763,0.0114753485549286,0.25,NEUTRAL,0.3542090235238707,,,0.0,0.0,0.0,0.0,0.0,100.0,1.0,0.0,0.0,,,,,1.0,-0.0113191802054643
NIFTY,2026-07-27 04:00:00,7413.18,1.5,18.85162537911997,7421.08377014108,TRANSITION,-0.0092641049996018,0.2,0.011304091508966,0.376931180996214,0.2689445084015953,0.011304091508966,0.25,NEUTRAL,0.3541243106021906,,,0.0,0.0,0.0,0.0,0.0,100.0,1.0,0.0,0.0,,,,,1.0,-0.0113191802054643
NIFTY,2026-07-27 04:00:00,7413.18,1.5,18.85162537911997,7421.492554548052,TRANSITION,-0.0092641049996018,0.2,0.011615089066734,0.3770565770734759,0.2689449605582114,0.011615089066734,0.25,NEUTRAL,0.3539984623683126,,,0.0,0.0,0.0,0.0,0.0,100.0,1.0,0.0,0.0,,,,,1.0,-0.0113191802054643
NIFTY,2026-07-28T04:05:00,24017.1,1.5000000000188758,27.478671603448426,24007.358712911428,TRENDING_BULL,-0.012658217921853,0.25,0.0003337190071794,0.2691284444774516,0.2689430905346761,0.0003337190071794,0.0170573381939836,NEUTRAL,0.4619284649878724,-0.0036768622164941,True,0.0008333333333333,0.1666666666666666,16.666666666666664,16.666666666666664,0.0,83.33333333333334,1.0016809943487757,0.0,0.0,57.876841707587786,32.14405784510425,20.696428571428573,0.0,1.0016809943487757,-0.0156924281269311
NIFTY,2026-07-27 04:00:00,7413.18,1.5,18.85162537911997,7422.104407160997,TRANSITION,-0.0092641049996018,0.2,0.0102070693783911,0.3768621062033975,0.2689468186342092,0.0102070693783911,0.25,NEUTRAL,0.3541910751623933,,,0.0,0.0,0.0,0.0,0.0,100.0,1.0,0.0,0.0,,,,,1.0,-0.0113191802054643
NIFTY,2026-07-27 04:00:00,7413.18,1.5,18.85162537911997,7419.646095679898,TRANSITION,-0.0092641049996018,0.2,0.0105870130384615,0.3761623116485813,0.2689526476633703,0.0105870130384615,0.25,NEUTRAL,0.3548850406880484,,,0.0,0.0,0.0,0.0,0.0,100.0,1.0,0.0,0.0,,,,,1.0,-0.0113191802054643
NIFTY,2026-07-27 04:00:00,7413.18,1.5,18.85162537911997,7420.189765132433,TRANSITION,-0.0092641049996018,0.2,0.0112749291729077,0.377041176703429,0.2689458364261177,0.0112749291729077,0.25,NEUTRAL,0.3540129868704533,,,0.0,0.0,0.0,0.0,0.0,100.0,1.0,0.0,0.0,,,,,1.0,-0.0113191802054643
NIFTY,2026-07-28T09:29:41,24911.99,1.0,-18.65597999712212,24893.744357135325,TRENDING_BEAR,-0.0122643643990159,0.2,-0.0028014973336539,0.2689708497628888,0.2838407188618628,-0.0028014973336539,0.2012067837735862,NEUTRAL,0.4471884313752483,,,0.0,0.0,16.666666666666664,16.666666666666664,16.666666666666664,66.66666666666667,1.0170837348456438,0.0,0.0,72.34748769600326,15.593552077944954,62.32428571428578,0.2589505526289996,1.0170837348456438,-0.0168255999684333
NIFTY,2026-07-27 04:00:00,7413.18,1.5,18.85162537911997,7420.399904686014,TRANSITION,-0.0092641049996018,0.2,0.0117298759687588,0.377075441609793,0.268944030017513,0.0117298759687588,0.25,NEUTRAL,0.353980528372694,,,0.0,0.0,0.0,0.0,0.0,100.0,1.0,0.0,0.0,,,,,1.0,-0.0113191802054643
NIFTY,2026-07-27 04:00:00,7413.18,1.5,18.85162537911997,7420.733008724745,TRANSITION,-0.0092641049996018,0.2,0.0097310894604398,0.3756733046915874,0.268949256711051,0.0097310894604398,0.25,NEUTRAL,0.3553774385973615,,,0.0,0.0,0.0,0.0,0.0,100.0,1.0,0.0,0.0,,,,,1.0,-0.0113191802054643
NIFTY,2026-07-27 04:00:00,7413.18,1.5,18.85162537911997,7422.86232779402,TRANSITION,-0.0092641049996018,0.2,0.009246299931035,0.3769911795477084,0.2689475582050445,0.009246299931035,0.25,NEUTRAL,0.354061262247247,,,0.0,0.0,0.0,0.0,0.0,100.0,1.0,0.0,0.0,,,,,1.0,-0.0113191802054643
NIFTY,2026-07-27 04:00:00,7413.18,1.5,18.85162537911997,7419.970311620606,TRANSITION,-0.0092641049996018,0.2,0.0098763611892021,0.3765027332022139,0.268951240534431,0.0098763611892021,0.25,NEUTRAL,0.3545460262633551,,,0.0,0.0,0.0,0.0,0.0,100.0,1.0,0.0,0.0,,,,,1.0,-0.0113191802054643
NIFTY,2026-07-27 23:00:00,95.68,1.0,-1.1332630810763784,96.1374167324604,TRANSITION,-0.0137566570192575,0.2,0.0042074355397464,0.30984930688049,0.2692138074047993,0.0042074355397464,0.2022024002681281,NEUTRAL,0.4209368857147108,,,-0.0008333333333333,0.1666666666666666,16.666666666666664,0.0,16.666666666666664,83.33333333333334,1.0,0.0,0.0,,,,,1.0,-0.0116458777338266
NIFTY,2026-07-27 04:00:00,7413.18,1.5,18.85162537911997,7418.866031664237,TRANSITION,-0.0092641049996018,0.2,0.0108033932154467,0.3767166680592458,0.2689505541717724,0.0108033932154467,0.25,NEUTRAL,0.3543327777689818,,,0.0,0.0,0.0,0.0,0.0,100.0,1.0,0.0,0.0,,,,,1.0,-0.0113191802054643
NIFTY,2026-07-27 04:00:00,7413.18,1.5,18.85162537911997,7423.296400117669,TRANSITION,-0.0092641049996018,0.2,0.0100484868764365,0.3760403927414018,0.2689581547535049,0.0100484868764365,0.2287014996172851,NEUTRAL,0.3550014525050933,,,0.0,0.0,0.0,0.0,0.0,100.0,1.0,0.0,0.0,,,,,1.0,-0.0113191802054643
NIFTY,2026-07-27 04:00:00,7413.18,1.5,18.85162537911997,7421.18652713404,TRANSITION,-0.0092641049996018,0.2,0.010054124018943,0.3762533201685015,0.2689559723055275,0.010054124018943,0.2395914533549873,NEUTRAL,0.3547907075259711,,,0.0,0.0,0.0,0.0,0.0,100.0,1.0,0.0,0.0,,,,,1.0,-0.0113191802054643
NIFTY,2026-07-28 09:31:18,24911.99,1.0,-18.65597999712212,24895.79288702431,TRENDING_BEAR,-0.0122643643990159,0.2,-0.0028632839316926,0.268941571021551,0.2823277112081315,-0.0028632839316926,0.2037934399174741,NEUTRAL,0.4487307177703174,,,0.0,0.0,16.666666666666664,16.666666666666664,16.666666666666664,66.66666666666667,1.0170837348456438,0.0,0.0,72.34748769600326,15.593552077944954,62.32428571428578,0.2589505526289996,1.0170837348456438,-0.0168255999684333
NIFTY,2026-07-27 04:00:00,7413.18,1.5,18.85162537911997,7420.924590992573,TRANSITION,-0.0092641049996018,0.2,0.0100962089268356,0.3766365290603228,0.2689513978341346,0.0100962089268356,0.245083850057569,NEUTRAL,0.3544120731055425,,,0.0,0.0,0.0,0.0,0.0,100.0,1.0,0.0,0.0,,,,,1.0,-0.0113191802054643
NIFTY,2026-07-27 04:00:00,7413.18,1.5,18.85162537911997,7421.8115979112445,TRANSITION,-0.0092641049996018,0.2,0.0090257115321165,0.3758293232514767,0.2689486778596296,0.0090257115321165,0.25,NEUTRAL,0.3552219988888937,,,0.0,0.0,0.0,0.0,0.0,100.0,1.0,0.0,0.0,,,,,1.0,-0.0113191802054643
NIFTY,2026-07-27 04:00:00,7413.18,1.5,18.85162537911997,7419.436582317949,TRANSITION,-0.0092641049996018,0.2,0.0088746637817846,0.3756965267319309,0.2689540040142268,0.0088746637817846,0.25,NEUTRAL,0.3553494692538423,,,0.0,0.0,0.0,0.0,0.0,100.0,1.0,0.0,0.0,,,,,1.0,-0.0113191802054643
NIFTY,2026-07-28 04:09:00,24017.1,1.0000000000017124,-0.1948739390400966,24015.52260330941,TRENDING_BULL,-0.0140807041898369,0.25,-6.363612760748595e-05,0.2689461135769562,0.2689547586326619,-6.363612760748595e-05,0.0008379083176203,NEUTRAL,0.4620991277903819,,,0.0,0.0,0.0,0.0,0.0,100.0,1.0029195102891375,0.0,0.0,57.64563106794967,27.14892998353344,9.68928571428556,0.0,1.0029195102891375,-0.0156838282942771
NIFTY,2026-07-27 04:00:00,7413.18,1.5,18.85162537911997,7419.793445624375,TRANSITION,-0.0092641049996018,0.2,0.0087334373518209,0.374981734693863,0.2689575244555163,0.0087334373518209,0.25,NEUTRAL,0.3560607408506206,,,0.0,0.0,0.0,0.0,0.0,100.0,1.0,0.0,0.0,,,,,1.0,-0.0113191802054643
NIFTY,2026-07-27 04:00:00,7413.18,1.5,18.85162537911997,7419.050155977462,TRANSITION,-0.0092641049996018,0.2,0.0094932976483979,0.375269107823346,0.2689576479746099,0.0094932976483979,0.25,NEUTRAL,0.355773244202044,,,0.0,0.0,0.0,0.0,0.0,100.0,1.0,0.0,0.0,,,,,1.0,-0.0113191802054643
NIFTY,2026-07-27 04:00:00,7413.18,1.5,18.85162537911997,7419.5532974556545,TRANSITION,-0.0092641049996018,0.2,0.0115465151566767,0.3771355271908335,0.2689453708456282,0.0115465151566767,0.25,NEUTRAL,0.3539191019635382,,,0.0,0.0,0.0,0.0,0.0,100.0,1.0,0.0,0.0,,,,,1.0,-0.0113191802054643
NIFTY,2026-07-27 04:00:00,7413.18,1.5,18.85162537911997,7422.208371200782,TRANSITION,-0.0092641049996018,0.2,0.0117003577442063,0.3770959366913173,0.2689465811632768,0.0117003577442063,0.25,NEUTRAL,0.3539574821454058,,,0.0,0.0,16.666666666666664,16.666666666666664,16.666666666666664,66.66666666666667,1.0,0.0,0.0,,,,,1.0,-0.0113191802054643
NIFTY,2026-07-28T09:32:55,24911.99,1.0,-18.65597999712212,24898.154805313912,TRENDING_BEAR,-0.0122643643990159,0.2,-0.0028409468791192,0.2689414262653158,0.287345523653358,-0.0028409468791192,0.1952592080685249,NEUTRAL,0.4437130500813261,0.0001126628917643,True,0.0,0.0,0.0,0.0,0.0,100.0,1.0170837348456438,0.0,0.0,72.34748769600326,15.593552077944954,62.32428571428578,0.2589505526289996,1.0170837348456438,-0.0168255999684333
NIFTY,2026-07-28T09:29:45,24911.99,1.0,-18.65597999712212,24892.31881412468,TRENDING_BEAR,-0.0122643643990159,0.2,-0.0026360573558693,0.2689414269159412,0.2827002016447797,-0.0026360573558693,0.1963457818246609,NEUTRAL,0.4483583714392791,,,0.0,0.0,0.0,0.0,0.0,100.0,1.0170837348456438,0.0,0.0,72.34748769600326,15.593552077944954,62.32428571428578,0.2589505526289996,1.0170837348456438,-0.0168255999684333
NIFTY,2026-07-27 04:00:00,7413.18,1.5,18.85162537911997,7420.157923330755,TRANSITION,-0.0092641049996018,0.2,0.0085055986139254,0.3748270762953504,0.268951461721101,0.0085055986139254,0.25,NEUTRAL,0.3562214619835485,,,0.0,0.0,0.0,0.0,0.0,100.0,1.0,0.0,0.0,,,,,1.0,-0.0113191802054643
NIFTY,2026-07-27 04:00:00,7413.18,1.5,18.85162537911997,7419.51318948724,TRANSITION,-0.0092641049996018,0.2,0.0101179029214753,0.3773756665683779,0.2689474082959935,0.0101179029214753,0.2165524333977313,NEUTRAL,0.3536769251356286,,,0.0,0.0,0.0,0.0,0.0,100.0,1.0,0.0,0.0,,,,,1.0,-0.0113191802054643
NIFTY,2026-07-27 04:00:00,7413.18,1.5,18.85162537911997,7421.695538987996,TRANSITION,-0.0092641049996018,0.2,0.0118336435141893,0.3770433051358864,0.2689475776828068,0.0118336435141893,0.248309554238452,NEUTRAL,0.3540091171813067,,,0.0,0.0,0.0,0.0,0.0,100.0,1.0,0.0,0.0,,,,,1.0,-0.0113191802054643
NIFTY,2026-07-27 04:00:00,7413.18,1.5,18.85162537911997,7418.859586151148,TRANSITION,-0.0092641049996018,0.2,0.0113562404711715,0.3770293720822267,0.2689464602755053,0.0113562404711715,0.2370548347356456,NEUTRAL,0.354024167642268,,,0.0,0.0,16.666666666666664,16.666666666666664,16.666666666666664,66.66666666666667,1.0,0.0,0.0,,,,,1.0,-0.0113191802054643
NIFTY,2026-07-28 04:09:00,24017.1,1.0000000000017124,-0.1948739390400966,24015.531194897965,TRENDING_BULL,-0.0140807041898369,0.25,-5.910038589147203e-05,0.2689460925141491,0.2689546987625336,-5.910038589147203e-05,0.0008687752840455,NEUTRAL,0.4620992087233172,,,0.0,0.0,0.0,0.0,0.0,100.0,1.0029195102891375,0.0,0.0,57.64563106794967,27.14892998353344,9.68928571428556,0.0,1.0029195102891375,-0.0156838282942771
NIFTY,2026-07-28T09:32:30,24911.99,1.0,-18.65597999712212,24895.53573636984,TRENDING_BEAR,-0.0122643643990159,0.2,-0.002824457810112,0.2689414265374071,0.2858730692844186,-0.002824457810112,0.202319498326822,NEUTRAL,0.4451855041781743,,,0.0,0.0,16.666666666666664,16.666666666666664,16.666666666666664,66.66666666666667,1.0170837348456438,0.0,0.0,72.34748769600326,15.593552077944954,62.32428571428578,0.2589505526289996,1.0170837348456438,-0.0168255999684333
NIFTY,2026-07-27 04:00:00,7413.18,1.5,18.85162537911997,7419.53018926806,TRANSITION,-0.0092641049996018,0.2,0.0112711230099009,0.3772874058859763,0.2689445314951589,0.0112711230099009,0.25,NEUTRAL,0.3537680626188647,,,0.0,0.0,16.666666666666664,16.666666666666664,16.666666666666664,66.66666666666667,1.0,0.0,0.0,,,,,1.0,-0.0113191802054643
NIFTY,2026-07-27 04:00:00,7413.18,1.5,18.85162537911997,7420.125260717282,TRANSITION,-0.0092641049996018,0.2,0.0103460821020936,0.3766706912288543,0.2689449713347895,0.0103460821020936,0.25,NEUTRAL,0.3543843374363561,,,0.0,0.0,0.0,0.0,0.0,100.0,1.0,0.0,0.0,,,,,1.0,-0.0113191802054643
NIFTY,2026-07-27 04:00:00,7413.18,1.5,18.85162537911997,7417.760135110211,TRANSITION,-0.0092641049996018,0.2,0.0088156958712022,0.3751778984915229,0.2689678022471423,0.0088156958712022,0.242927800186221,NEUTRAL,0.3558542992613347,,,0.0,0.0,0.0,0.0,0.0,100.0,1.0,0.0,0.0,,,,,1.0,-0.0113191802054643
NIFTY,2026-07-27 04:00:00,7413.18,1.5,18.85162537911997,7420.900582627848,TRANSITION,-0.0092641049996018,0.2,0.0117302556147267,0.376990099882388,0.2689443747880995,0.0117302556147267,0.25,NEUTRAL,0.3540655253295123,,,0.0,0.0,0.0,0.0,0.0,100.0,1.0,0.0,0.0,,,,,1.0,-0.0113191802054643
NIFTY,2026-07-27 16:00:00,25184.12,1.0,,,TRANSITION,-0.0112037425860762,0.2,-0.0111161380256878,0.2749849353671965,0.345268069212233,-0.0111161380256878,0.2389902765490132,NEUTRAL,0.3797469954205705,,,0.0008333333333333,0.1666666666666666,16.666666666666664,16.666666666666664,0.0,83.33333333333334,1.0,0.0,0.0,,,,,1.0,-0.0156203873455524
NIFTY,2026-07-27 04:00:00,7413.18,1.5,18.85162537911997,7420.600001917374,TRANSITION,-0.0092641049996018,0.2,0.0113278793144369,0.3770327184556777,0.2689448890512789,0.0113278793144369,0.25,NEUTRAL,0.3540223924930433,,,0.0,0.0,0.0,0.0,0.0,100.0,1.0,0.0,0.0,,,,,1.0,-0.0113191802054643
NIFTY,2026-07-27 04:00:00,7413.18,1.5,18.85162537911997,7419.525538466664,TRANSITION,-0.0092641049996018,0.2,0.0095540296343895,0.3764868783874474,0.2689563065127616,0.0095540296343895,0.2490093671474172,NEUTRAL,0.3545568150997909,,,0.0,0.0,0.0,0.0,0.0,100.0,1.0,0.0,0.0,,,,,1.0,-0.0113191802054643
NIFTY,2026-07-27 04:00:00,7413.18,1.5,18.85162537911997,7419.987308903531,TRANSITION,-0.0092641049996018,0.2,0.0117247445167615,0.3772216789871564,0.2689479400036562,0.0117247445167615,0.25,NEUTRAL,0.3538303810091874,,,0.0,0.0,0.0,0.0,0.0,100.0,1.0,0.0,0.0,,,,,1.0,-0.0113191802054643
NIFTY,2026-07-28 04:00:00,24930.89,1.5,73.73873791454932,24972.71227197552,TRANSITION,-0.0100954547524452,0.2,0.0135634273350509,0.3775049175309261,0.2689479136928554,0.0135634273350509,0.2331706187377839,NEUTRAL,0.3535471687762185,-0.0001811805474568,True,0.0008333333333333,0.1666666666666666,16.666666666666664,16.666666666666664,0.0,83.33333333333334,1.0,0.0,0.0,,,,,1.0,-0.0124743115156888
NIFTY,2026-07-27 04:00:00,7413.18,1.5,18.85162537911997,7420.504679184031,TRANSITION,-0.0092641049996018,0.2,0.0102918528879562,0.3763373112799285,0.2689489475177486,0.0102918528879562,0.25,NEUTRAL,0.3547137412023229,,,0.0,0.0,0.0,0.0,0.0,100.0,1.0,0.0,0.0,,,,,1.0,-0.0113191802054643
BANKNIFTY,2026-07-28T04:00:00,56921.55,1.00000000761499,-39.4048392357293,56954.62357925759,TRENDING_BEAR,-118.2145177071879,0.2,-0.0012467918775322,0.2690995743050312,0.2793750753293947,-0.0012467918775322,0.1087595406841782,NEUTRAL,0.4515253503655739,0.0049567347753256,True,-0.0008333333333333,0.1666666666666666,16.666666666666664,0.0,16.666666666666664,83.33333333333334,0.9898650955536686,0.0,0.0,38.37493454354956,26.75728196802244,84.2892857142854,0.0,0.9898650955536686,-236.4290354143758
NIFTY,2026-07-28 04:10:00,24019.85,1.00123937608838,7.373089474345541,24013.039023589383,TRENDING_BULL,-0.013869390822947,0.25,4.930246242441238e-05,0.268949811800959,0.2689442407829448,4.930246242441238e-05,0.0154264181236453,NEUTRAL,0.4621059474160962,,,0.0,0.0,0.0,0.0,0.0,100.0,0.9987515527562594,0.0,0.0,60.34220532318753,29.680914734345887,20.150000000000155,0.0,0.9987515527562594,-0.0156222257763147
NIFTY,2026-07-28 04:10:00,24017.5,1.00123937608838,4.6896673357174805,24012.184045545306,TRENDING_BULL,-0.013869390822947,0.25,-0.0002761878368557,0.2689478745691234,0.2689459785545676,-0.0002761878368557,0.0,NEUTRAL,0.462106146876309,,,0.0,0.0,0.0,0.0,0.0,100.0,0.9984581676539804,0.0,0.0,59.36675461740836,29.680914734345887,20.150000000000155,0.0,0.9984581676539804,-0.0156222257763147
NIFTY,2026-07-27T16:00:00,25184.12,1.0,,,TRANSITION,-0.0112037425860762,0.2,-0.0111161380256878,0.2749849353671965,0.345268069212233,-0.0111161380256878,0.2389902765490132,NEUTRAL,0.3797469954205705,,,0.0008333333333333,0.1666666666666666,16.666666666666664,16.666666666666664,0.0,83.33333333333334,1.0,0.0,0.0,,,,,1.0,-0.0156203873455524
NIFTY,2026-07-28 04:10:00,24016.35,1.00123937608838,3.37650331042893,24012.606937648656,TRENDING_BULL,-0.0137240029871463,0.25,-4.998148979451903e-05,0.2689460822125575,0.2689461821712078,-4.998148979451903e-05,0.0038025888604092,NEUTRAL,0.4621077356162346,,,0.0,0.0,0.0,0.0,0.0,100.0,0.9983145962209502,0.0,0.0,58.85650224214599,29.680914734345887,20.150000000000155,0.0,0.9983145962209502,-0.0156222257763147
NIFTY,2026-07-28 04:10:00,24022.05,1.00123937608838,9.885229348808238,24014.056168316605,TRENDING_BULL,-0.0139167280867695,0.25,7.551327855321182e-05,0.2689539242083416,0.2689435115034061,7.551327855321182e-05,0.0308430708010496,NEUTRAL,0.4621025642882522,,,0.0008333333333333,0.1666666666666666,16.666666666666664,16.666666666666664,0.0,83.33333333333334,0.9990262111498824,0.0,0.0,60.99476439789969,29.680914734345887,20.150000000000155,0.0,0.9990262111498824,-0.0156222257763147
NIFTY,2026-07-28T04:10:00,24024.1,1.00123937608838,12.226086959101425,24015.33992805916,TRENDING_BULL,-0.0134844416752457,0.25,0.0001433337179804,0.2689582395333708,0.2689431266514004,0.0001433337179804,0.0187531195622317,NEUTRAL,0.4620986338152288,-0.0019672786395175,True,0.0,0.0,0.0,0.0,0.0,100.0,0.9992821428348492,0.0,0.0,61.583793738483685,29.83766837100646,20.339285714285715,0.0,0.9992821428348492,-0.0171464569866657
NIFTY,2026-07-28T04:14:00,24023.5,1.0000000000000042,2.6767172669532195,24021.16689035625,TRENDING_BULL,-0.0137056643143296,0.25,-6.528506159111217e-05,0.2689487317244148,0.2689505707863722,-6.528506159111217e-05,0.0,NEUTRAL,0.462100697489213,-0.0028814914395978,True,0.0,0.0,0.0,0.0,0.0,100.0,1.0005308242347284,0.0,0.0,59.0277777777668,28.514588562485987,8.799999999999532,0.0,1.0005308242347284,-0.0158767294138669
NIFTY,2026-07-28 09:45:09,24911.99,1.0,-18.65597999712212,24893.44957854332,TRENDING_BEAR,-0.0122643643990159,0.2,-0.0026144236771036,0.2689414267093166,0.2795840643743603,-0.0026144236771036,0.1951872894066587,NEUTRAL,0.451474508916323,,,0.0,0.0,0.0,0.0,0.0,100.0,1.0170837348456438,0.0,0.0,72.34748769600326,15.593552077944954,62.32428571428578,0.2589505526289996,1.0170837348456438,-0.0168255999684333
NIFTY,2026-07-28T09:45:30,24911.99,1.0,-18.65597999712212,24896.97319213153,TRENDING_BEAR,-0.0122643643990159,0.2,-0.0026121442571873,0.2689414266718226,0.2830799392373711,-0.0026121442571873,0.1856776271729098,NEUTRAL,0.4479786340908062,,,-0.0008333333333333,0.1666666666666666,16.666666666666664,0.0,16.666666666666664,83.33333333333334,1.0170837348456438,0.0,0.0,72.34748769600326,15.593552077944954,62.32428571428578,0.2589505526289996,1.0170837348456438,-0.0168255999684333
BANKNIFTY,2026-07-28T09:45:48,51813.47,1.0,19.06500156586469,51791.519307216855,TRENDING_BULL,57.19500469759407,0.25,0.0006925116075353,0.2689527279132848,0.2689423978202487,0.0006925116075353,0.0372894429969884,NEUTRAL,0.4621048742664664,,,-0.0008333333333333,0.1666666666666666,16.666666666666664,0.0,16.666666666666664,83.33333333333334,1.009357365278179,0.0,0.0,62.19834209899732,16.22964841159043,131.64642857142826,1.6574485447456706,1.009357365278179,95.32500782932344
NIFTY,2026-07-28 09:46:08,24911.99,1.0,-18.65597999712212,24894.133992805146,TRENDING_BEAR,-0.0122643643990159,0.2,-0.0027555610640984,0.2689455302553101,0.2850798251098794,-0.0027555610640984,0.1974335525142091,NEUTRAL,0.4459746446348105,,,0.0,0.0,0.0,0.0,0.0,100.0,1.0170837348456438,0.0,0.0,72.34748769600326,15.593552077944954,62.32428571428578,0.2589505526289996,1.0170837348456438,-0.0168255999684333
NIFTY,2026-07-28T09:45:09,24911.99,1.0,-18.65597999712212,24894.669959844417,TRENDING_BEAR,-0.0122643643990159,0.2,-0.0027351730371923,0.2689416224164795,0.2865614135231001,-0.0027351730371923,0.2028424086950576,NEUTRAL,0.4444969640604203,0.0100629796176192,False,0.0,0.0,0.0,0.0,0.0,100.0,1.0170837348456438,0.0,0.0,72.34748769600326,15.593552077944954,62.32428571428578,0.2589505526289996,1.0170837348456438,-0.0168255999684333
NIFTY,2026-07-28 09:47:08,24911.99,1.0,-18.65597999712212,24891.772634232348,TRENDING_BEAR,-0.0122643643990159,0.2,-0.0028931682923677,0.2689414263493358,0.2861702081901956,-0.0028931682923677,0.2175594165276708,NEUTRAL,0.4448883654604685,,,0.0,0.0,0.0,0.0,0.0,100.0,1.0170837348456438,0.0,0.0,72.34748769600326,15.593552077944954,62.32428571428578,0.2589505526289996,1.0170837348456438,-0.0168255999684333
NIFTY,2026-07-28T09:48:08,24911.99,1.0,-18.65597999712212,24892.391611826115,TRENDING_BEAR,-0.0122643643990159,0.2,-0.002559760980862,0.268941680398337,0.2792114537486008,-0.002559760980862,0.186027865363302,NEUTRAL,0.4518468658530622,0.0056945782818812,False,0.0,0.0,0.0,0.0,0.0,100.0,1.0170837348456438,0.0,0.0,72.34748769600326,15.593552077944954,62.32428571428578,0.2589505526289996,1.0170837348456438,-0.0168255999684333
NIFTY,2026-07-28T09:48:09,24911.99,1.0,-18.65597999712212,24893.18342789071,TRENDING_BEAR,-0.0122643643990159,0.2,-0.0025793326782752,0.2689995582701056,0.2815378471780435,-0.0025793326782752,0.1820068199036705,NEUTRAL,0.4494625945518509,0.0056945782818812,False,0.0,0.0,0.0,0.0,0.0,100.0,1.0170837348456438,0.0,0.0,72.34748769600326,15.593552077944954,62.32428571428578,0.2589505526289996,1.0170837348456438,-0.0168255999684333
NIFTY,2026-07-28T09:49:09,24911.99,1.0,-18.65597999712212,24890.339956263848,TRENDING_BEAR,-0.0122643643990159,0.2,-0.0029214174214804,0.2689414264138982,0.288524726462991,-0.0029214174214804,0.2168320476677634,NEUTRAL,0.4425338471231108,0.0056945782818812,False,0.0,0.0,0.0,0.0,0.0,100.0,1.0170837348456438,0.0,0.0,72.34748769600326,15.593552077944954,62.32428571428578,0.2589505526289996,1.0170837348456438,-0.0168255999684333
NIFTY,2026-07-28T09:49:08,24911.99,1.0,-18.65597999712212,24894.895737564868,TRENDING_BEAR,-0.0122643643990159,0.2,-0.0026018771521433,0.2689414269980538,0.2849153466172811,-0.0026018771521433,0.1966660667079574,NEUTRAL,0.4461432263846649,0.0056945782818812,False,0.0,0.0,0.0,0.0,0.0,100.0,1.0170837348456438,0.0,0.0,72.34748769600326,15.593552077944954,62.32428571428578,0.2589505526289996,1.0170837348456438,-0.0168255999684333
NIFTY,2026-07-28 09:50:09,24911.99,1.0,-18.65597999712212,24893.81214817106,TRENDING_BEAR,-0.0122643643990159,0.2,-0.0028071360853551,0.2689414265734327,0.2863697487256811,-0.0028071360853551,0.2177318906304065,NEUTRAL,0.4446888247008861,,,0.0,0.0,0.0,0.0,0.0,100.0,1.0170837348456438,0.0,0.0,72.34748769600326,15.593552077944954,62.32428571428578,0.2589505526289996,1.0170837348456438,-0.0168255999684333
NIFTY,2026-07-28T09:51:06,24911.99,1.0,-18.65597999712212,24896.97319213153,TRENDING_BEAR,-0.0122643643990159,0.2,-0.0026121442571873,0.2689414266718226,0.2830799392373711,-0.0026121442571873,0.1856776271729098,NEUTRAL,0.4479786340908062,0.0056945782818812,False,-0.0008333333333333,0.1666666666666666,16.666666666666664,0.0,16.666666666666664,83.33333333333334,1.0170837348456438,0.0,0.0,72.34748769600326,15.593552077944954,62.32428571428578,0.2589505526289996,1.0170837348456438,-0.0168255999684333
NIFTY,2026-07-28 09:51:08,24911.99,1.0,-18.65597999712212,24894.9326070248,TRENDING_BEAR,-0.0122643643990159,0.2,-0.0027426527457028,0.2689414266026663,0.2844561106915524,-0.0027426527457028,0.198920122334527,NEUTRAL,0.4466024627057812,,,0.0,0.0,0.0,0.0,0.0,100.0,1.0170837348456438,0.0,0.0,72.34748769600326,15.593552077944954,62.32428571428578,0.2589505526289996,1.0170837348456438,-0.0168255999684333
BANKNIFTY,2026-07-28T09:51:23,51813.47,1.0,19.06500156586469,51791.519307216855,TRENDING_BULL,57.19500469759407,0.25,0.0006925116075353,0.2689527279132848,0.2689423978202487,0.0006925116075353,0.0372894429969884,NEUTRAL,0.4621048742664664,,,-0.0008333333333333,0.1666666666666666,16.666666666666664,0.0,16.666666666666664,83.33333333333334,1.009357365278179,0.0,0.0,62.19834209899732,16.22964841159043,131.64642857142826,1.6574485447456706,1.009357365278179,95.32500782932344
NIFTY,2026-07-28T09:52:08,24911.99,1.0,-18.65597999712212,24895.921928555435,TRENDING_BEAR,-0.0122643643990159,0.2,-0.0026637386723415,0.2689416007138136,0.281413420514284,-0.0026637386723415,0.2030989550352758,NEUTRAL,0.4496449787719023,0.0056945782818812,False,0.0,0.0,0.0,0.0,0.0,100.0,1.0170837348456438,0.0,0.0,72.34748769600326,15.593552077944954,62.32428571428578,0.2589505526289996,1.0170837348456438,-0.0168255999684333
NIFTY,2026-07-28T09:52:09,24911.99,1.0,-18.65597999712212,24893.21623539131,TRENDING_BEAR,-0.0122643643990159,0.2,-0.0028474383921703,0.2689415529328841,0.2847976776647811,-0.0028474383921703,0.2009180564255858,NEUTRAL,0.4462607694023347,0.0056945782818812,False,0.0,0.0,0.0,0.0,0.0,100.0,1.0170837348456438,0.0,0.0,72.34748769600326,15.593552077944954,62.32428571428578,0.2589505526289996,1.0170837348456438,-0.0168255999684333
NIFTY,2026-07-28T09:53:09,24911.99,1.0,-18.65597999712212,24893.44360388457,TRENDING_BEAR,-0.0122643643990159,0.2,-0.0027809731284719,0.2689491498673232,0.2845439314205568,-0.0027809731284719,0.185163746861937,NEUTRAL,0.4465069187121198,0.0056945782818812,False,0.0,0.0,0.0,0.0,0.0,100.0,1.0170837348456438,0.0,0.0,72.34748769600326,15.593552077944954,62.32428571428578,0.2589505526289996,1.0170837348456438,-0.0168255999684333
NIFTY,2026-07-28T09:53:08,24911.99,1.0,-18.65597999712212,24892.9681066902,TRENDING_BEAR,-0.0122643643990159,0.2,-0.0025341329944109,0.2689415127878553,0.2813831026469791,-0.0025341329944109,0.1866831400564046,NEUTRAL,0.4496753845651656,0.0056945782818812,False,0.0,0.0,0.0,0.0,0.0,100.0,1.0170837348456438,0.0,0.0,72.34748769600326,15.593552077944954,62.32428571428578,0.2589505526289996,1.0170837348456438,-0.0168255999684333
NIFTY,2026-07-28 09:54:09,24911.99,1.0,-18.65597999712212,24892.89788628312,TRENDING_BEAR,-0.0122643643990159,0.2,-0.002678878891316,0.268941426793138,0.2808549620355854,-0.002678878891316,0.1981327798489098,NEUTRAL,0.4502036111712765,,,0.0,0.0,0.0,0.0,0.0,100.0,1.0170837348456438,0.0,0.0,72.34748769600326,15.593552077944954,62.32428571428578,0.2589505526289996,1.0170837348456438,-0.0168255999684333
NIFTY,2026-07-28 09:55:09,24911.99,1.0,-18.65597999712212,24892.435704166703,TRENDING_BEAR,-0.0122643643990159,0.2,-0.0029319178024888,0.2689414262290059,0.2896003696395661,-0.0029319178024888,0.198725129871089,NEUTRAL,0.4414582041314279,,,0.0,0.0,0.0,0.0,0.0,100.0,1.0170837348456438,0.0,0.0,72.34748769600326,15.593552077944954,62.32428571428578,0.2589505526289996,1.0170837348456438,-0.0168255999684333
NIFTY,2026-07-28T09:56:09,24911.99,1.0,-18.65597999712212,24894.730048234065,TRENDING_BEAR,-0.0122643643990159,0.2,-0.0028029942554516,0.2689420203707356,0.2868333595975434,-0.0028029942554516,0.201689981474008,NEUTRAL,0.444224620031721,0.0056945782818812,False,0.0,0.0,0.0,0.0,0.0,100.0,1.0170837348456438,0.0,0.0,72.34748769600326,15.593552077944954,62.32428571428578,0.2589505526289996,1.0170837348456438,-0.0168255999684333
NIFTY,2026-07-28T09:56:08,24911.99,1.0,-18.65597999712212,24896.006354442543,TRENDING_BEAR,-0.0122643643990159,0.2,-0.0028700027488551,0.2689414262568729,0.287096093784346,-0.0028700027488551,0.2018901573046704,NEUTRAL,0.4439624799587811,0.0056945782818812,False,0.0,0.0,0.0,0.0,0.0,100.0,1.0170837348456438,0.0,0.0,72.34748769600326,15.593552077944954,62.32428571428578,0.2589505526289996,1.0170837348456438,-0.0168255999684333
NIFTY,2026-07-28T09:56:40,24911.99,1.0,-18.65597999712212,24896.97319213153,TRENDING_BEAR,-0.0122643643990159,0.2,-0.0026121442571873,0.2689414266718226,0.2830799392373711,-0.0026121442571873,0.1856776271729098,NEUTRAL,0.4479786340908062,,,-0.0008333333333333,0.1666666666666666,16.666666666666664,0.0,16.666666666666664,83.33333333333334,1.0170837348456438,0.0,0.0,72.34748769600326,15.593552077944954,62.32428571428578,0.2589505526289996,1.0170837348456438,-0.0168255999684333
BANKNIFTY,2026-07-28T09:56:57,51813.47,1.0,19.06500156586469,51791.519307216855,TRENDING_BULL,57.19500469759407,0.25,0.0006925116075353,0.2689527279132848,0.2689423978202487,0.0006925116075353,0.0372894429969884,NEUTRAL,0.4621048742664664,,,-0.0008333333333333,0.1666666666666666,16.666666666666664,0.0,16.666666666666664,83.33333333333334,1.009357365278179,0.0,0.0,62.19834209899732,16.22964841159043,131.64642857142826,1.6574485447456706,1.009357365278179,95.32500782932344
NIFTY,2026-07-28T09:57:09,24911.99,1.0,-18.65597999712212,24892.17274957507,TRENDING_BEAR,-0.0122643643990159,0.2,-0.0030030843363587,0.2689414262782415,0.2897465498548222,-0.0030030843363587,0.2029061274881286,NEUTRAL,0.4413120238669363,0.0056945782818812,False,0.0,0.0,0.0,0.0,0.0,100.0,1.0170837348456438,0.0,0.0,72.34748769600326,15.593552077944954,62.32428571428578,0.2589505526289996,1.0170837348456438,-0.0168255999684333
NIFTY,2026-07-28T09:57:08,24911.99,1.0,-18.65597999712212,24894.968522706284,TRENDING_BEAR,-0.0122643643990159,0.2,-0.0026790820341941,0.2689436503370415,0.2815190956991532,-0.0026790820341941,0.2041172403268576,NEUTRAL,0.4495372539638053,0.0056945782818812,False,0.0,0.0,0.0,0.0,0.0,100.0,1.0170837348456438,0.0,0.0,72.34748769600326,15.593552077944954,62.32428571428578,0.2589505526289996,1.0170837348456438,-0.0168255999684333
NIFTY,2026-07-28T09:58:08,24911.99,1.0,-18.65597999712212,24896.97319213153,TRENDING_BEAR,-0.0122643643990159,0.2,-0.0026118309917164,0.2689414267688411,0.2830941813753262,-0.0026118309917164,0.1856248585580536,NEUTRAL,0.4479643918558327,0.0056945782818812,False,0.0,0.0,0.0,0.0,0.0,100.0,1.0170837348456438,0.0,0.0,72.34748769600326,15.593552077944954,62.32428571428578,0.2589505526289996,1.0170837348456438,-0.0168255999684333
NIFTY,2026-07-28 09:59:08,24911.99,1.0,-18.65597999712212,24896.65482741381,TRENDING_BEAR,-0.0122643643990159,0.2,-0.0023648090313263,0.268941631775961,0.273533176949523,-0.0023648090313263,0.1866111077568705,NEUTRAL,0.4575251912745159,,,0.0,0.0,0.0,0.0,0.0,100.0,1.0170837348456438,0.0,0.0,72.34748769600326,15.593552077944954,62.32428571428578,0.2589505526289996,1.0170837348456438,-0.0168255999684333
NIFTY,2026-07-28 10:00:09,24911.99,1.0,-18.65597999712212,24892.49447063247,TRENDING_BEAR,-0.0122643643990159,0.2,-0.0029641639586305,0.2689475510242772,0.289305208545519,-0.0029641639586305,0.2096848457455488,NEUTRAL,0.4417472404302037,,,0.0,0.0,0.0,0.0,0.0,100.0,1.0170837348456438,0.0,0.0,72.34748769600326,15.593552077944954,62.32428571428578,0.2589505526289996,1.0170837348456438,-0.0168255999684333
NIFTY,2026-07-28 10:01:08,24911.99,1.0,-18.65597999712212,24894.89571416877,TRENDING_BEAR,-0.0122643643990159,0.2,-0.0027028622831034,0.2689422830718596,0.2835882054017529,-0.0027028622831034,0.2060698499185119,NEUTRAL,0.4474695115263874,,,0.0,0.0,0.0,0.0,0.0,100.0,1.0170837348456438,0.0,0.0,72.34748769600326,15.593552077944954,62.32428571428578,0.2589505526289996,1.0170837348456438,-0.0168255999684333
NIFTY,2026-07-28T10:02:08,24911.99,1.0,-18.65597999712212,24892.61594360508,TRENDING_BEAR,-0.0122643643990159,0.2,-0.0029696089667968,0.2689414264596252,0.2890073874271591,-0.0029696089667968,0.2083138464962042,NEUTRAL,0.4420511861132156,0.0056945782818812,False,0.0,0.0,0.0,0.0,0.0,100.0,1.0170837348456438,0.0,0.0,72.34748769600326,15.593552077944954,62.32428571428578,0.2589505526289996,1.0170837348456438,-0.0168255999684333
NIFTY,2026-07-28T10:02:09,24911.99,1.0,-18.65597999712212,24896.6253145828,TRENDING_BEAR,-0.0122643643990159,0.2,-0.0027647886259241,0.2689414264718037,0.284742968245501,-0.0027647886259241,0.1972870262686462,NEUTRAL,0.4463156052826952,0.0056945782818812,False,0.0,0.0,0.0,0.0,0.0,100.0,1.0170837348456438,0.0,0.0,72.34748769600326,15.593552077944954,62.32428571428578,0.2589505526289996,1.0170837348456438,-0.0168255999684333
NIFTY,2026-07-28T10:02:15,24911.99,1.0,-18.65597999712212,24896.142939575275,TRENDING_BEAR,-0.0122643643990159,0.2,-0.0025718739068581,0.2689416073427698,0.2812089770676311,-0.0025718739068581,0.1804364181777255,NEUTRAL,0.449849415589599,0.0056945782818812,False,-0.0008333333333333,0.1666666666666666,16.666666666666664,0.0,16.666666666666664,83.33333333333334,1.0170837348456438,0.0,0.0,72.34748769600326,15.593552077944954,62.32428571428578,0.2589505526289996,1.0170837348456438,-0.0168255999684333
BANKNIFTY,2026-07-28T10:02:43,51813.47,1.0,19.06500156586469,51791.519307216855,TRENDING_BULL,57.19500469759407,0.25,0.0006925116075353,0.2689527279132848,0.2689423978202487,0.0006925116075353,0.0372894429969884,NEUTRAL,0.4621048742664664,0.0016353786133458,True,-0.0008333333333333,0.1666666666666666,16.666666666666664,0.0,16.666666666666664,83.33333333333334,1.009357365278179,0.0,0.0,62.19834209899732,16.22964841159043,131.64642857142826,1.6574485447456706,1.009357365278179,95.32500782932344
NIFTY,2026-07-28T10:03:08,24911.99,1.0,-18.65597999712212,24893.52833160633,TRENDING_BEAR,-0.0122643643990159,0.2,-0.0030397729728984,0.2689745068535693,0.2910864759228317,-0.0030397729728984,0.2103445331064485,NEUTRAL,0.4399390172235988,0.0056945782818812,False,0.0,0.0,0.0,0.0,0.0,100.0,1.0170837348456438,0.0,0.0,72.34748769600326,15.593552077944954,62.32428571428578,0.2589505526289996,1.0170837348456438,-0.0168255999684333
NIFTY,2026-07-28T10:03:09,24911.99,1.0,-18.65597999712212,24893.942571480777,TRENDING_BEAR,-0.0122643643990159,0.2,-0.0025718086906097,0.2689417893024674,0.2799293644332799,-0.0025718086906097,0.1850735921819259,NEUTRAL,0.4511288462642526,0.0056945782818812,False,0.0,0.0,0.0,0.0,0.0,100.0,1.0170837348456438,0.0,0.0,72.34748769600326,15.593552077944954,62.32428571428578,0.2589505526289996,1.0170837348456438,-0.0168255999684333
NIFTY,2026-07-28T10:04:08,24911.99,1.0,-18.65597999712212,24891.43800740463,TRENDING_BEAR,-0.0122643643990159,0.2,-0.0028935322594399,0.2689417040033128,0.286303101955801,-0.0028935322594399,0.2129904330711911,NEUTRAL,0.4447551940408861,0.0056945782818812,False,0.0,0.0,0.0,0.0,0.0,100.0,1.0170837348456438,0.0,0.0,72.34748769600326,15.593552077944954,62.32428571428578,0.2589505526289996,1.0170837348456438,-0.0168255999684333
NIFTY,2026-07-28T10:04:09,24911.99,1.0,-18.65597999712212,24893.51761317332,TRENDING_BEAR,-0.0122643643990159,0.2,-0.002648646397896,0.2689414267909031,0.2849951156658331,-0.002648646397896,0.1919898208599759,NEUTRAL,0.4460634575432637,0.0056945782818812,False,0.0,0.0,0.0,0.0,0.0,100.0,1.0170837348456438,0.0,0.0,72.34748769600326,15.593552077944954,62.32428571428578,0.2589505526289996,1.0170837348456438,-0.0168255999684333
NIFTY,2026-07-28T10:05:09,24911.99,1.0,-18.65597999712212,24896.97319213153,TRENDING_BEAR,-0.0122643643990159,0.2,-0.0026118309917164,0.2689414267688411,0.2830941813753262,-0.0026118309917164,0.1856248585580536,NEUTRAL,0.4479643918558327,0.0056945782818812,False,0.0,0.0,0.0,0.0,0.0,100.0,1.0170837348456438,0.0,0.0,72.34748769600326,15.593552077944954,62.32428571428578,0.2589505526289996,1.0170837348456438,-0.0168255999684333
NIFTY,2026-07-28T10:06:09,24911.99,1.0,-18.65597999712212,24894.058772086795,TRENDING_BEAR,-0.0122643643990159,0.2,-0.0026806321403963,0.268945016709388,0.2837657968580129,-0.0026806321403963,0.1878750833169722,NEUTRAL,0.4472891864325989,0.0056945782818812,False,0.0,0.0,0.0,0.0,0.0,100.0,1.0170837348456438,0.0,0.0,72.34748769600326,15.593552077944954,62.32428571428578,0.2589505526289996,1.0170837348456438,-0.0168255999684333
NIFTY,2026-07-28T10:06:08,24911.99,1.0,-18.65597999712212,24893.76575652833,TRENDING_BEAR,-0.0122643643990159,0.2,-0.0028481258422349,0.2689422726676746,0.2862328784230893,-0.0028481258422349,0.1962131971220076,NEUTRAL,0.444824848909236,0.0056945782818812,False,0.0,0.0,0.0,0.0,0.0,100.0,1.0170837348456438,0.0,0.0,72.34748769600326,15.593552077944954,62.32428571428578,0.2589505526289996,1.0170837348456438,-0.0168255999684333
NIFTY,2026-07-28T10:07:09,24911.99,1.0,-18.65597999712212,24896.97319213153,TRENDING_BEAR,-0.0122643643990159,0.2,-0.0026118309917164,0.2689414267688411,0.2830941813753262,-0.0026118309917164,0.1856248585580536,NEUTRAL,0.4479643918558327,0.0056945782818812,False,0.0,0.0,0.0,0.0,0.0,100.0,1.0170837348456438,0.0,0.0,72.34748769600326,15.593552077944954,62.32428571428578,0.2589505526289996,1.0170837348456438,-0.0168255999684333
NIFTY,2026-07-28T10:07:08,24911.99,1.0,-18.65597999712212,24893.44957854332,TRENDING_BEAR,-0.0122643643990159,0.2,-0.0026144236771036,0.2689414267093166,0.2795840643743603,-0.0026144236771036,0.1951872894066587,NEUTRAL,0.451474508916323,0.0056945782818812,False,0.0,0.0,0.0,0.0,0.0,100.0,1.0170837348456438,0.0,0.0,72.34748769600326,15.593552077944954,62.32428571428578,0.2589505526289996,1.0170837348456438,-0.0168255999684333
NIFTY,2026-07-28 10:08:08,24911.99,1.0,-18.65597999712212,24893.966163822784,TRENDING_BEAR,-0.0122643643990159,0.2,-0.0026568701394137,0.2689414266829661,0.2834869304567722,-0.0026568701394137,0.1792576090917302,NEUTRAL,0.4475716428602616,,,0.0,0.0,0.0,0.0,0.0,100.0,1.0170837348456438,0.0,0.0,72.34748769600326,15.593552077944954,62.32428571428578,0.2589505526289996,1.0170837348456438,-0.0168255999684333
NIFTY,2026-07-28T10:08:21,24911.99,1.0,-18.65597999712212,24896.97319213153,TRENDING_BEAR,-0.0122643643990159,0.2,-0.0026121442571873,0.2689414266718226,0.2830799392373711,-0.0026121442571873,0.1856776271729098,NEUTRAL,0.4479786340908062,,,-0.0008333333333333,0.1666666666666666,16.666666666666664,0.0,16.666666666666664,83.33333333333334,1.0170837348456438,0.0,0.0,72.34748769600326,15.593552077944954,62.32428571428578,0.2589505526289996,1.0170837348456438,-0.0168255999684333
BANKNIFTY,2026-07-28T10:08:48,51813.47,1.0,19.06500156586469,51791.519307216855,TRENDING_BULL,57.19500469759407,0.25,0.0006925116075353,0.2689527279132848,0.2689423978202487,0.0006925116075353,0.0372894429969884,NEUTRAL,0.4621048742664664,,,-0.0008333333333333,0.1666666666666666,16.666666666666664,0.0,16.666666666666664,83.33333333333334,1.009357365278179,0.0,0.0,62.19834209899732,16.22964841159043,131.64642857142826,1.6574485447456706,1.009357365278179,95.32500782932344
NIFTY,2026-07-28 10:09:08,24911.99,1.0,-18.65597999712212,24895.28780019785,TRENDING_BEAR,-0.0122643643990159,0.2,-0.0024702321044923,0.268941427180031,0.2803697642167349,-0.0024702321044923,0.1836550031802666,NEUTRAL,0.450688808603234,,,0.0,0.0,0.0,0.0,0.0,100.0,1.0170837348456438,0.0,0.0,72.34748769600326,15.593552077944954,62.32428571428578,0.2589505526289996,1.0170837348456438,-0.0168255999684333
NIFTY,2026-07-28 10:10:09,24911.99,1.0,-18.65597999712212,24894.187572963387,TRENDING_BEAR,-0.0122643643990159,0.2,-0.0025847770696043,0.2689416248125337,0.2805593548562494,-0.0025847770696043,0.2047868392528513,NEUTRAL,0.4504990203312169,,,0.0,0.0,0.0,0.0,0.0,100.0,1.0170837348456438,0.0,0.0,72.34748769600326,15.593552077944954,62.32428571428578,0.2589505526289996,1.0170837348456438,-0.0168255999684333
NIFTY,2026-07-28 10:11:08,24911.99,1.0,-18.65597999712212,24894.34296365504,TRENDING_BEAR,-0.0122643643990159,0.2,-0.0026559872012068,0.2689414266829852,0.285614429519436,-0.0026559872012068,0.1965014388409183,NEUTRAL,0.4454441437975787,,,0.0,0.0,0.0,0.0,0.0,100.0,1.0170837348456438,0.0,0.0,72.34748769600326,15.593552077944954,62.32428571428578,0.2589505526289996,1.0170837348456438,-0.0168255999684333
NIFTY,2026-07-28T10:12:08,24911.99,1.0,-18.65597999712212,24894.121391772733,TRENDING_BEAR,-0.0122643643990159,0.2,-0.0027939314030278,0.2690008013591421,0.2864193757578098,-0.0027939314030278,0.1899128813041249,NEUTRAL,0.444579822883048,0.0056945782818812,False,0.0,0.0,0.0,0.0,0.0,100.0,1.0170837348456438,0.0,0.0,72.34748769600326,15.593552077944954,62.32428571428578,0.2589505526289996,1.0170837348456438,-0.0168255999684333
NIFTY,2026-07-28T10:12:09,24911.99,1.0,-18.65597999712212,24892.051328159057,TRENDING_BEAR,-0.0122643643990159,0.2,-0.0026303025520976,0.2689977233281158,0.2824518425603413,-0.0026303025520976,0.1788546494893732,NEUTRAL,0.4485504341115429,0.0056945782818812,False,0.0,0.0,0.0,0.0,0.0,100.0,1.0170837348456438,0.0,0.0,72.34748769600326,15.593552077944954,62.32428571428578,0.2589505526289996,1.0170837348456438,-0.0168255999684333
NIFTY,2026-07-28T10:13:09,24911.99,1.0,-18.65597999712212,24894.430778585604,TRENDING_BEAR,-0.0122643643990159,0.2,-0.0028735018559091,0.2689473109569626,0.2867047377962045,-0.0028735018559091,0.2062955148412567,NEUTRAL,0.4443479512468328,0.0056945782818812,False,0.0,0.0,0.0,0.0,0.0,100.0,1.0170837348456438,0.0,0.0,72.34748769600326,15.593552077944954,62.32428571428578,0.2589505526289996,1.0170837348456438,-0.0168255999684333
NIFTY,2026-07-28T10:13:08,24911.99,1.0,-18.65597999712212,24892.65868275437,TRENDING_BEAR,-0.0122643643990159,0.2,-0.0026558654068562,0.2689414265537337,0.282792973139444,-0.0026558654068562,0.1851793759340053,NEUTRAL,0.4482656003068221,0.0056945782818812,False,0.0,0.0,0.0,0.0,0.0,100.0,1.0170837348456438,0.0,0.0,72.34748769600326,15.593552077944954,62.32428571428578,0.2589505526289996,1.0170837348456438,-0.0168255999684333
NIFTY,2026-07-28T10:14:09,24911.99,1.0,-18.65597999712212,24892.73503103408,TRENDING_BEAR,-0.0122643643990159,0.2,-0.0029875874151011,0.2689414261255031,0.287332285726159,-0.0029875874151011,0.2003052876761512,NEUTRAL,0.4437262881483378,0.0056945782818812,False,0.0,0.0,0.0,0.0,0.0,100.0,1.0170837348456438,0.0,0.0,72.34748769600326,15.593552077944954,62.32428571428578,0.2589505526289996,1.0170837348456438,-0.0168255999684333
NIFTY,2026-07-28T10:14:08,24911.99,1.0,-18.65597999712212,24897.921938669024,TRENDING_BEAR,-0.0122643643990159,0.2,-0.002862068134376,0.268941426323759,0.286369350446173,-0.002862068134376,0.2044684044371306,NEUTRAL,0.4446892232300679,0.0056945782818812,False,0.0,0.0,0.0,0.0,0.0,100.0,1.0170837348456438,0.0,0.0,72.34748769600326,15.593552077944954,62.32428571428578,0.2589505526289996,1.0170837348456438,-0.0168255999684333
NIFTY,2026-07-28T10:14:25,24911.99,1.0,-18.65597999712212,24896.97319213153,TRENDING_BEAR,-0.0122643643990159,0.2,-0.0026121442571873,0.2689414266718226,0.2830799392373711,-0.0026121442571873,0.1856776271729098,NEUTRAL,0.4479786340908062,,,-0.0008333333333333,0.1666666666666666,16.666666666666664,0.0,16.666666666666664,83.33333333333334,1.0170837348456438,0.0,0.0,72.34748769600326,15.593552077944954,62.32428571428578,0.2589505526289996,1.0170837348456438,-0.0168255999684333
BANKNIFTY,2026-07-28T10:14:55,51813.47,1.0,19.06500156586469,51791.519307216855,TRENDING_BULL,57.19500469759407,0.25,0.0006925116075353,0.2689527279132848,0.2689423978202487,0.0006925116075353,0.0372894429969884,NEUTRAL,0.4621048742664664,,,-0.0008333333333333,0.1666666666666666,16.666666666666664,0.0,16.666666666666664,83.33333333333334,1.009357365278179,0.0,0.0,62.19834209899732,16.22964841159043,131.64642857142826,1.6574485447456706,1.009357365278179,95.32500782932344
NIFTY,2026-07-28 10:15:09,24911.99,1.0,-18.65597999712212,24893.634934471767,TRENDING_BEAR,-0.0122643643990159,0.2,-0.0025827407988326,0.2689835304880916,0.2822651560914858,-0.0025827407988326,0.180855900002146,NEUTRAL,0.4487513134204225,,,0.0,0.0,0.0,0.0,0.0,100.0,1.0170837348456438,0.0,0.0,72.34748769600326,15.593552077944954,62.32428571428578,0.2589505526289996,1.0170837348456438,-0.0168255999684333
NIFTY,2026-07-28T10:16:09,24911.99,1.0,-18.65597999712212,24893.062209180487,TRENDING_BEAR,-0.0122643643990159,0.2,-0.002772437991781,0.2689416215605199,0.2882206395721364,-0.002772437991781,0.1950258005424429,NEUTRAL,0.4428377388673437,0.0056945782818812,False,0.0,0.0,0.0,0.0,0.0,100.0,1.0170837348456438,0.0,0.0,72.34748769600326,15.593552077944954,62.32428571428578,0.2589505526289996,1.0170837348456438,-0.0168255999684333
NIFTY,2026-07-28T10:16:08,24911.99,1.0,-18.65597999712212,24895.21544001451,TRENDING_BEAR,-0.0122643643990159,0.2,-0.0028889410728677,0.2689414264881954,0.2861209219462816,-0.0028889410728677,0.2220588995387017,NEUTRAL,0.444937651565523,0.0056945782818812,False,0.0,0.0,0.0,0.0,0.0,100.0,1.0170837348456438,0.0,0.0,72.34748769600326,15.593552077944954,62.32428571428578,0.2589505526289996,1.0170837348456438,-0.0168255999684333
NIFTY,2026-07-28T10:17:08,24911.99,1.0,-18.65597999712212,24896.97319213153,TRENDING_BEAR,-0.0122643643990159,0.2,-0.0026118309917164,0.2689414267688411,0.2830941813753262,-0.0026118309917164,0.1856248585580536,NEUTRAL,0.4479643918558327,0.0056945782818812,False,0.0,0.0,0.0,0.0,0.0,100.0,1.0170837348456438,0.0,0.0,72.34748769600326,15.593552077944954,62.32428571428578,0.2589505526289996,1.0170837348456438,-0.0168255999684333
NIFTY,2026-07-28T10:17:09,24911.99,1.0,-18.65597999712212,24893.44957854332,TRENDING_BEAR,-0.0122643643990159,0.2,-0.0026144236771036,0.2689414267093166,0.2795840643743603,-0.0026144236771036,0.1951872894066587,NEUTRAL,0.451474508916323,0.0056945782818812,False,0.0,0.0,0.0,0.0,0.0,100.0,1.0170837348456438,0.0,0.0,72.34748769600326,15.593552077944954,62.32428571428578,0.2589505526289996,1.0170837348456438,-0.0168255999684333
NIFTY,2026-07-28T10:18:08,24911.99,1.0,-18.65597999712212,24893.697982113707,TRENDING_BEAR,-0.0122643643990159,0.2,-0.0024026197804404,0.2689414391376726,0.2791767505994682,-0.0024026197804404,0.1680808154071055,NEUTRAL,0.4518818102628591,0.0056945782818812,False,0.0,0.0,0.0,0.0,0.0,100.0,1.0170837348456438,0.0,0.0,72.34748769600326,15.593552077944954,62.32428571428578,0.2589505526289996,1.0170837348456438,-0.0168255999684333
NIFTY,2026-07-28T10:18:09,24911.99,1.0,-18.65597999712212,24892.586778945584,TRENDING_BEAR,-0.0122643643990159,0.2,-0.0027544305220346,0.2689534090765467,0.2831749338001655,-0.0027544305220346,0.1898024924208338,NEUTRAL,0.4478716571232877,0.0056945782818812,False,0.0,0.0,0.0,0.0,0.0,100.0,1.0170837348456438,0.0,0.0,72.34748769600326,15.593552077944954,62.32428571428578,0.2589505526289996,1.0170837348456438,-0.0168255999684333
NIFTY,2026-07-28 10:19:08,24911.99,1.0,-18.65597999712212,24892.69825751032,TRENDING_BEAR,-0.0122643643990159,0.2,-0.00276381427049,0.268941426611709,0.285468380553443,-0.00276381427049,0.2025368450414599,NEUTRAL,0.445590192834848,,,0.0,0.0,0.0,0.0,0.0,100.0,1.0170837348456438,0.0,0.0,72.34748769600326,15.593552077944954,62.32428571428578,0.2589505526289996,1.0170837348456438,-0.0168255999684333
NIFTY,2026-07-28 10:20:09,24911.99,1.0,-18.65597999712212,24894.49930052397,TRENDING_BEAR,-0.0122643643990159,0.2,-0.0027892923284149,0.2689561965420505,0.2855887565533221,-0.0027892923284149,0.197940032081869,NEUTRAL,0.4454550469046272,,,0.0,0.0,0.0,0.0,0.0,100.0,1.0170837348456438,0.0,0.0,72.34748769600326,15.593552077944954,62.32428571428578,0.2589505526289996,1.0170837348456438,-0.0168255999684333
NIFTY,2026-07-28T10:20:33,24911.99,1.0,-18.65597999712212,24896.97319213153,TRENDING_BEAR,-0.0122643643990159,0.2,-0.0026121442571873,0.2689414266718226,0.2830799392373711,-0.0026121442571873,0.1856776271729098,NEUTRAL,0.4479786340908062,,,-0.0008333333333333,0.1666666666666666,16.666666666666664,0.0,16.666666666666664,83.33333333333334,1.0170837348456438,0.0,0.0,72.34748769600326,15.593552077944954,62.32428571428578,0.2589505526289996,1.0170837348456438,-0.0168255999684333
BANKNIFTY,2026-07-28T10:20:59,51813.47,1.0,19.06500156586469,51791.519307216855,TRENDING_BULL,57.19500469759407,0.25,0.0006925116075353,0.2689527279132848,0.2689423978202487,0.0006925116075353,0.0372894429969884,NEUTRAL,0.4621048742664664,,,-0.0008333333333333,0.1666666666666666,16.666666666666664,0.0,16.666666666666664,83.33333333333334,1.009357365278179,0.0,0.0,62.19834209899732,16.22964841159043,131.64642857142826,1.6574485447456706,1.009357365278179,95.32500782932344
NIFTY,2026-07-28 10:21:08,24911.99,1.0,-18.65597999712212,24893.84265453719,TRENDING_BEAR,-0.0122643643990159,0.2,-0.0028642181584901,0.268945500352212,0.2875846712544096,-0.0028642181584901,0.2041740417658054,NEUTRAL,0.4434698283933783,,,0.0,0.0,0.0,0.0,0.0,100.0,1.0170837348456438,0.0,0.0,72.34748769600326,15.593552077944954,62.32428571428578,0.2589505526289996,1.0170837348456438,-0.0168255999684333
NIFTY,2026-07-28T10:22:08,24911.99,1.0,-18.65597999712212,24896.29732841709,TRENDING_BEAR,-0.0122643643990159,0.2,-0.0029201421234528,0.2689764703246613,0.2888121446010556,-0.0029201421234528,0.2050874898750511,NEUTRAL,0.4422113850742831,0.0056945782818812,False,0.0,0.0,0.0,0.0,0.0,100.0,1.0170837348456438,0.0,0.0,72.34748769600326,15.593552077944954,62.32428571428578,0.2589505526289996,1.0170837348456438,-0.0168255999684333
NIFTY,2026-07-28T10:22:09,24911.99,1.0,-18.65597999712212,24896.21846430848,TRENDING_BEAR,-0.0122643643990159,0.2,-0.002806510281502,0.2689476145484434,0.286124630298967,-0.002806510281502,0.1967272116771056,NEUTRAL,0.4449277551525894,0.0056945782818812,False,0.0,0.0,0.0,0.0,0.0,100.0,1.0170837348456438,0.0,0.0,72.34748769600326,15.593552077944954,62.32428571428578,0.2589505526289996,1.0170837348456438,-0.0168255999684333
NIFTY,2026-07-28T10:23:08,24911.99,1.0,-18.65597999712212,24896.895995402465,TRENDING_BEAR,-0.0122643643990159,0.2,-0.0025533743679329,0.2689414269031799,0.2848025810689398,-0.0025533743679329,0.1858755653433966,NEUTRAL,0.4462559920278802,0.0056945782818812,False,0.0,0.0,0.0,0.0,0.0,100.0,1.0170837348456438,0.0,0.0,72.34748769600326,15.593552077944954,62.32428571428578,0.2589505526289996,1.0170837348456438,-0.0168255999684333
NIFTY,2026-07-28T10:23:09,24911.99,1.0,-18.65597999712212,24893.12669321661,TRENDING_BEAR,-0.0122643643990159,0.2,-0.0028986283508459,0.2689556887858201,0.2883696262567986,-0.0028986283508459,0.185605572775079,NEUTRAL,0.4426746849573813,0.0056945782818812,False,0.0,0.0,0.0,0.0,0.0,100.0,1.0170837348456438,0.0,0.0,72.34748769600326,15.593552077944954,62.32428571428578,0.2589505526289996,1.0170837348456438,-0.0168255999684333
NIFTY,2026-07-28T10:24:09,24911.99,1.0,-18.65597999712212,24895.574580320805,TRENDING_BEAR,-0.0122643643990159,0.2,-0.0027825011375312,0.2690134830750749,0.2855399862567535,-0.0027825011375312,0.1896425277853265,NEUTRAL,0.4454465306681716,0.0056945782818812,False,0.0,0.0,0.0,0.0,0.0,100.0,1.0170837348456438,0.0,0.0,72.34748769600326,15.593552077944954,62.32428571428578,0.2589505526289996,1.0170837348456438,-0.0168255999684333
NIFTY,2026-07-28T10:24:08,24911.99,1.0,-18.65597999712212,24894.26258053611,TRENDING_BEAR,-0.0122643643990159,0.2,-0.0027237456287951,0.2689414263849472,0.2837923999055466,-0.0027237456287951,0.1844853088738748,NEUTRAL,0.4472661737095061,0.0056945782818812,False,0.0,0.0,0.0,0.0,0.0,100.0,1.0170837348456438,0.0,0.0,72.34748769600326,15.593552077944954,62.32428571428578,0.2589505526289996,1.0170837348456438,-0.0168255999684333
NIFTY,2026-07-28 10:25:09,24911.99,1.0,-18.65597999712212,24894.41763545856,TRENDING_BEAR,-0.0122643643990159,0.2,-0.0025571892651137,0.2689615510699475,0.2800292035062723,-0.0025571892651137,0.186997186541075,NEUTRAL,0.45100924542378,,,0.0,0.0,0.0,0.0,0.0,100.0,1.0170837348456438,0.0,0.0,72.34748769600326,15.593552077944954,62.32428571428578,0.2589505526289996,1.0170837348456438,-0.0168255999684333
NIFTY,2026-07-28T10:26:08,24911.99,1.0,-18.65597999712212,24896.97319213153,TRENDING_BEAR,-0.0122643643990159,0.2,-0.0026118309917164,0.2689414267688411,0.2830941813753262,-0.0026118309917164,0.1856248585580536,NEUTRAL,0.4479643918558327,0.0056945782818812,False,0.0,0.0,0.0,0.0,0.0,100.0,1.0170837348456438,0.0,0.0,72.34748769600326,15.593552077944954,62.32428571428578,0.2589505526289996,1.0170837348456438,-0.0168255999684333
NIFTY,2026-07-28T10:26:09,24911.99,1.0,-18.65597999712212,24893.44957854332,TRENDING_BEAR,-0.0122643643990159,0.2,-0.0026144236771036,0.2689414267093166,0.2795840643743603,-0.0026144236771036,0.1951872894066587,NEUTRAL,0.451474508916323,0.0056945782818812,False,0.0,0.0,0.0,0.0,0.0,100.0,1.0170837348456438,0.0,0.0,72.34748769600326,15.593552077944954,62.32428571428578,0.2589505526289996,1.0170837348456438,-0.0168255999684333
NIFTY,2026-07-28T10:26:36,24911.99,1.0,-18.65597999712212,24896.97319213153,TRENDING_BEAR,-0.0122643643990159,0.2,-0.0026121442571873,0.2689414266718226,0.2830799392373711,-0.0026121442571873,0.1856776271729098,NEUTRAL,0.4479786340908062,,,-0.0008333333333333,0.1666666666666666,16.666666666666664,0.0,16.666666666666664,83.33333333333334,1.0170837348456438,0.0,0.0,72.34748769600326,15.593552077944954,62.32428571428578,0.2589505526289996,1.0170837348456438,-0.0168255999684333
BANKNIFTY,2026-07-28T10:26:59,51813.47,1.0,19.06500156586469,51791.519307216855,TRENDING_BULL,57.19500469759407,0.25,0.0006925116075353,0.2689527279132848,0.2689423978202487,0.0006925116075353,0.0372894429969884,NEUTRAL,0.4621048742664664,,,-0.0008333333333333,0.1666666666666666,16.666666666666664,0.0,16.666666666666664,83.33333333333334,1.009357365278179,0.0,0.0,62.19834209899732,16.22964841159043,131.64642857142826,1.6574485447456706,1.009357365278179,95.32500782932344
NIFTY,2026-07-28T10:27:08,24911.99,1.0,-18.65597999712212,24896.97319213153,TRENDING_BEAR,-0.0122643643990159,0.2,-0.0026118309917164,0.2689414267688411,0.2830941813753262,-0.0026118309917164,0.1856248585580536,NEUTRAL,0.4479643918558327,0.0056945782818812,False,0.0,0.0,0.0,0.0,0.0,100.0,1.0170837348456438,0.0,0.0,72.34748769600326,15.593552077944954,62.32428571428578,0.2589505526289996,1.0170837348456438,-0.0168255999684333
NIFTY,2026-07-28T10:27:09,24911.99,1.0,-18.65597999712212,24893.44957854332,TRENDING_BEAR,-0.0122643643990159,0.2,-0.0026144236771036,0.2689414267093166,0.2795840643743603,-0.0026144236771036,0.1951872894066587,NEUTRAL,0.451474508916323,0.0056945782818812,False,0.0,0.0,0.0,0.0,0.0,100.0,1.0170837348456438,0.0,0.0,72.34748769600326,15.593552077944954,62.32428571428578,0.2589505526289996,1.0170837348456438,-0.0168255999684333
NIFTY,2026-07-28 10:28:08,24911.99,1.0,-18.65597999712212,24893.44957854332,TRENDING_BEAR,-0.0122643643990159,0.2,-0.0026144236771036,0.2689414267093166,0.2795840643743603,-0.0026144236771036,0.1951872894066587,NEUTRAL,0.451474508916323,,,0.0,0.0,0.0,0.0,0.0,100.0,1.0170837348456438,0.0,0.0,72.34748769600326,15.593552077944954,62.32428571428578,0.2589505526289996,1.0170837348456438,-0.0168255999684333
NIFTY,2026-07-28T10:29:08,24911.99,1.0,-18.65597999712212,24896.22409326124,TRENDING_BEAR,-0.0122643643990159,0.2,-0.0029140175506928,0.2689414263111528,0.2887368195111915,-0.0029140175506928,0.1987113617152772,NEUTRAL,0.4423217541776555,0.0056945782818812,False,0.0,0.0,0.0,0.0,0.0,100.0,1.0170837348456438,0.0,0.0,72.34748769600326,15.593552077944954,62.32428571428578,0.2589505526289996,1.0170837348456438,-0.0168255999684333
NIFTY,2026-07-28T10:29:09,24911.99,1.0,-18.65597999712212,24895.4789954539,TRENDING_BEAR,-0.0122643643990159,0.2,-0.002773469145697,0.2689414300062221,0.2858430827544196,-0.002773469145697,0.2022298389685187,NEUTRAL,0.4452154872393581,0.0056945782818812,False,0.0,0.0,0.0,0.0,0.0,100.0,1.0170837348456438,0.0,0.0,72.34748769600326,15.593552077944954,62.32428571428578,0.2589505526289996,1.0170837348456438,-0.0168255999684333
NIFTY,2026-07-28 10:30:09,24911.99,1.0,-18.65597999712212,24894.26260809453,TRENDING_BEAR,-0.0122643643990159,0.2,-0.0030216601960077,0.2689414908649328,0.2906331962544424,-0.0030216601960077,0.2112329444333473,NEUTRAL,0.4404253128806247,,,0.0,0.0,0.0,0.0,0.0,100.0,1.0170837348456438,0.0,0.0,72.34748769600326,15.593552077944954,62.32428571428578,0.2589505526289996,1.0170837348456438,-0.0168255999684333
NIFTY,2026-07-28T10:31:09,24911.99,1.0,-18.65597999712212,24895.856822827187,TRENDING_BEAR,-0.0122643643990159,0.2,-0.0026207996055215,0.2689495486057825,0.2807976330266204,-0.0026207996055215,0.1803726157049567,NEUTRAL,0.4502528183675971,0.0056945782818812,False,0.0,0.0,0.0,0.0,0.0,100.0,1.0170837348456438,0.0,0.0,72.34748769600326,15.593552077944954,62.32428571428578,0.2589505526289996,1.0170837348456438,-0.0168255999684333
NIFTY,2026-07-28T10:31:08,24911.99,1.0,-18.65597999712212,24893.466775881043,TRENDING_BEAR,-0.0122643643990159,0.2,-0.0025910822897689,0.2689541865231564,0.2812674746215378,-0.0025910822897689,0.1948908386714399,NEUTRAL,0.4497783388553057,0.0056945782818812,False,0.0,0.0,0.0,0.0,0.0,100.0,1.0170837348456438,0.0,0.0,72.34748769600326,15.593552077944954,62.32428571428578,0.2589505526289996,1.0170837348456438,-0.0168255999684333
NIFTY,2026-07-28 10:32:09,24911.99,1.0,-18.65597999712212,24893.44957854332,TRENDING_BEAR,-0.0122643643990159,0.2,-0.0026144236771036,0.2689414267093166,0.2795840643743603,-0.0026144236771036,0.1951872894066587,NEUTRAL,0.451474508916323,,,0.0,0.0,0.0,0.0,0.0,100.0,1.0170837348456438,0.0,0.0,72.34748769600326,15.593552077944954,62.32428571428578,0.2589505526289996,1.0170837348456438,-0.0168255999684333
NIFTY,2026-07-28T10:32:32,24911.99,1.0,-18.65597999712212,24896.97319213153,TRENDING_BEAR,-0.0122643643990159,0.2,-0.0026121442571873,0.2689414266718226,0.2830799392373711,-0.0026121442571873,0.1856776271729098,NEUTRAL,0.4479786340908062,,,-0.0008333333333333,0.1666666666666666,16.666666666666664,0.0,16.666666666666664,83.33333333333334,1.0170837348456438,0.0,0.0,72.34748769600326,15.593552077944954,62.32428571428578,0.2589505526289996,1.0170837348456438,-0.0168255999684333
BANKNIFTY,2026-07-28T10:32:55,51813.47,1.0,19.06500156586469,51791.519307216855,TRENDING_BULL,57.19500469759407,0.25,0.0006925116075353,0.2689527279132848,0.2689423978202487,0.0006925116075353,0.0372894429969884,NEUTRAL,0.4621048742664664,,,-0.0008333333333333,0.1666666666666666,16.666666666666664,0.0,16.666666666666664,83.33333333333334,1.009357365278179,0.0,0.0,62.19834209899732,16.22964841159043,131.64642857142826,1.6574485447456706,1.009357365278179,95.32500782932344
NIFTY,2026-07-28 10:33:09,24911.99,1.0,-18.65597999712212,24893.76208393969,TRENDING_BEAR,-0.0122643643990159,0.2,-0.0029863561206656,0.2689414263353662,0.2893661246095722,-0.0029863561206656,0.2115610527218967,NEUTRAL,0.4416924490550615,,,0.0,0.0,0.0,0.0,0.0,100.0,1.0170837348456438,0.0,0.0,72.34748769600326,15.593552077944954,62.32428571428578,0.2589505526289996,1.0170837348456438,-0.0168255999684333
NIFTY,2026-07-28T10:34:08,24911.99,1.0,-18.65597999712212,24893.43937488197,TRENDING_BEAR,-0.0122643643990159,0.2,-0.0028110178520878,0.2689914679260258,0.2859728819830329,-0.0028110178520878,0.1928481635503871,NEUTRAL,0.4450356500909412,0.0056945782818812,False,0.0,0.0,0.0,0.0,0.0,100.0,1.0170837348456438,0.0,0.0,72.34748769600326,15.593552077944954,62.32428571428578,0.2589505526289996,1.0170837348456438,-0.0168255999684333
NIFTY,2026-07-28T10:34:09,24911.99,1.0,-18.65597999712212,24894.980917945708,TRENDING_BEAR,-0.0122643643990159,0.2,-0.0029617193779168,0.2689414264515062,0.289945211831993,-0.0029617193779168,0.214010825392057,NEUTRAL,0.4411133617165008,0.0056945782818812,False,0.0,0.0,0.0,0.0,0.0,100.0,1.0170837348456438,0.0,0.0,72.34748769600326,15.593552077944954,62.32428571428578,0.2589505526289996,1.0170837348456438,-0.0168255999684333
NIFTY,2026-07-28 10:35:09,24911.99,1.0,-18.65597999712212,24892.281389922413,TRENDING_BEAR,-0.0122643643990159,0.2,-0.0025980665864806,0.2690009559005203,0.2828207813571431,-0.0025980665864806,0.1839793432736064,NEUTRAL,0.4481782627423365,,,0.0,0.0,0.0,0.0,0.0,100.0,1.0170837348456438,0.0,0.0,72.34748769600326,15.593552077944954,62.32428571428578,0.2589505526289996,1.0170837348456438,-0.0168255999684333
NIFTY,2026-07-28T10:36:08,24911.99,1.0,-18.65597999712212,24896.97319213153,TRENDING_BEAR,-0.0122643643990159,0.2,-0.0026118309917164,0.2689414267688411,0.2830941813753262,-0.0026118309917164,0.1856248585580536,NEUTRAL,0.4479643918558327,0.0056945782818812,False,0.0,0.0,0.0,0.0,0.0,100.0,1.0170837348456438,0.0,0.0,72.34748769600326,15.593552077944954,62.32428571428578,0.2589505526289996,1.0170837348456438,-0.0168255999684333
NIFTY,2026-07-28T10:36:09,24911.99,1.0,-18.65597999712212,24893.44957854332,TRENDING_BEAR,-0.0122643643990159,0.2,-0.0026144236771036,0.2689414267093166,0.2795840643743603,-0.0026144236771036,0.1951872894066587,NEUTRAL,0.451474508916323,0.0056945782818812,False,0.0,0.0,0.0,0.0,0.0,100.0,1.0170837348456438,0.0,0.0,72.34748769600326,15.593552077944954,62.32428571428578,0.2589505526289996,1.0170837348456438,-0.0168255999684333
NIFTY,2026-07-28T10:37:08,24911.99,1.0,-18.65597999712212,24896.97319213153,TRENDING_BEAR,-0.0122643643990159,0.2,-0.0026118309917164,0.2689414267688411,0.2830941813753262,-0.0026118309917164,0.1856248585580536,NEUTRAL,0.4479643918558327,0.0056945782818812,False,0.0,0.0,0.0,0.0,0.0,100.0,1.0170837348456438,0.0,0.0,72.34748769600326,15.593552077944954,62.32428571428578,0.2589505526289996,1.0170837348456438,-0.0168255999684333
NIFTY,2026-07-28T10:37:09,24911.99,1.0,-18.65597999712212,24893.44957854332,TRENDING_BEAR,-0.0122643643990159,0.2,-0.0026144236771036,0.2689414267093166,0.2795840643743603,-0.0026144236771036,0.1951872894066587,NEUTRAL,0.451474508916323,0.0056945782818812,False,0.0,0.0,0.0,0.0,0.0,100.0,1.0170837348456438,0.0,0.0,72.34748769600326,15.593552077944954,62.32428571428578,0.2589505526289996,1.0170837348456438,-0.0168255999684333
NIFTY,2026-07-28 10:38:09,24911.99,1.0,-18.65597999712212,24892.643276927472,TRENDING_BEAR,-0.0122643643990159,0.2,-0.0027740779712567,0.26894142684622,0.2832404619730916,-0.0027740779712567,0.2068007798210742,NEUTRAL,0.4478181111806883,,,0.0,0.0,0.0,0.0,0.0,100.0,1.0170837348456438,0.0,0.0,72.34748769600326,15.593552077944954,62.32428571428578,0.2589505526289996,1.0170837348456438,-0.0168255999684333
NIFTY,2026-07-28T10:38:28,24911.99,1.0,-18.65597999712212,24896.97319213153,TRENDING_BEAR,-0.0122643643990159,0.2,-0.0026121442571873,0.2689414266718226,0.2830799392373711,-0.0026121442571873,0.1856776271729098,NEUTRAL,0.4479786340908062,,,-0.0008333333333333,0.1666666666666666,16.666666666666664,0.0,16.666666666666664,83.33333333333334,1.0170837348456438,0.0,0.0,72.34748769600326,15.593552077944954,62.32428571428578,0.2589505526289996,1.0170837348456438,-0.0168255999684333
BANKNIFTY,2026-07-28T10:38:51,51813.47,1.0,19.06500156586469,51791.519307216855,TRENDING_BULL,57.19500469759407,0.25,0.0006925116075353,0.2689527279132848,0.2689423978202487,0.0006925116075353,0.0372894429969884,NEUTRAL,0.4621048742664664,,,-0.0008333333333333,0.1666666666666666,16.666666666666664,0.0,16.666666666666664,83.33333333333334,1.009357365278179,0.0,0.0,62.19834209899732,16.22964841159043,131.64642857142826,1.6574485447456706,1.009357365278179,95.32500782932344
NIFTY,2026-07-28T10:39:09,24911.99,1.0,-18.65597999712212,24896.97319213153,TRENDING_BEAR,-0.0122643643990159,0.2,-0.0026118309917164,0.2689414267688411,0.2830941813753262,-0.0026118309917164,0.1856248585580536,NEUTRAL,0.4479643918558327,0.0056945782818812,False,0.0,0.0,0.0,0.0,0.0,100.0,1.0170837348456438,0.0,0.0,72.34748769600326,15.593552077944954,62.32428571428578,0.2589505526289996,1.0170837348456438,-0.0168255999684333
NIFTY,2026-07-28T10:39:10,24911.99,1.0,-18.65597999712212,24893.44957854332,TRENDING_BEAR,-0.0122643643990159,0.2,-0.0026144236771036,0.2689414267093166,0.2795840643743603,-0.0026144236771036,0.1951872894066587,NEUTRAL,0.451474508916323,0.0056945782818812,False,0.0,0.0,0.0,0.0,0.0,100.0,1.0170837348456438,0.0,0.0,72.34748769600326,15.593552077944954,62.32428571428578,0.2589505526289996,1.0170837348456438,-0.0168255999684333
NIFTY,2026-07-28 10:40:11,24911.99,1.0,-18.65597999712212,24893.876132805977,TRENDING_BEAR,-0.0122643643990159,0.2,-0.0028399137337969,0.2689414263511854,0.2853419561230813,-0.0028399137337969,0.2003146742683792,NEUTRAL,0.4457166175257332,,,0.0,0.0,0.0,0.0,0.0,100.0,1.0170837348456438,0.0,0.0,72.34748769600326,15.593552077944954,62.32428571428578,0.2589505526289996,1.0170837348456438,-0.0168255999684333
NIFTY,2026-07-28 10:41:08,24911.99,1.0,-18.65597999712212,24895.786979669807,TRENDING_BEAR,-0.0122643643990159,0.2,-0.0024093828527613,0.2689418410279179,0.2791414827442207,-0.0024093828527613,0.1791418236260454,NEUTRAL,0.4519166762278614,,,0.0,0.0,0.0,0.0,0.0,100.0,1.0170837348456438,0.0,0.0,72.34748769600326,15.593552077944954,62.32428571428578,0.2589505526289996,1.0170837348456438,-0.0168255999684333
NIFTY,2026-07-28 10:42:08,24911.99,1.0,-18.65597999712212,24893.30955448643,TRENDING_BEAR,-0.0122643643990159,0.2,-0.0022301594877863,0.2689414272934139,0.2726772688820127,-0.0022301594877863,0.1605259991927265,NEUTRAL,0.4583813038245732,,,0.0,0.0,0.0,0.0,0.0,100.0,1.0170837348456438,0.0,0.0,72.34748769600326,15.593552077944954,62.32428571428578,0.2589505526289996,1.0170837348456438,-0.0168255999684333
NIFTY,2026-07-28T10:43:08,24911.99,1.0,-18.65597999712212,24894.15543967197,TRENDING_BEAR,-0.0122643643990159,0.2,-0.0027018456954955,0.2689414265968087,0.2854074256913342,-0.0027018456954955,0.1942151627570327,NEUTRAL,0.4456511477118571,0.0056945782818812,False,0.0,0.0,0.0,0.0,0.0,100.0,1.0170837348456438,0.0,0.0,72.34748769600326,15.593552077944954,62.32428571428578,0.2589505526289996,1.0170837348456438,-0.0168255999684333
NIFTY,2026-07-28T10:43:09,24911.99,1.0,-18.65597999712212,24893.892780983024,TRENDING_BEAR,-0.0122643643990159,0.2,-0.0030480678496233,0.2689540590839718,0.291404467644163,-0.0030480678496233,0.2133610356083315,NEUTRAL,0.4396414732718651,0.0056945782818812,False,0.0,0.0,0.0,0.0,0.0,100.0,1.0170837348456438,0.0,0.0,72.34748769600326,15.593552077944954,62.32428571428578,0.2589505526289996,1.0170837348456438,-0.0168255999684333
NIFTY,2026-07-28T10:44:08,24911.99,1.0,-18.65597999712212,24896.97319213153,TRENDING_BEAR,-0.0122643643990159,0.2,-0.0026118309917164,0.2689414267688411,0.2830941813753262,-0.0026118309917164,0.1856248585580536,NEUTRAL,0.4479643918558327,0.0056945782818812,False,0.0,0.0,0.0,0.0,0.0,100.0,1.0170837348456438,0.0,0.0,72.34748769600326,15.593552077944954,62.32428571428578,0.2589505526289996,1.0170837348456438,-0.0168255999684333
NIFTY,2026-07-28T10:44:25,24911.99,1.0,-18.65597999712212,24896.97319213153,TRENDING_BEAR,-0.0122643643990159,0.2,-0.0026121442571873,0.2689414266718226,0.2830799392373711,-0.0026121442571873,0.1856776271729098,NEUTRAL,0.4479786340908062,,,-0.0008333333333333,0.1666666666666666,16.666666666666664,0.0,16.666666666666664,83.33333333333334,1.0170837348456438,0.0,0.0,72.34748769600326,15.593552077944954,62.32428571428578,0.2589505526289996,1.0170837348456438,-0.0168255999684333
BANKNIFTY,2026-07-28T10:44:50,51813.47,1.0,19.06500156586469,51791.519307216855,TRENDING_BULL,57.19500469759407,0.25,0.0006925116075353,0.2689527279132848,0.2689423978202487,0.0006925116075353,0.0372894429969884,NEUTRAL,0.4621048742664664,,,-0.0008333333333333,0.1666666666666666,16.666666666666664,0.0,16.666666666666664,83.33333333333334,1.009357365278179,0.0,0.0,62.19834209899732,16.22964841159043,131.64642857142826,1.6574485447456706,1.009357365278179,95.32500782932344
NIFTY,2026-07-28 10:45:09,24911.99,1.0,-18.65597999712212,24895.843200879368,TRENDING_BEAR,-0.0122643643990159,0.2,-0.0025189070772212,0.2689414269275145,0.2799695088245573,-0.0025189070772212,0.1918092667111177,NEUTRAL,0.4510890642479281,,,0.0,0.0,0.0,0.0,0.0,100.0,1.0170837348456438,0.0,0.0,72.34748769600326,15.593552077944954,62.32428571428578,0.2589505526289996,1.0170837348456438,-0.0168255999684333
NIFTY,2026-07-28 10:46:09,24911.99,1.0,-18.65597999712212,24893.44957854332,TRENDING_BEAR,-0.0122643643990159,0.2,-0.0026144236771036,0.2689414267093166,0.2795840643743603,-0.0026144236771036,0.1951872894066587,NEUTRAL,0.451474508916323,,,0.0,0.0,0.0,0.0,0.0,100.0,1.0170837348456438,0.0,0.0,72.34748769600326,15.593552077944954,62.32428571428578,0.2589505526289996,1.0170837348456438,-0.0168255999684333
NIFTY,2026-07-28T10:47:08,24911.99,1.0,-18.65597999712212,24896.081766682422,TRENDING_BEAR,-0.0122643643990159,0.2,-0.0026754179105047,0.26894144913351,0.2839228397394819,-0.0026754179105047,0.1949763178667576,NEUTRAL,0.447135711127008,0.0056945782818812,False,0.0,0.0,0.0,0.0,0.0,100.0,1.0170837348456438,0.0,0.0,72.34748769600326,15.593552077944954,62.32428571428578,0.2589505526289996,1.0170837348456438,-0.0168255999684333
NIFTY,2026-07-28T10:47:09,24911.99,1.0,-18.65597999712212,24895.63699353008,TRENDING_BEAR,-0.0122643643990159,0.2,-0.0029552401167606,0.2689414264465355,0.2900092492496756,-0.0029552401167606,0.2202845324661585,NEUTRAL,0.4410493243037889,0.0056945782818812,False,0.0,0.0,0.0,0.0,0.0,100.0,1.0170837348456438,0.0,0.0,72.34748769600326,15.593552077944954,62.32428571428578,0.2589505526289996,1.0170837348456438,-0.0168255999684333
NIFTY,2026-07-28T10:48:08,24911.99,1.0,-18.65597999712212,24896.97319213153,TRENDING_BEAR,-0.0122643643990159,0.2,-0.0026118309917164,0.2689414267688411,0.2830941813753262,-0.0026118309917164,0.1856248585580536,NEUTRAL,0.4479643918558327,0.0056945782818812,False,0.0,0.0,0.0,0.0,0.0,100.0,1.0170837348456438,0.0,0.0,72.34748769600326,15.593552077944954,62.32428571428578,0.2589505526289996,1.0170837348456438,-0.0168255999684333
NIFTY,2026-07-28T10:48:09,24911.99,1.0,-18.65597999712212,24893.44957854332,TRENDING_BEAR,-0.0122643643990159,0.2,-0.0026144236771036,0.2689414267093166,0.2795840643743603,-0.0026144236771036,0.1951872894066587,NEUTRAL,0.451474508916323,0.0056945782818812,False,0.0,0.0,0.0,0.0,0.0,100.0,1.0170837348456438,0.0,0.0,72.34748769600326,15.593552077944954,62.32428571428578,0.2589505526289996,1.0170837348456438,-0.0168255999684333
NIFTY,2026-07-28 10:49:09,24911.99,1.0,-18.65597999712212,24896.25597238556,TRENDING_BEAR,-0.0122643643990159,0.2,-0.0026610144446888,0.268941426710665,0.2830174722031872,-0.0026610144446888,0.1915924675903456,NEUTRAL,0.4480411010861476,,,0.0,0.0,0.0,0.0,0.0,100.0,1.0170837348456438,0.0,0.0,72.34748769600326,15.593552077944954,62.32428571428578,0.2589505526289996,1.0170837348456438,-0.0168255999684333
NIFTY,2026-07-28 10:50:09,24911.99,1.0,-18.65597999712212,24892.25413845856,TRENDING_BEAR,-0.0122643643990159,0.2,-0.0028450466115503,0.2689414264663352,0.2835812857436698,-0.0028450466115503,0.1955687026956523,NEUTRAL,0.4474772877899949,,,0.0,0.0,0.0,0.0,0.0,100.0,1.0170837348456438,0.0,0.0,72.34748769600326,15.593552077944954,62.32428571428578,0.2589505526289996,1.0170837348456438,-0.0168255999684333
NIFTY,2026-07-28T10:50:26,24911.99,1.0,-18.65597999712212,24896.97319213153,TRENDING_BEAR,-0.0122643643990159,0.2,-0.0026121442571873,0.2689414266718226,0.2830799392373711,-0.0026121442571873,0.1856776271729098,NEUTRAL,0.4479786340908062,,,-0.0008333333333333,0.1666666666666666,16.666666666666664,0.0,16.666666666666664,83.33333333333334,1.0170837348456438,0.0,0.0,72.34748769600326,15.593552077944954,62.32428571428578,0.2589505526289996,1.0170837348456438,-0.0168255999684333
BANKNIFTY,2026-07-28T10:50:49,51813.47,1.0,19.06500156586469,51791.519307216855,TRENDING_BULL,57.19500469759407,0.25,0.0006925116075353,0.2689527279132848,0.2689423978202487,0.0006925116075353,0.0372894429969884,NEUTRAL,0.4621048742664664,,,-0.0008333333333333,0.1666666666666666,16.666666666666664,0.0,16.666666666666664,83.33333333333334,1.009357365278179,0.0,0.0,62.19834209899732,16.22964841159043,131.64642857142826,1.6574485447456706,1.009357365278179,95.32500782932344
NIFTY,2026-07-28T10:51:09,24911.99,1.0,-18.65597999712212,24894.16093988616,TRENDING_BEAR,-0.0122643643990159,0.2,-0.0026729473330149,0.2689588572197177,0.2825274889825807,-0.0026729473330149,0.1985422814208409,NEUTRAL,0.4485136537977016,0.0056945782818812,False,0.0,0.0,0.0,0.0,0.0,100.0,1.0170837348456438,0.0,0.0,72.34748769600326,15.593552077944954,62.32428571428578,0.2589505526289996,1.0170837348456438,-0.0168255999684333
NIFTY,2026-07-28T10:51:08,24911.99,1.0,-18.65597999712212,24891.78690892204,TRENDING_BEAR,-0.0122643643990159,0.2,-0.0025487066198332,0.2689434035388548,0.2792330102358816,-0.0025487066198332,0.1905537979097784,NEUTRAL,0.4518235862252635,0.0056945782818812,False,0.0,0.0,0.0,0.0,0.0,100.0,1.0170837348456438,0.0,0.0,72.34748769600326,15.593552077944954,62.32428571428578,0.2589505526289996,1.0170837348456438,-0.0168255999684333
NIFTY,2026-07-28T10:52:08,24911.99,1.0,-18.65597999712212,24894.65741664664,TRENDING_BEAR,-0.0122643643990159,0.2,-0.0027984369725901,0.2689423198266857,0.2851355634838794,-0.0027984369725901,0.1929258766682575,NEUTRAL,0.4459221166894349,0.0056945782818812,False,0.0,0.0,0.0,0.0,0.0,100.0,1.0170837348456438,0.0,0.0,72.34748769600326,15.593552077944954,62.32428571428578,0.2589505526289996,1.0170837348456438,-0.0168255999684333
NIFTY,2026-07-28T10:52:09,24911.99,1.0,-18.65597999712212,24896.38595482524,TRENDING_BEAR,-0.0122643643990159,0.2,-0.0028345628542447,0.2689414288040234,0.2871243478689885,-0.0028345628542447,0.2006476172806702,NEUTRAL,0.443934223326988,0.0056945782818812,False,0.0,0.0,0.0,0.0,0.0,100.0,1.0170837348456438,0.0,0.0,72.34748769600326,15.593552077944954,62.32428571428578,0.2589505526289996,1.0170837348456438,-0.0168255999684333
NIFTY,2026-07-28 10:53:08,24911.99,1.0,-18.65597999712212,24896.545984767206,TRENDING_BEAR,-0.0122643643990159,0.2,-0.0027423943981874,0.2689415761034442,0.2849674334297581,-0.0027423943981874,0.1924175482244313,NEUTRAL,0.4460909904667976,,,0.0,0.0,0.0,0.0,0.0,100.0,1.0170837348456438,0.0,0.0,72.34748769600326,15.593552077944954,62.32428571428578,0.2589505526289996,1.0170837348456438,-0.0168255999684333
NIFTY,2026-07-28 10:54:09,24911.99,1.0,-18.65597999712212,24894.22069224904,TRENDING_BEAR,-0.0122643643990159,0.2,-0.0028467300139428,0.2689720408253021,0.2867064094506966,-0.0028467300139428,0.1999503297139104,NEUTRAL,0.4443215497240013,,,0.0,0.0,0.0,0.0,0.0,100.0,1.0170837348456438,0.0,0.0,72.34748769600326,15.593552077944954,62.32428571428578,0.2589505526289996,1.0170837348456438,-0.0168255999684333
NIFTY,2026-07-28T10:55:08,24911.99,1.0,-18.65597999712212,24894.9605795058,TRENDING_BEAR,-0.0122643643990159,0.2,-0.0023903530737765,0.2689414269496541,0.2741638952083462,-0.0023903530737765,0.1682481572286454,NEUTRAL,0.4568946778419996,0.0056945782818812,False,0.0,0.0,0.0,0.0,0.0,100.0,1.0170837348456438,0.0,0.0,72.34748769600326,15.593552077944954,62.32428571428578,0.2589505526289996,1.0170837348456438,-0.0168255999684333
NIFTY,2026-07-28T10:55:09,24911.99,1.0,-18.65597999712212,24894.795750818485,TRENDING_BEAR,-0.0122643643990159,0.2,-0.0026145361113183,0.2689414266629122,0.2847873445644849,-0.0026145361113183,0.1862633393396409,NEUTRAL,0.4462712287726028,0.0056945782818812,False,0.0,0.0,0.0,0.0,0.0,100.0,1.0170837348456438,0.0,0.0,72.34748769600326,15.593552077944954,62.32428571428578,0.2589505526289996,1.0170837348456438,-0.0168255999684333
NIFTY,2026-07-28 10:56:08,24911.99,1.0,-18.65597999712212,24893.44957854332,TRENDING_BEAR,-0.0122643643990159,0.2,-0.0026144236771036,0.2689414267093166,0.2795840643743603,-0.0026144236771036,0.1951872894066587,NEUTRAL,0.451474508916323,,,0.0,0.0,0.0,0.0,0.0,100.0,1.0170837348456438,0.0,0.0,72.34748769600326,15.593552077944954,62.32428571428578,0.2589505526289996,1.0170837348456438,-0.0168255999684333
NIFTY,2026-07-28T10:56:22,24911.99,1.0,-18.65597999712212,24896.97319213153,TRENDING_BEAR,-0.0122643643990159,0.2,-0.0026121442571873,0.2689414266718226,0.2830799392373711,-0.0026121442571873,0.1856776271729098,NEUTRAL,0.4479786340908062,-0.000348966916726,True,-0.0008333333333333,0.1666666666666666,16.666666666666664,0.0,16.666666666666664,83.33333333333334,1.0170837348456438,0.0,0.0,72.34748769600326,15.593552077944954,62.32428571428578,0.2589505526289996,1.0170837348456438,-0.0168255999684333
BANKNIFTY,2026-07-28T10:56:45,51813.47,1.0,19.06500156586469,51791.519307216855,TRENDING_BULL,57.19500469759407,0.25,0.0006925116075353,0.2689527279132848,0.2689423978202487,0.0006925116075353,0.0372894429969884,NEUTRAL,0.4621048742664664,,,-0.0008333333333333,0.1666666666666666,16.666666666666664,0.0,16.666666666666664,83.33333333333334,1.009357365278179,0.0,0.0,62.19834209899732,16.22964841159043,131.64642857142826,1.6574485447456706,1.009357365278179,95.32500782932344
NIFTY,2026-07-28T10:57:08,24911.99,1.0,-18.65597999712212,24896.97319213153,TRENDING_BEAR,-0.0122643643990159,0.2,-0.0026118309917164,0.2689414267688411,0.2830941813753262,-0.0026118309917164,0.1856248585580536,NEUTRAL,0.4479643918558327,0.0056945782818812,False,0.0,0.0,0.0,0.0,0.0,100.0,1.0170837348456438,0.0,0.0,72.34748769600326,15.593552077944954,62.32428571428578,0.2589505526289996,1.0170837348456438,-0.0168255999684333
NIFTY,2026-07-28 10:57:09,24911.99,1.0,-18.65597999712212,24894.23301313572,TRENDING_BEAR,-0.0122643643990159,0.2,-0.0026921438869599,0.2689414264998773,0.2842293405443901,-0.0026921438869599,0.1879283549909651,NEUTRAL,0.4468292329557326,,,0.0,0.0,0.0,0.0,0.0,100.0,1.0170837348456438,0.0,0.0,72.34748769600326,15.593552077944954,62.32428571428578,0.2589505526289996,1.0170837348456438,-0.0168255999684333
NIFTY,2026-07-28 10:58:08,24911.99,1.0,-18.65597999712212,24892.8838623388,TRENDING_BEAR,-0.0122643643990159,0.2,-0.0025659783560477,0.2689414267163508,0.2792897304495063,-0.0025659783560477,0.1886620239771144,NEUTRAL,0.4517688428341428,,,0.0,0.0,0.0,0.0,0.0,100.0,1.0170837348456438,0.0,0.0,72.34748769600326,15.593552077944954,62.32428571428578,0.2589505526289996,1.0170837348456438,-0.0168255999684333
NIFTY,2026-07-28 10:59:08,24911.99,1.0,-18.65597999712212,24894.96889607632,TRENDING_BEAR,-0.0122643643990159,0.2,-0.0029721366418981,0.2689414347919894,0.2892686981663059,-0.0029721366418981,0.2104736000747886,NEUTRAL,0.4417898670417047,,,0.0,0.0,0.0,0.0,0.0,100.0,1.0170837348456438,0.0,0.0,72.34748769600326,15.593552077944954,62.32428571428578,0.2589505526289996,1.0170837348456438,-0.0168255999684333
NIFTY,2026-07-28 11:00:09,24911.99,1.0,-18.65597999712212,24893.704177163738,TRENDING_BEAR,-0.0122643643990159,0.2,-0.0028430251037235,0.2689414265956276,0.2847707993454862,-0.0028430251037235,0.1989925898936154,NEUTRAL,0.4462877740588861,,,0.0,0.0,0.0,0.0,0.0,100.0,1.0170837348456438,0.0,0.0,72.34748769600326,15.593552077944954,62.32428571428578,0.2589505526289996,1.0170837348456438,-0.0168255999684333
NIFTY,2026-07-28 11:01:08,24911.99,1.0,-18.65597999712212,24891.60653345566,TRENDING_BEAR,-0.0122643643990159,0.2,-0.002737867996279,0.2689414264980217,0.2849354887018672,-0.002737867996279,0.2045138312681886,NEUTRAL,0.4461230848001111,,,0.0,0.0,0.0,0.0,0.0,100.0,1.0170837348456438,0.0,0.0,72.34748769600326,15.593552077944954,62.32428571428578,0.2589505526289996,1.0170837348456438,-0.0168255999684333
NIFTY,2026-07-28T11:02:08,24911.99,1.0,-18.65597999712212,24891.71828329525,TRENDING_BEAR,-0.0122643643990159,0.2,-0.0026174500003661,0.2689414267382555,0.2817173289118568,-0.0026174500003661,0.1913560532686188,NEUTRAL,0.4493412443498876,0.0056945782818812,False,0.0,0.0,0.0,0.0,0.0,100.0,1.0170837348456438,0.0,0.0,72.34748769600326,15.593552077944954,62.32428571428578,0.2589505526289996,1.0170837348456438,-0.0168255999684333
NIFTY,2026-07-28T11:02:09,24911.99,1.0,-18.65597999712212,24897.01449822945,TRENDING_BEAR,-0.0122643643990159,0.2,-0.0025618769282123,0.2689414270060069,0.2810665830635828,-0.0025618769282123,0.1975046391255893,NEUTRAL,0.4499919899304103,0.0056945782818812,False,0.0,0.0,0.0,0.0,0.0,100.0,1.0170837348456438,0.0,0.0,72.34748769600326,15.593552077944954,62.32428571428578,0.2589505526289996,1.0170837348456438,-0.0168255999684333
NIFTY,2026-07-28T11:02:18,24911.99,1.0,-18.65597999712212,24896.97319213153,TRENDING_BEAR,-0.0122643643990159,0.2,-0.0026121442571873,0.2689414266718226,0.2830799392373711,-0.0026121442571873,0.1856776271729098,NEUTRAL,0.4479786340908062,0.0054233749639006,False,-0.0008333333333333,0.1666666666666666,16.666666666666664,0.0,16.666666666666664,83.33333333333334,1.0170837348456438,0.0,0.0,72.34748769600326,15.593552077944954,62.32428571428578,0.2589505526289996,1.0170837348456438,-0.0168255999684333
BANKNIFTY,2026-07-28T11:02:41,51813.47,1.0,19.06500156586469,51791.519307216855,TRENDING_BULL,57.19500469759407,0.25,0.0006925116075353,0.2689527279132848,0.2689423978202487,0.0006925116075353,0.0372894429969884,NEUTRAL,0.4621048742664664,,,-0.0008333333333333,0.1666666666666666,16.666666666666664,0.0,16.666666666666664,83.33333333333334,1.009357365278179,0.0,0.0,62.19834209899732,16.22964841159043,131.64642857142826,1.6574485447456706,1.009357365278179,95.32500782932344
NIFTY,2026-07-28 11:03:08,24911.99,1.0,-18.65597999712212,24893.44957854332,TRENDING_BEAR,-0.0122643643990159,0.2,-0.0026144236771036,0.2689414267093166,0.2795840643743603,-0.0026144236771036,0.1951872894066587,NEUTRAL,0.451474508916323,,,0.0,0.0,0.0,0.0,0.0,100.0,1.0170837348456438,0.0,0.0,72.34748769600326,15.593552077944954,62.32428571428578,0.2589505526289996,1.0170837348456438,-0.0168255999684333
NIFTY,2026-07-28T11:04:09,24911.99,1.0,-18.65597999712212,24896.228395668724,TRENDING_BEAR,-0.0122643643990159,0.2,-0.0025056270921614,0.2689414268128344,0.279090632876312,-0.0025056270921614,0.1904952696507833,NEUTRAL,0.4519679403108536,0.0056945782818812,False,0.0,0.0,0.0,0.0,0.0,100.0,1.0170837348456438,0.0,0.0,72.34748769600326,15.593552077944954,62.32428571428578,0.2589505526289996,1.0170837348456438,-0.0168255999684333
NIFTY,2026-07-28T11:04:08,24911.99,1.0,-18.65597999712212,24893.280152014704,TRENDING_BEAR,-0.0122643643990159,0.2,-0.0027734045477056,0.2689937340490865,0.2844433827260982,-0.0027734045477056,0.1929645244598804,NEUTRAL,0.4465628832248153,0.0056945782818812,False,0.0,0.0,0.0,0.0,0.0,100.0,1.0170837348456438,0.0,0.0,72.34748769600326,15.593552077944954,62.32428571428578,0.2589505526289996,1.0170837348456438,-0.0168255999684333
NIFTY,2026-07-28 11:05:08,24911.99,1.0,-18.65597999712212,24894.35378095001,TRENDING_BEAR,-0.0122643643990159,0.2,-0.0029158721897046,0.2689414262664347,0.2890893790343306,-0.0029158721897046,0.2065305281122311,NEUTRAL,0.4419691946992347,,,0.0,0.0,0.0,0.0,0.0,100.0,1.0170837348456438,0.0,0.0,72.34748769600326,15.593552077944954,62.32428571428578,0.2589505526289996,1.0170837348456438,-0.0168255999684333
NIFTY,2026-07-28T11:06:08,24911.99,1.0,-18.65597999712212,24894.768104903167,TRENDING_BEAR,-0.0122643643990159,0.2,-0.00276700159425,0.2689414265689678,0.2869773961298683,-0.00276700159425,0.2048039228436195,NEUTRAL,0.4440811773011639,0.0056945782818812,False,0.0,0.0,0.0,0.0,0.0,100.0,1.0170837348456438,0.0,0.0,72.34748769600326,15.593552077944954,62.32428571428578,0.2589505526289996,1.0170837348456438,-0.0168255999684333
NIFTY,2026-07-28T11:06:09,24911.99,1.0,-18.65597999712212,24894.229324247983,TRENDING_BEAR,-0.0122643643990159,0.2,-0.0024786382129357,0.2689414267898948,0.2775090117714419,-0.0024786382129357,0.1679935822433612,NEUTRAL,0.4535495614386632,0.0056945782818812,False,0.0,0.0,0.0,0.0,0.0,100.0,1.0170837348456438,0.0,0.0,72.34748769600326,15.593552077944954,62.32428571428578,0.2589505526289996,1.0170837348456438,-0.0168255999684333
NIFTY,2026-07-28T11:07:08,24911.99,1.0,-18.65597999712212,24896.97319213153,TRENDING_BEAR,-0.0122643643990159,0.2,-0.0026118309917164,0.2689414267688411,0.2830941813753262,-0.0026118309917164,0.1856248585580536,NEUTRAL,0.4479643918558327,0.0056945782818812,False,0.0,0.0,0.0,0.0,0.0,100.0,1.0170837348456438,0.0,0.0,72.34748769600326,15.593552077944954,62.32428571428578,0.2589505526289996,1.0170837348456438,-0.0168255999684333
NIFTY,2026-07-28T11:07:09,24911.99,1.0,-18.65597999712212,24893.44957854332,TRENDING_BEAR,-0.0122643643990159,0.2,-0.0026144236771036,0.2689414267093166,0.2795840643743603,-0.0026144236771036,0.1951872894066587,NEUTRAL,0.451474508916323,0.0056945782818812,False,0.0,0.0,0.0,0.0,0.0,100.0,1.0170837348456438,0.0,0.0,72.34748769600326,15.593552077944954,62.32428571428578,0.2589505526289996,1.0170837348456438,-0.0168255999684333
NIFTY,2026-07-28 11:08:08,24911.99,1.0,-18.65597999712212,24895.447585648017,TRENDING_BEAR,-0.0122643643990159,0.2,-0.0029548397901729,0.268950832652439,0.2884176663500876,-0.0029548397901729,0.2021277006862825,NEUTRAL,0.4426315009974734,,,0.0,0.0,0.0,0.0,0.0,100.0,1.0170837348456438,0.0,0.0,72.34748769600326,15.593552077944954,62.32428571428578,0.2589505526289996,1.0170837348456438,-0.0168255999684333
NIFTY,2026-07-28T11:08:15,24911.99,1.0,-18.65597999712212,24893.60294899433,TRENDING_BEAR,-0.0122643643990159,0.2,-0.0024587272263283,0.2689414268092164,0.2804577573474161,-0.0024587272263283,0.1845247042148441,NEUTRAL,0.4506008158433673,0.0056945782818812,False,-0.0008333333333333,0.1666666666666666,16.666666666666664,0.0,16.666666666666664,83.33333333333334,1.0170837348456438,0.0,0.0,72.34748769600326,15.593552077944954,62.32428571428578,0.2589505526289996,1.0170837348456438,-0.0168255999684333
BANKNIFTY,2026-07-28T11:08:38,51813.47,1.0,19.06500156586469,51791.519307216855,TRENDING_BULL,57.19500469759407,0.25,0.0006925116075353,0.2689527279132848,0.2689423978202487,0.0006925116075353,0.0372894429969884,NEUTRAL,0.4621048742664664,,,-0.0008333333333333,0.1666666666666666,16.666666666666664,0.0,16.666666666666664,83.33333333333334,1.009357365278179,0.0,0.0,62.19834209899732,16.22964841159043,131.64642857142826,1.6574485447456706,1.009357365278179,95.32500782932344
NIFTY,2026-07-28T11:09:09,24911.99,1.0,-18.65597999712212,24895.4672292824,TRENDING_BEAR,-0.0122643643990159,0.2,-0.002439355679002,0.2689414270716163,0.2835048795824342,-0.002439355679002,0.1786049068697786,NEUTRAL,0.4475536933459493,0.0056945782818812,False,0.0,0.0,0.0,0.0,0.0,100.0,1.0170837348456438,0.0,0.0,72.34748769600326,15.593552077944954,62.32428571428578,0.2589505526289996,1.0170837348456438,-0.0168255999684333
NIFTY,2026-07-28T11:09:08,24911.99,1.0,-18.65597999712212,24893.65449317673,TRENDING_BEAR,-0.0122643643990159,0.2,-0.0028460566953767,0.2689443202587293,0.2859146346252771,-0.0028460566953767,0.1908504574007869,NEUTRAL,0.4451410451159935,0.0056945782818812,False,0.0,0.0,0.0,0.0,0.0,100.0,1.0170837348456438,0.0,0.0,72.34748769600326,15.593552077944954,62.32428571428578,0.2589505526289996,1.0170837348456438,-0.0168255999684333
NIFTY,2026-07-28 11:10:08,24911.99,1.0,-18.65597999712212,24895.195889375795,TRENDING_BEAR,-0.0122643643990159,0.2,-0.0029372035567606,0.2689419044883997,0.2905989088085955,-0.0029372035567606,0.2159952991919913,NEUTRAL,0.4404591867030047,,,0.0,0.0,0.0,0.0,0.0,100.0,1.0170837348456438,0.0,0.0,72.34748769600326,15.593552077944954,62.32428571428578,0.2589505526289996,1.0170837348456438,-0.0168255999684333
NIFTY,2026-07-28T11:11:09,24911.99,1.0,-18.65597999712212,24896.842776123,TRENDING_BEAR,-0.0122643643990159,0.2,-0.0021765801055015,0.2689414321884983,0.2715210683146313,-0.0021765801055015,0.1618524807377696,NEUTRAL,0.4595374994968703,0.0056945782818812,False,0.0,0.0,0.0,0.0,0.0,100.0,1.0170837348456438,0.0,0.0,72.34748769600326,15.593552077944954,62.32428571428578,0.2589505526289996,1.0170837348456438,-0.0168255999684333
NIFTY,2026-07-28T11:11:08,24911.99,1.0,-18.65597999712212,24893.33029864785,TRENDING_BEAR,-0.0122643643990159,0.2,-0.0030493870070519,0.2689669816485887,0.290260848048852,-0.0030493870070519,0.2126762039373517,NEUTRAL,0.4407721703025593,0.0056945782818812,False,0.0,0.0,0.0,0.0,0.0,100.0,1.0170837348456438,0.0,0.0,72.34748769600326,15.593552077944954,62.32428571428578,0.2589505526289996,1.0170837348456438,-0.0168255999684333
NIFTY,2026-07-28T11:12:08,24911.99,1.0,-18.65597999712212,24896.97319213153,TRENDING_BEAR,-0.0122643643990159,0.2,-0.0026118309917164,0.2689414267688411,0.2830941813753262,-0.0026118309917164,0.1856248585580536,NEUTRAL,0.4479643918558327,0.0056945782818812,False,0.0,0.0,0.0,0.0,0.0,100.0,1.0170837348456438,0.0,0.0,72.34748769600326,15.593552077944954,62.32428571428578,0.2589505526289996,1.0170837348456438,-0.0168255999684333
NIFTY,2026-07-28T11:12:09,24911.99,1.0,-18.65597999712212,24893.44957854332,TRENDING_BEAR,-0.0122643643990159,0.2,-0.0026144236771036,0.2689414267093166,0.2795840643743603,-0.0026144236771036,0.1951872894066587,NEUTRAL,0.451474508916323,0.0056945782818812,False,0.0,0.0,0.0,0.0,0.0,100.0,1.0170837348456438,0.0,0.0,72.34748769600326,15.593552077944954,62.32428571428578,0.2589505526289996,1.0170837348456438,-0.0168255999684333
NIFTY,2026-07-28T11:13:08,24911.99,1.0,-18.65597999712212,24896.06818426596,TRENDING_BEAR,-0.0122643643990159,0.2,-0.0028185409705696,0.2689593615661402,0.2855913422778686,-0.0028185409705696,0.1965478877656803,NEUTRAL,0.4454492961559911,0.0056945782818812,False,0.0,0.0,0.0,0.0,0.0,100.0,1.0170837348456438,0.0,0.0,72.34748769600326,15.593552077944954,62.32428571428578,0.2589505526289996,1.0170837348456438,-0.0168255999684333
NIFTY,2026-07-28T11:13:09,24911.99,1.0,-18.65597999712212,24891.593559590547,TRENDING_BEAR,-0.0122643643990159,0.2,-0.0027331885317807,0.2689414809024057,0.2851599939618304,-0.0027331885317807,0.1930695822660245,NEUTRAL,0.4458985251357638,0.0056945782818812,False,0.0,0.0,0.0,0.0,0.0,100.0,1.0170837348456438,0.0,0.0,72.34748769600326,15.593552077944954,62.32428571428578,0.2589505526289996,1.0170837348456438,-0.0168255999684333
NIFTY,2026-07-28T11:14:08,24911.99,1.0,-18.65597999712212,24896.97319213153,TRENDING_BEAR,-0.0122643643990159,0.2,-0.0026118309917164,0.2689414267688411,0.2830941813753262,-0.0026118309917164,0.1856248585580536,NEUTRAL,0.4479643918558327,0.0056945782818812,False,0.0,0.0,0.0,0.0,0.0,100.0,1.0170837348456438,0.0,0.0,72.34748769600326,15.593552077944954,62.32428571428578,0.2589505526289996,1.0170837348456438,-0.0168255999684333
NIFTY,2026-07-28T11:14:09,24911.99,1.0,-18.65597999712212,24893.44957854332,TRENDING_BEAR,-0.0122643643990159,0.2,-0.0026144236771036,0.2689414267093166,0.2795840643743603,-0.0026144236771036,0.1951872894066587,NEUTRAL,0.451474508916323,0.0056945782818812,False,0.0,0.0,0.0,0.0,0.0,100.0,1.0170837348456438,0.0,0.0,72.34748769600326,15.593552077944954,62.32428571428578,0.2589505526289996,1.0170837348456438,-0.0168255999684333
NIFTY,2026-07-28T11:14:11,24911.99,1.0,-18.65597999712212,24894.52267456023,TRENDING_BEAR,-0.0122643643990159,0.2,-0.0030037802377132,0.2689414274726458,0.2889529741958019,-0.0030037802377132,0.2111549993391975,NEUTRAL,0.4421055983315523,0.0056945782818812,False,-0.0008333333333333,0.1666666666666666,16.666666666666664,0.0,16.666666666666664,83.33333333333334,1.0170837348456438,0.0,0.0,72.34748769600326,15.593552077944954,62.32428571428578,0.2589505526289996,1.0170837348456438,-0.0168255999684333
BANKNIFTY,2026-07-28T11:14:36,51813.47,1.0,19.06500156586469,51791.519307216855,TRENDING_BULL,57.19500469759407,0.25,0.0006925116075353,0.2689527279132848,0.2689423978202487,0.0006925116075353,0.0372894429969884,NEUTRAL,0.4621048742664664,,,-0.0008333333333333,0.1666666666666666,16.666666666666664,0.0,16.666666666666664,83.33333333333334,1.009357365278179,0.0,0.0,62.19834209899732,16.22964841159043,131.64642857142826,1.6574485447456706,1.009357365278179,95.32500782932344
NIFTY,2026-07-28 11:15:09,24911.99,1.0,-18.65597999712212,24893.44957854332,TRENDING_BEAR,-0.0122643643990159,0.2,-0.0026144236771036,0.2689414267093166,0.2795840643743603,-0.0026144236771036,0.1951872894066587,NEUTRAL,0.451474508916323,,,0.0,0.0,0.0,0.0,0.0,100.0,1.0170837348456438,0.0,0.0,72.34748769600326,15.593552077944954,62.32428571428578,0.2589505526289996,1.0170837348456438,-0.0168255999684333
NIFTY,2026-07-28T11:16:08,24911.99,1.0,-18.65597999712212,24896.97319213153,TRENDING_BEAR,-0.0122643643990159,0.2,-0.0026118309917164,0.2689414267688411,0.2830941813753262,-0.0026118309917164,0.1856248585580536,NEUTRAL,0.4479643918558327,0.0056945782818812,False,0.0,0.0,0.0,0.0,0.0,100.0,1.0170837348456438,0.0,0.0,72.34748769600326,15.593552077944954,62.32428571428578,0.2589505526289996,1.0170837348456438,-0.0168255999684333
NIFTY,2026-07-28T11:16:09,24911.99,1.0,-18.65597999712212,24893.44957854332,TRENDING_BEAR,-0.0122643643990159,0.2,-0.0026144236771036,0.2689414267093166,0.2795840643743603,-0.0026144236771036,0.1951872894066587,NEUTRAL,0.451474508916323,0.0056945782818812,False,0.0,0.0,0.0,0.0,0.0,100.0,1.0170837348456438,0.0,0.0,72.34748769600326,15.593552077944954,62.32428571428578,0.2589505526289996,1.0170837348456438,-0.0168255999684333
NIFTY,2026-07-28T11:17:08,24911.99,1.0,-18.65597999712212,24893.111202313976,TRENDING_BEAR,-0.0122643643990159,0.2,-0.0027640124962848,0.2689414268953091,0.2839896367529232,-0.0027640124962848,0.214636302637622,NEUTRAL,0.4470689363517677,0.0056945782818812,False,0.0,0.0,0.0,0.0,0.0,100.0,1.0170837348456438,0.0,0.0,72.34748769600326,15.593552077944954,62.32428571428578,0.2589505526289996,1.0170837348456438,-0.0168255999684333
NIFTY,2026-07-28T11:17:09,24911.99,1.0,-18.65597999712212,24894.057244847405,TRENDING_BEAR,-0.0122643643990159,0.2,-0.0026923476681947,0.2689416770151067,0.2844396143857013,-0.0026923476681947,0.1992093401854327,NEUTRAL,0.4466187085991919,0.0056945782818812,False,0.0,0.0,0.0,0.0,0.0,100.0,1.0170837348456438,0.0,0.0,72.34748769600326,15.593552077944954,62.32428571428578,0.2589505526289996,1.0170837348456438,-0.0168255999684333
NIFTY,2026-07-28 11:18:08,24911.99,1.0,-18.65597999712212,24893.44957854332,TRENDING_BEAR,-0.0122643643990159,0.2,-0.0026144236771036,0.2689414267093166,0.2795840643743603,-0.0026144236771036,0.1951872894066587,NEUTRAL,0.451474508916323,,,0.0,0.0,0.0,0.0,0.0,100.0,1.0170837348456438,0.0,0.0,72.34748769600326,15.593552077944954,62.32428571428578,0.2589505526289996,1.0170837348456438,-0.0168255999684333
NIFTY,2026-07-28T11:19:09,24911.99,1.0,-18.65597999712212,24892.026429176225,TRENDING_BEAR,-0.0122643643990159,0.2,-0.0030881733999227,0.2689414263429579,0.2901964499587893,-0.0030881733999227,0.204168435025261,NEUTRAL,0.4408621236982527,0.0056945782818812,False,0.0,0.0,0.0,0.0,0.0,100.0,1.0170837348456438,0.0,0.0,72.34748769600326,15.593552077944954,62.32428571428578,0.2589505526289996,1.0170837348456438,-0.0168255999684333
NIFTY,2026-07-28T11:19:08,24911.99,1.0,-18.65597999712212,24894.3854637249,TRENDING_BEAR,-0.0122643643990159,0.2,-0.0027703456116563,0.2689414264098868,0.282359024421763,-0.0027703456116563,0.1943610903861783,NEUTRAL,0.4486995491683501,0.0056945782818812,False,0.0,0.0,0.0,0.0,0.0,100.0,1.0170837348456438,0.0,0.0,72.34748769600326,15.593552077944954,62.32428571428578,0.2589505526289996,1.0170837348456438,-0.0168255999684333
NIFTY,2026-07-28 11:20:09,24911.99,1.0,-18.65597999712212,24893.852071496043,TRENDING_BEAR,-0.0122643643990159,0.2,-0.0025945877018148,0.2689581496174238,0.2822212795710914,-0.0025945877018148,0.1826835844331805,NEUTRAL,0.4488205708114847,,,0.0,0.0,0.0,0.0,0.0,100.0,1.0170837348456438,0.0,0.0,72.34748769600326,15.593552077944954,62.32428571428578,0.2589505526289996,1.0170837348456438,-0.0168255999684333
NIFTY,2026-07-28T11:20:09,24911.99,1.0,-18.65597999712212,24893.099558753147,TRENDING_BEAR,-0.0122643643990159,0.2,-0.0028836496120882,0.2689414262826294,0.2880024865837589,-0.0028836496120882,0.2035407360570223,NEUTRAL,0.4430560871336116,0.0006704240952917,True,-0.0008333333333333,0.1666666666666666,16.666666666666664,0.0,16.666666666666664,83.33333333333334,1.0170837348456438,0.0,0.0,72.34748769600326,15.593552077944954,62.32428571428578,0.2589505526289996,1.0170837348456438,-0.0168255999684333
BANKNIFTY,2026-07-28T11:20:37,51813.47,1.0,19.06500156586469,51791.519307216855,TRENDING_BULL,57.19500469759407,0.25,0.0006925116075353,0.2689527279132848,0.2689423978202487,0.0006925116075353,0.0372894429969884,NEUTRAL,0.4621048742664664,,,-0.0008333333333333,0.1666666666666666,16.666666666666664,0.0,16.666666666666664,83.33333333333334,1.009357365278179,0.0,0.0,62.19834209899732,16.22964841159043,131.64642857142826,1.6574485447456706,1.009357365278179,95.32500782932344
NIFTY,2026-07-28 11:21:08,24911.99,1.0,-18.65597999712212,24895.061705811768,TRENDING_BEAR,-0.0122643643990159,0.2,-0.002557439479489,0.2689414267859364,0.2813555375148254,-0.002557439479489,0.1727998283128023,NEUTRAL,0.4497030356992381,,,0.0,0.0,0.0,0.0,0.0,100.0,1.0170837348456438,0.0,0.0,72.34748769600326,15.593552077944954,62.32428571428578,0.2589505526289996,1.0170837348456438,-0.0168255999684333
NIFTY,2026-07-28T11:22:08,24911.99,1.0,-18.65597999712212,24896.97319213153,TRENDING_BEAR,-0.0122643643990159,0.2,-0.0026118309917164,0.2689414267688411,0.2830941813753262,-0.0026118309917164,0.1856248585580536,NEUTRAL,0.4479643918558327,0.0056945782818812,False,0.0,0.0,0.0,0.0,0.0,100.0,1.0170837348456438,0.0,0.0,72.34748769600326,15.593552077944954,62.32428571428578,0.2589505526289996,1.0170837348456438,-0.0168255999684333
NIFTY,2026-07-28T11:22:09,24911.99,1.0,-18.65597999712212,24893.44957854332,TRENDING_BEAR,-0.0122643643990159,0.2,-0.0026144236771036,0.2689414267093166,0.2795840643743603,-0.0026144236771036,0.1951872894066587,NEUTRAL,0.451474508916323,0.0056945782818812,False,0.0,0.0,0.0,0.0,0.0,100.0,1.0170837348456438,0.0,0.0,72.34748769600326,15.593552077944954,62.32428571428578,0.2589505526289996,1.0170837348456438,-0.0168255999684333
NIFTY,2026-07-28 11:23:08,24911.99,1.0,-18.65597999712212,24893.44957854332,TRENDING_BEAR,-0.0122643643990159,0.2,-0.0026144236771036,0.2689414267093166,0.2795840643743603,-0.0026144236771036,0.1951872894066587,NEUTRAL,0.451474508916323,,,0.0,0.0,0.0,0.0,0.0,100.0,1.0170837348456438,0.0,0.0,72.34748769600326,15.593552077944954,62.32428571428578,0.2589505526289996,1.0170837348456438,-0.0168255999684333
NIFTY,2026-07-28 11:24:08,24911.99,1.0,-18.65597999712212,24895.946533532864,TRENDING_BEAR,-0.0122643643990159,0.2,-0.0027291047521571,0.2689416995243334,0.283691624766795,-0.0027291047521571,0.2031254602170497,NEUTRAL,0.4473666757088715,,,0.0,0.0,0.0,0.0,0.0,100.0,1.0170837348456438,0.0,0.0,72.34748769600326,15.593552077944954,62.32428571428578,0.2589505526289996,1.0170837348456438,-0.0168255999684333
NIFTY,2026-07-28 11:25:08,24911.99,1.0,-18.65597999712212,24894.15206251439,TRENDING_BEAR,-0.0122643643990159,0.2,-0.0027183419661174,0.2689420487816594,0.2841729701055488,-0.0027183419661174,0.1897019747081641,NEUTRAL,0.4468849811127918,,,0.0,0.0,0.0,0.0,0.0,100.0,1.0170837348456438,0.0,0.0,72.34748769600326,15.593552077944954,62.32428571428578,0.2589505526289996,1.0170837348456438,-0.0168255999684333
NIFTY,2026-07-28T11:26:09,24911.99,1.0,-18.65597999712212,24894.541804413864,TRENDING_BEAR,-0.0122643643990159,0.2,-0.0023224788497738,0.2689414271478388,0.2745226948546738,-0.0023224788497738,0.1706595455803551,NEUTRAL,0.4565358779974874,,,0.0,0.0,0.0,0.0,0.0,100.0,1.0170837348456438,0.0,0.0,72.34748769600326,15.593552077944954,62.32428571428578,0.2589505526289996,1.0170837348456438,-0.0168255999684333
NIFTY,2026-07-28T11:26:08,24911.99,1.0,-18.65597999712212,24890.841916700185,TRENDING_BEAR,-0.0122643643990159,0.2,-0.0028908655740271,0.2689414289076616,0.2872296017078769,-0.0028908655740271,0.2049096637821557,NEUTRAL,0.4438289693844615,,,0.0,0.0,0.0,0.0,0.0,100.0,1.0170837348456438,0.0,0.0,72.34748769600326,15.593552077944954,62.32428571428578,0.2589505526289996,1.0170837348456438,-0.0168255999684333
NIFTY,2026-07-28T11:26:13,24911.99,1.0,-18.65597999712212,24893.43609266198,TRENDING_BEAR,-0.0122643643990159,0.2,-0.0026421172556775,0.2689414282709098,0.2810822462933756,-0.0026421172556775,0.193096475300888,NEUTRAL,0.4499763254357145,,,-0.0008333333333333,0.1666666666666666,16.666666666666664,0.0,16.666666666666664,83.33333333333334,1.0170837348456438,0.0,0.0,72.34748769600326,15.593552077944954,62.32428571428578,0.2589505526289996,1.0170837348456438,-0.0168255999684333
BANKNIFTY,2026-07-28T11:26:37,51813.47,1.0,19.06500156586469,51791.519307216855,TRENDING_BULL,57.19500469759407,0.25,0.0006925116075353,0.2689527279132848,0.2689423978202487,0.0006925116075353,0.0372894429969884,NEUTRAL,0.4621048742664664,,,-0.0008333333333333,0.1666666666666666,16.666666666666664,0.0,16.666666666666664,83.33333333333334,1.009357365278179,0.0,0.0,62.19834209899732,16.22964841159043,131.64642857142826,1.6574485447456706,1.009357365278179,95.32500782932344
NIFTY,2026-07-28 11:27:08,24911.99,1.0,-18.65597999712212,24895.09040903769,TRENDING_BEAR,-0.0122643643990159,0.2,-0.0029364562385251,0.2689414262239171,0.2886382663334674,-0.0029364562385251,0.2014965958094347,NEUTRAL,0.4424203074426154,,,0.0,0.0,0.0,0.0,0.0,100.0,1.0170837348456438,0.0,0.0,72.34748769600326,15.593552077944954,62.32428571428578,0.2589505526289996,1.0170837348456438,-0.0168255999684333
NIFTY,2026-07-28T11:28:08,24911.99,1.0,-18.65597999712212,24896.97319213153,TRENDING_BEAR,-0.0122643643990159,0.2,-0.0026118309917164,0.2689414267688411,0.2830941813753262,-0.0026118309917164,0.1856248585580536,NEUTRAL,0.4479643918558327,,,0.0,0.0,0.0,0.0,0.0,100.0,1.0170837348456438,0.0,0.0,72.34748769600326,15.593552077944954,62.32428571428578,0.2589505526289996,1.0170837348456438,-0.0168255999684333
NIFTY,2026-07-28T11:28:09,24911.99,1.0,-18.65597999712212,24893.44957854332,TRENDING_BEAR,-0.0122643643990159,0.2,-0.0026144236771036,0.2689414267093166,0.2795840643743603,-0.0026144236771036,0.1951872894066587,NEUTRAL,0.451474508916323,,,0.0,0.0,0.0,0.0,0.0,100.0,1.0170837348456438,0.0,0.0,72.34748769600326,15.593552077944954,62.32428571428578,0.2589505526289996,1.0170837348456438,-0.0168255999684333
NIFTY,2026-07-28 11:29:08,24911.99,1.0,-18.65597999712212,24893.44957854332,TRENDING_BEAR,-0.0122643643990159,0.2,-0.0026144236771036,0.2689414267093166,0.2795840643743603,-0.0026144236771036,0.1951872894066587,NEUTRAL,0.451474508916323,,,0.0,0.0,0.0,0.0,0.0,100.0,1.0170837348456438,0.0,0.0,72.34748769600326,15.593552077944954,62.32428571428578,0.2589505526289996,1.0170837348456438,-0.0168255999684333
NIFTY,2026-07-28T11:30:09,24911.99,1.0,-18.65597999712212,24892.85015246545,TRENDING_BEAR,-0.0122643643990159,0.2,-0.0028682387962396,0.2689418027905758,0.2863631799917205,-0.0028682387962396,0.2041992354366953,NEUTRAL,0.4446950172177037,0.0003812150552865,True,0.0,0.0,0.0,0.0,0.0,100.0,1.0170837348456438,0.0,0.0,72.34748769600326,15.593552077944954,62.32428571428578,0.2589505526289996,1.0170837348456438,-0.0168255999684333
NIFTY,2026-07-28T11:30:08,24911.99,1.0,-18.65597999712212,24894.666456593022,TRENDING_BEAR,-0.0122643643990159,0.2,-0.0026340970785617,0.2689414268913863,0.2825303359278396,-0.0026340970785617,0.188180525713139,NEUTRAL,0.448528237180774,0.0003812150552865,True,0.0,0.0,0.0,0.0,0.0,100.0,1.0170837348456438,0.0,0.0,72.34748769600326,15.593552077944954,62.32428571428578,0.2589505526289996,1.0170837348456438,-0.0168255999684333
NIFTY,2026-07-28 11:31:09,24911.99,1.0,-18.65597999712212,24894.77156542944,TRENDING_BEAR,-0.0122643643990159,0.2,-0.0027245639319209,0.2689421187115078,0.2853561723954141,-0.0027245639319209,0.1992888466910895,NEUTRAL,0.445701708893078,,,0.0,0.0,0.0,0.0,0.0,100.0,1.0170837348456438,0.0,0.0,72.34748769600326,15.593552077944954,62.32428571428578,0.2589505526289996,1.0170837348456438,-0.0168255999684333
NIFTY,2026-07-28T11:32:08,24911.99,1.0,-18.65597999712212,24893.143396252617,TRENDING_BEAR,-0.0122643643990159,0.2,-0.0025889484958812,0.2689414266264876,0.2802156821432565,-0.0025889484958812,0.1965646348348889,NEUTRAL,0.4508428912302559,,,0.0,0.0,0.0,0.0,0.0,100.0,1.0170837348456438,0.0,0.0,72.34748769600326,15.593552077944954,62.32428571428578,0.2589505526289996,1.0170837348456438,-0.0168255999684333
NIFTY,2026-07-28T11:32:09,24911.99,1.0,-18.65597999712212,24894.432194103203,TRENDING_BEAR,-0.0122643643990159,0.2,-0.0028017056091004,0.2689415008748915,0.2867298561102853,-0.0028017056091004,0.2017911736543498,NEUTRAL,0.4443286430148231,,,0.0,0.0,0.0,0.0,0.0,100.0,1.0170837348456438,0.0,0.0,72.34748769600326,15.593552077944954,62.32428571428578,0.2589505526289996,1.0170837348456438,-0.0168255999684333
NIFTY,2026-07-28T11:32:10,24911.99,1.0,-18.65597999712212,24893.68670034245,TRENDING_BEAR,-0.0122643643990159,0.2,-0.0028610857905475,0.2689414841946352,0.2865849924724687,-0.0028610857905475,0.1970474506876705,NEUTRAL,0.4444735233328959,,,-0.0008333333333333,0.1666666666666666,16.666666666666664,0.0,16.666666666666664,83.33333333333334,1.0170837348456438,0.0,0.0,72.34748769600326,15.593552077944954,62.32428571428578,0.2589505526289996,1.0170837348456438,-0.0168255999684333
BANKNIFTY,2026-07-28T11:32:35,51813.47,1.0,19.06500156586469,51791.519307216855,TRENDING_BULL,57.19500469759407,0.25,0.0006925116075353,0.2689527279132848,0.2689423978202487,0.0006925116075353,0.0372894429969884,NEUTRAL,0.4621048742664664,,,-0.0008333333333333,0.1666666666666666,16.666666666666664,0.0,16.666666666666664,83.33333333333334,1.009357365278179,0.0,0.0,62.19834209899732,16.22964841159043,131.64642857142826,1.6574485447456706,1.009357365278179,95.32500782932344
NIFTY,2026-07-28 11:33:08,24911.99,1.0,-18.65597999712212,24893.44957854332,TRENDING_BEAR,-0.0122643643990159,0.2,-0.0026144236771036,0.2689414267093166,0.2795840643743603,-0.0026144236771036,0.1951872894066587,NEUTRAL,0.451474508916323,,,0.0,0.0,0.0,0.0,0.0,100.0,1.0170837348456438,0.0,0.0,72.34748769600326,15.593552077944954,62.32428571428578,0.2589505526289996,1.0170837348456438,-0.0168255999684333
NIFTY,2026-07-28 11:34:08,24911.99,1.0,-18.65597999712212,24896.52275564936,TRENDING_BEAR,-0.0122643643990159,0.2,-0.0026512546877213,0.2689701891004263,0.2840881273800699,-0.0026512546877213,0.1917919911762289,NEUTRAL,0.4469416835195037,,,0.0,0.0,0.0,0.0,0.0,100.0,1.0170837348456438,0.0,0.0,72.34748769600326,15.593552077944954,62.32428571428578,0.2589505526289996,1.0170837348456438,-0.0168255999684333
NIFTY,2026-07-28 11:35:09,24911.99,1.0,-18.65597999712212,24893.44957854332,TRENDING_BEAR,-0.0122643643990159,0.2,-0.0026144236771036,0.2689414267093166,0.2795840643743603,-0.0026144236771036,0.1951872894066587,NEUTRAL,0.451474508916323,,,0.0,0.0,0.0,0.0,0.0,100.0,1.0170837348456438,0.0,0.0,72.34748769600326,15.593552077944954,62.32428571428578,0.2589505526289996,1.0170837348456438,-0.0168255999684333
NIFTY,2026-07-28T11:36:09,24911.99,1.0,-18.65597999712212,24895.740666860387,TRENDING_BEAR,-0.0122643643990159,0.2,-0.0026074582285383,0.2689414268987881,0.2791706250555832,-0.0026074582285383,0.1850978842792272,NEUTRAL,0.4518879480456287,,,0.0,0.0,0.0,0.0,0.0,100.0,1.0170837348456438,0.0,0.0,72.34748769600326,15.593552077944954,62.32428571428578,0.2589505526289996,1.0170837348456438,-0.0168255999684333
NIFTY,2026-07-28T11:36:08,24911.99,1.0,-18.65597999712212,24893.96729155341,TRENDING_BEAR,-0.0122643643990159,0.2,-0.0030897205783756,0.2689612698758571,0.290048324663358,-0.0030897205783756,0.2234491376450193,NEUTRAL,0.4409904054607847,,,0.0,0.0,0.0,0.0,0.0,100.0,1.0170837348456438,0.0,0.0,72.34748769600326,15.593552077944954,62.32428571428578,0.2589505526289996,1.0170837348456438,-0.0168255999684333
NIFTY,2026-07-28 11:37:09,24911.99,1.0,-18.65597999712212,24895.25646862212,TRENDING_BEAR,-0.0122643643990159,0.2,-0.0030073670676446,0.2689414263013092,0.2903291639808357,-0.0030073670676446,0.2057336124274189,NEUTRAL,0.440729409717855,,,0.0,0.0,0.0,0.0,0.0,100.0,1.0170837348456438,0.0,0.0,72.34748769600326,15.593552077944954,62.32428571428578,0.2589505526289996,1.0170837348456438,-0.0168255999684333
NIFTY,2026-07-28T11:38:08,24911.99,1.0,-18.65597999712212,24896.97319213153,TRENDING_BEAR,-0.0122643643990159,0.2,-0.0026121442571873,0.2689414266718226,0.2830799392373711,-0.0026121442571873,0.1856776271729098,NEUTRAL,0.4479786340908062,,,-0.0008333333333333,0.1666666666666666,16.666666666666664,0.0,16.666666666666664,83.33333333333334,1.0170837348456438,0.0,0.0,72.34748769600326,15.593552077944954,62.32428571428578,0.2589505526289996,1.0170837348456438,-0.0168255999684333
NIFTY,2026-07-28 11:38:09,24911.99,1.0,-18.65597999712212,24896.88552026569,TRENDING_BEAR,-0.0122643643990159,0.2,-0.0027127602442876,0.2689414265261095,0.2854439319852264,-0.0027127602442876,0.1947766814456265,NEUTRAL,0.4456146414886641,,,0.0,0.0,0.0,0.0,0.0,100.0,1.0170837348456438,0.0,0.0,72.34748769600326,15.593552077944954,62.32428571428578,0.2589505526289996,1.0170837348456438,-0.0168255999684333
BANKNIFTY,2026-07-28T11:38:31,51813.47,1.0,19.06500156586469,51791.519307216855,TRENDING_BULL,57.19500469759407,0.25,0.0006925116075353,0.2689527279132848,0.2689423978202487,0.0006925116075353,0.0372894429969884,NEUTRAL,0.4621048742664664,,,-0.0008333333333333,0.1666666666666666,16.666666666666664,0.0,16.666666666666664,83.33333333333334,1.009357365278179,0.0,0.0,62.19834209899732,16.22964841159043,131.64642857142826,1.6574485447456706,1.009357365278179,95.32500782932344
NIFTY,2026-07-28 11:39:08,24911.99,1.0,-18.65597999712212,24893.44957854332,TRENDING_BEAR,-0.0122643643990159,0.2,-0.0026144236771036,0.2689414267093166,0.2795840643743603,-0.0026144236771036,0.1951872894066587,NEUTRAL,0.451474508916323,,,0.0,0.0,0.0,0.0,0.0,100.0,1.0170837348456438,0.0,0.0,72.34748769600326,15.593552077944954,62.32428571428578,0.2589505526289996,1.0170837348456438,-0.0168255999684333
NIFTY,2026-07-28 11:40:10,24911.99,1.0,-18.65597999712212,24894.824484579527,TRENDING_BEAR,-0.0122643643990159,0.2,-0.0026980582606101,0.2689673861803268,0.2850330206390413,-0.0026980582606101,0.1923144392874408,NEUTRAL,0.4459995931806318,,,0.0,0.0,0.0,0.0,0.0,100.0,1.0170837348456438,0.0,0.0,72.34748769600326,15.593552077944954,62.32428571428578,0.2589505526289996,1.0170837348456438,-0.0168255999684333
NIFTY,2026-07-28 11:40:10,24911.99,1.0,-18.65597999712212,24894.458236458264,TRENDING_BEAR,-0.0122643643990159,0.2,-0.0027291541126462,0.2689414264798472,0.2847223321751491,-0.0027291541126462,0.1998711301187342,NEUTRAL,0.4463362413450035,,,0.0,0.0,0.0,0.0,0.0,100.0,1.0170837348456438,0.0,0.0,72.34748769600326,15.593552077944954,62.32428571428578,0.2589505526289996,1.0170837348456438,-0.0168255999684333
NIFTY,2026-07-28 11:41:13,24911.99,1.0,-18.65597999712212,24892.77180418936,TRENDING_BEAR,-0.0122643643990159,0.2,-0.0028771787586955,0.2689540966433063,0.287239365669009,-0.0028771787586955,0.2182859958736144,NEUTRAL,0.4438065376876846,,,0.0,0.0,0.0,0.0,0.0,100.0,1.0170837348456438,0.0,0.0,72.34748769600326,15.593552077944954,62.32428571428578,0.2589505526289996,1.0170837348456438,-0.0168255999684333
NIFTY,2026-07-28T11:42:09,24911.99,1.0,-18.65597999712212,24896.100991344385,TRENDING_BEAR,-0.0122643643990159,0.2,-0.0025836619603312,0.2689453171541858,0.2828619488912941,-0.0025836619603312,0.1850623524122931,NEUTRAL,0.4481927339545201,,,0.0,0.0,0.0,0.0,0.0,100.0,1.0170837348456438,0.0,0.0,72.34748769600326,15.593552077944954,62.32428571428578,0.2589505526289996,1.0170837348456438,-0.0168255999684333
NIFTY,2026-07-28T11:42:08,24911.99,1.0,-18.65597999712212,24897.80858666062,TRENDING_BEAR,-0.0122643643990159,0.2,-0.0026425005918658,0.2689414268116201,0.2828454223260082,-0.0026425005918658,0.1949981243614912,NEUTRAL,0.4482131508623716,,,0.0,0.0,0.0,0.0,0.0,100.0,1.0170837348456438,0.0,0.0,72.34748769600326,15.593552077944954,62.32428571428578,0.2589505526289996,1.0170837348456438,-0.0168255999684333
NIFTY,2026-07-28T11:43:09,24911.99,1.0,-18.65597999712212,24894.22484630112,TRENDING_BEAR,-0.0122643643990159,0.2,-0.0029393849892117,0.26894146549488,0.2890684042379363,-0.0029393849892117,0.204347427720892,NEUTRAL,0.4419901302671836,,,0.0,0.0,0.0,0.0,0.0,100.0,1.0170837348456438,0.0,0.0,72.34748769600326,15.593552077944954,62.32428571428578,0.2589505526289996,1.0170837348456438,-0.0168255999684333
NIFTY,2026-07-28T11:43:10,24911.99,1.0,-18.65597999712212,24897.21191794958,TRENDING_BEAR,-0.0122643643990159,0.2,-0.0028694440068536,0.2689414265835194,0.2853060084593774,-0.0028694440068536,0.2187697007236316,NEUTRAL,0.4457525649571031,,,0.0,0.0,0.0,0.0,0.0,100.0,1.0170837348456438,0.0,0.0,72.34748769600326,15.593552077944954,62.32428571428578,0.2589505526289996,1.0170837348456438,-0.0168255999684333
NIFTY,2026-07-28T11:44:04,24911.99,1.0,-18.65597999712212,24893.27675188105,TRENDING_BEAR,-0.0122643643990159,0.2,-0.0029411098243352,0.2689568865948417,0.2888422260209119,-0.0029411098243352,0.1979842991072056,NEUTRAL,0.4422008873842463,,,-0.0008333333333333,0.1666666666666666,16.666666666666664,0.0,16.666666666666664,83.33333333333334,1.0170837348456438,0.0,0.0,72.34748769600326,15.593552077944954,62.32428571428578,0.2589505526289996,1.0170837348456438,-0.0168255999684333
NIFTY,2026-07-28T11:44:08,24911.99,1.0,-18.65597999712212,24892.9627874126,TRENDING_BEAR,-0.0122643643990159,0.2,-0.0028785076905991,0.2689627038116501,0.2879438710124252,-0.0028785076905991,0.2144834052612837,NEUTRAL,0.4430934251759246,,,0.0,0.0,0.0,0.0,0.0,100.0,1.0170837348456438,0.0,0.0,72.34748769600326,15.593552077944954,62.32428571428578,0.2589505526289996,1.0170837348456438,-0.0168255999684333
NIFTY,2026-07-28T11:44:09,24911.99,1.0,-18.65597999712212,24899.07685740764,TRENDING_BULL,-0.0122643643990159,0.25,-0.0033360954044806,0.268941490330415,0.2953044659506991,-0.0033360954044806,0.2160846770211494,NEUTRAL,0.4357540437188858,,,0.0,0.0,0.0,0.0,0.0,100.0,1.0170837348456438,0.0,0.0,72.34748769600326,17.888803372273184,66.18999999999973,0.6175681654775732,1.0170837348456438,-0.0168255999684333
BANKNIFTY,2026-07-28T11:44:27,51813.47,1.0,19.06500156586469,51791.519307216855,TRENDING_BULL,57.19500469759407,0.25,0.0006925116075353,0.2689527279132848,0.2689423978202487,0.0006925116075353,0.0372894429969884,NEUTRAL,0.4621048742664664,,,-0.0008333333333333,0.1666666666666666,16.666666666666664,0.0,16.666666666666664,83.33333333333334,1.009357365278179,0.0,0.0,62.19834209899732,16.22964841159043,131.64642857142826,1.6574485447456706,1.009357365278179,95.32500782932344
NIFTY,2026-07-28 11:45:08,24911.99,1.0,-18.65597999712212,24896.45500248192,TRENDING_BEAR,-0.0122643643990159,0.2,-0.0027176525984398,0.2689428536269451,0.2847370856339375,-0.0027176525984398,0.1896228380437215,NEUTRAL,0.4463200607391173,,,0.0,0.0,0.0,0.0,0.0,100.0,1.0170837348456438,0.0,0.0,72.34748769600326,15.593552077944954,62.32428571428578,0.2589505526289996,1.0170837348456438,-0.0168255999684333
NIFTY,2026-07-28T11:46:08,24911.99,1.0,-18.65597999712212,24896.112724664566,TRENDING_BEAR,-0.0122643643990159,0.2,-0.0028488134592466,0.2689431579245586,0.2891225250462711,-0.0028488134592466,0.2011139334709921,NEUTRAL,0.4419343170291703,,,0.0,0.0,0.0,0.0,0.0,100.0,1.0170837348456438,0.0,0.0,72.34748769600326,15.593552077944954,62.32428571428578,0.2589505526289996,1.0170837348456438,-0.0168255999684333
NIFTY,2026-07-28T11:46:09,24911.99,1.0,-18.65597999712212,24895.98780252866,TRENDING_BEAR,-0.0122643643990159,0.2,-0.002569097529782,0.268943763476233,0.2828235879680445,-0.002569097529782,0.1959317635769973,NEUTRAL,0.4482326485557224,,,0.0,0.0,0.0,0.0,0.0,100.0,1.0170837348456438,0.0,0.0,72.34748769600326,15.593552077944954,62.32428571428578,0.2589505526289996,1.0170837348456438,-0.0168255999684333
NIFTY,2026-07-28 11:47:09,24911.99,1.0,-18.65597999712212,24897.00606950866,TRENDING_BEAR,-0.0122643643990159,0.2,-0.0027364337082463,0.2689443172787028,0.2871466189157082,-0.0027364337082463,0.1985115212082071,NEUTRAL,0.443909063805589,,,0.0,0.0,0.0,0.0,0.0,100.0,1.0170837348456438,0.0,0.0,72.34748769600326,15.593552077944954,62.32428571428578,0.2589505526289996,1.0170837348456438,-0.0168255999684333
NIFTY,2026-07-28 11:48:08,24911.99,1.0,-18.65597999712212,24895.90071494628,TRENDING_BEAR,-0.0122643643990159,0.2,-0.0028459070711905,0.2689414560352237,0.2878965416120727,-0.0028459070711905,0.2038096396724803,NEUTRAL,0.4431620023527036,,,0.0,0.0,0.0,0.0,0.0,100.0,1.0170837348456438,0.0,0.0,72.34748769600326,15.593552077944954,62.32428571428578,0.2589505526289996,1.0170837348456438,-0.0168255999684333
NIFTY,2026-07-28 11:49:09,24911.99,1.0,-18.65597999712212,24893.44957854332,TRENDING_BEAR,-0.0122643643990159,0.2,-0.0026144236771036,0.2689414267093166,0.2795840643743603,-0.0026144236771036,0.1951872894066587,NEUTRAL,0.451474508916323,,,0.0,0.0,0.0,0.0,0.0,100.0,1.0170837348456438,0.0,0.0,72.34748769600326,15.593552077944954,62.32428571428578,0.2589505526289996,1.0170837348456438,-0.0168255999684333
NIFTY,2026-07-28T11:50:00,24911.99,1.0,-18.65597999712212,24896.97319213153,TRENDING_BEAR,-0.0122643643990159,0.2,-0.0026121442571873,0.2689414266718226,0.2830799392373711,-0.0026121442571873,0.1856776271729098,NEUTRAL,0.4479786340908062,0.000154074863727,True,-0.0008333333333333,0.1666666666666666,16.666666666666664,0.0,16.666666666666664,83.33333333333334,1.0170837348456438,0.0,0.0,72.34748769600326,15.593552077944954,62.32428571428578,0.2589505526289996,1.0170837348456438,-0.0168255999684333
NIFTY,2026-07-28 11:50:08,24911.99,1.0,-18.65597999712212,24892.55246143644,TRENDING_BEAR,-0.0122643643990159,0.2,-0.0025572864982118,0.2689414269039397,0.2776921886427606,-0.0025572864982118,0.1920507138417578,NEUTRAL,0.4533663844532998,,,0.0,0.0,0.0,0.0,0.0,100.0,1.0170837348456438,0.0,0.0,72.34748769600326,15.593552077944954,62.32428571428578,0.2589505526289996,1.0170837348456438,-0.0168255999684333
BANKNIFTY,2026-07-28T11:50:24,51813.47,1.0,19.06500156586469,51791.519307216855,TRENDING_BULL,57.19500469759407,0.25,0.0006925116075353,0.2689527279132848,0.2689423978202487,0.0006925116075353,0.0372894429969884,NEUTRAL,0.4621048742664664,,,-0.0008333333333333,0.1666666666666666,16.666666666666664,0.0,16.666666666666664,83.33333333333334,1.009357365278179,0.0,0.0,62.19834209899732,16.22964841159043,131.64642857142826,1.6574485447456706,1.009357365278179,95.32500782932344
NIFTY,2026-07-28T11:55:57,24911.99,1.0,-18.65597999712212,24896.97319213153,TRENDING_BEAR,-0.0122643643990159,0.2,-0.0026121442571873,0.2689414266718226,0.2830799392373711,-0.0026121442571873,0.1856776271729098,NEUTRAL,0.4479786340908062,,,-0.0008333333333333,0.1666666666666666,16.666666666666664,0.0,16.666666666666664,83.33333333333334,1.0170837348456438,0.0,0.0,72.34748769600326,15.593552077944954,62.32428571428578,0.2589505526289996,1.0170837348456438,-0.0168255999684333
BANKNIFTY,2026-07-28T11:56:20,51813.47,1.0,19.06500156586469,51791.519307216855,TRENDING_BULL,57.19500469759407,0.25,0.0006925116075353,0.2689527279132848,0.2689423978202487,0.0006925116075353,0.0372894429969884,NEUTRAL,0.4621048742664664,,,-0.0008333333333333,0.1666666666666666,16.666666666666664,0.0,16.666666666666664,83.33333333333334,1.009357365278179,0.0,0.0,62.19834209899732,16.22964841159043,131.64642857142826,1.6574485447456706,1.009357365278179,95.32500782932344
NIFTY,2026-07-28T12:02:00,24911.99,1.0,-18.65597999712212,24896.97319213153,TRENDING_BEAR,-0.0122643643990159,0.2,-0.0026121442571873,0.2689414266718226,0.2830799392373711,-0.0026121442571873,0.1856776271729098,NEUTRAL,0.4479786340908062,,,-0.0008333333333333,0.1666666666666666,16.666666666666664,0.0,16.666666666666664,83.33333333333334,1.0170837348456438,0.0,0.0,72.34748769600326,15.593552077944954,62.32428571428578,0.2589505526289996,1.0170837348456438,-0.0168255999684333
BANKNIFTY,2026-07-28T12:02:23,51813.47,1.0,19.06500156586469,51791.519307216855,TRENDING_BULL,57.19500469759407,0.25,0.0006925116075353,0.2689527279132848,0.2689423978202487,0.0006925116075353,0.0372894429969884,NEUTRAL,0.4621048742664664,,,-0.0008333333333333,0.1666666666666666,16.666666666666664,0.0,16.666666666666664,83.33333333333334,1.009357365278179,0.0,0.0,62.19834209899732,16.22964841159043,131.64642857142826,1.6574485447456706,1.009357365278179,95.32500782932344
NIFTY,2026-07-28T12:07:56,24911.99,1.0,-18.65597999712212,24896.97319213153,TRENDING_BEAR,-0.0122643643990159,0.2,-0.0026121442571873,0.2689414266718226,0.2830799392373711,-0.0026121442571873,0.1856776271729098,NEUTRAL,0.4479786340908062,,,-0.0008333333333333,0.1666666666666666,16.666666666666664,0.0,16.666666666666664,83.33333333333334,1.0170837348456438,0.0,0.0,72.34748769600326,15.593552077944954,62.32428571428578,0.2589505526289996,1.0170837348456438,-0.0168255999684333
BANKNIFTY,2026-07-28T12:08:20,51813.47,1.0,19.06500156586469,51791.519307216855,TRENDING_BULL,57.19500469759407,0.25,0.0006925116075353,0.2689527279132848,0.2689423978202487,0.0006925116075353,0.0372894429969884,NEUTRAL,0.4621048742664664,,,-0.0008333333333333,0.1666666666666666,16.666666666666664,0.0,16.666666666666664,83.33333333333334,1.009357365278179,0.0,0.0,62.19834209899732,16.22964841159043,131.64642857142826,1.6574485447456706,1.009357365278179,95.32500782932344
NIFTY,2026-07-28T12:13:53,24911.99,1.0,-18.65597999712212,24896.97319213153,TRENDING_BEAR,-0.0122643643990159,0.2,-0.0026121442571873,0.2689414266718226,0.2830799392373711,-0.0026121442571873,0.1856776271729098,NEUTRAL,0.4479786340908062,,,-0.0008333333333333,0.1666666666666666,16.666666666666664,0.0,16.666666666666664,83.33333333333334,1.0170837348456438,0.0,0.0,72.34748769600326,15.593552077944954,62.32428571428578,0.2589505526289996,1.0170837348456438,-0.0168255999684333
BANKNIFTY,2026-07-28T12:14:17,51813.47,1.0,19.06500156586469,51791.519307216855,TRENDING_BULL,57.19500469759407,0.25,0.0006925116075353,0.2689527279132848,0.2689423978202487,0.0006925116075353,0.0372894429969884,NEUTRAL,0.4621048742664664,,,-0.0008333333333333,0.1666666666666666,16.666666666666664,0.0,16.666666666666664,83.33333333333334,1.009357365278179,0.0,0.0,62.19834209899732,16.22964841159043,131.64642857142826,1.6574485447456706,1.009357365278179,95.32500782932344
NIFTY,2026-07-28T12:19:50,24911.99,1.0,-18.65597999712212,24896.97319213153,TRENDING_BEAR,-0.0122643643990159,0.2,-0.0026121442571873,0.2689414266718226,0.2830799392373711,-0.0026121442571873,0.1856776271729098,NEUTRAL,0.4479786340908062,,,-0.0008333333333333,0.1666666666666666,16.666666666666664,0.0,16.666666666666664,83.33333333333334,1.0170837348456438,0.0,0.0,72.34748769600326,15.593552077944954,62.32428571428578,0.2589505526289996,1.0170837348456438,-0.0168255999684333
BANKNIFTY,2026-07-28T12:20:13,51813.47,1.0,19.06500156586469,51791.519307216855,TRENDING_BULL,57.19500469759407,0.25,0.0006925116075353,0.2689527279132848,0.2689423978202487,0.0006925116075353,0.0372894429969884,NEUTRAL,0.4621048742664664,,,-0.0008333333333333,0.1666666666666666,16.666666666666664,0.0,16.666666666666664,83.33333333333334,1.009357365278179,0.0,0.0,62.19834209899732,16.22964841159043,131.64642857142826,1.6574485447456706,1.009357365278179,95.32500782932344
NIFTY,2026-07-28T12:25:46,24911.99,1.0,-18.65597999712212,24896.97319213153,TRENDING_BEAR,-0.0122643643990159,0.2,-0.0026121442571873,0.2689414266718226,0.2830799392373711,-0.0026121442571873,0.1856776271729098,NEUTRAL,0.4479786340908062,,,-0.0008333333333333,0.1666666666666666,16.666666666666664,0.0,16.666666666666664,83.33333333333334,1.0170837348456438,0.0,0.0,72.34748769600326,15.593552077944954,62.32428571428578,0.2589505526289996,1.0170837348456438,-0.0168255999684333
BANKNIFTY,2026-07-28T12:26:10,51813.47,1.0,19.06500156586469,51791.519307216855,TRENDING_BULL,57.19500469759407,0.25,0.0006925116075353,0.2689527279132848,0.2689423978202487,0.0006925116075353,0.0372894429969884,NEUTRAL,0.4621048742664664,,,-0.0008333333333333,0.1666666666666666,16.666666666666664,0.0,16.666666666666664,83.33333333333334,1.009357365278179,0.0,0.0,62.19834209899732,16.22964841159043,131.64642857142826,1.6574485447456706,1.009357365278179,95.32500782932344
NIFTY,2026-07-28T12:31:43,24911.99,1.0,-18.65597999712212,24896.97319213153,TRENDING_BEAR,-0.0122643643990159,0.2,-0.0026121442571873,0.2689414266718226,0.2830799392373711,-0.0026121442571873,0.1856776271729098,NEUTRAL,0.4479786340908062,,,-0.0008333333333333,0.1666666666666666,16.666666666666664,0.0,16.666666666666664,83.33333333333334,1.0170837348456438,0.0,0.0,72.34748769600326,15.593552077944954,62.32428571428578,0.2589505526289996,1.0170837348456438,-0.0168255999684333
BANKNIFTY,2026-07-28T12:32:07,51813.47,1.0,19.06500156586469,51791.519307216855,TRENDING_BULL,57.19500469759407,0.25,0.0006925116075353,0.2689527279132848,0.2689423978202487,0.0006925116075353,0.0372894429969884,NEUTRAL,0.4621048742664664,,,-0.0008333333333333,0.1666666666666666,16.666666666666664,0.0,16.666666666666664,83.33333333333334,1.009357365278179,0.0,0.0,62.19834209899732,16.22964841159043,131.64642857142826,1.6574485447456706,1.009357365278179,95.32500782932344
NIFTY,2026-07-28 21:42:40,24911.99,1.0,-18.65597999712212,24892.910910647348,TRENDING_BEAR,-0.0122643643990159,0.2,-0.0027945434321316,0.268946298537455,0.2861389748192674,-0.0027945434321316,0.2007189122792487,NEUTRAL,0.4449147266432774,,,0.0,0.0,0.0,0.0,0.0,100.0,1.0170837348456438,0.0,0.0,72.34748769600326,15.593552077944954,62.32428571428578,0.2589505526289996,1.0170837348456438,-0.0168255999684333
NIFTY,2026-07-28 09:55:00,23983.95,1.0000030721061768,-13.863837539979851,23986.16876845172,TRENDING_BEAR,-0.0147948320955038,0.2,-0.0001645177032252,0.2689414513203819,0.2689443575828281,-0.0001645177032252,0.0039472379570537,NEUTRAL,0.46211419109679,,,0.0,0.0,0.0,0.0,0.0,100.0,1.002741835527428,0.0,0.0,47.46456692912996,19.442138939567617,19.042857142857297,0.0,1.002741835527428,-0.0141407389193773
NIFTY,2026-07-28 21:42:40,24911.99,1.0,-18.65597999712212,24890.738052592867,TRENDING_BEAR,-0.0122643643990159,0.2,-0.0026269287106545,0.268941426701531,0.2827598505766269,-0.0026269287106545,0.1872840276360578,NEUTRAL,0.448298722721842,,,0.0,0.0,16.666666666666664,16.666666666666664,16.666666666666664,66.66666666666667,1.0170837348456438,0.0,0.0,72.34748769600326,15.593552077944954,62.32428571428578,0.2589505526289996,1.0170837348456438,-0.0168255999684333
NIFTY,2026-07-28 09:55:00,23983.95,1.0000030721061768,-13.863837539979851,23986.021437532312,TRENDING_BEAR,-0.0147948320955038,0.2,-0.0001531542403151,0.2689414518688241,0.2689444113500361,-0.0001531542403151,0.0146185050414061,NEUTRAL,0.4621141367811398,,,0.0,0.0,0.0,0.0,0.0,100.0,1.002741835527428,0.0,0.0,47.46456692912996,19.442138939567617,19.042857142857297,0.0,1.002741835527428,-0.0141407389193773
NIFTY,2026-07-28 09:55:00,23983.95,1.0000030721061768,-13.863837539979851,23986.45542732232,TRENDING_BEAR,-0.0147948320955038,0.2,-1.6790556033768684e-06,0.2689414546872996,0.2689446876628545,-1.6790556033768684e-06,0.0,NEUTRAL,0.4621138576498459,,,0.0,0.0,0.0,0.0,0.0,100.0,1.002741835527428,0.0,0.0,47.46456692912996,19.442138939567617,19.042857142857297,0.0,1.002741835527428,-0.0141407389193773
NIFTY,2026-07-28 09:55:00,23983.95,1.0000030721061768,-13.863837539979851,23986.133113191056,TRENDING_BEAR,-0.0147948320955038,0.2,-0.0001898980492983,0.2689414476813657,0.2689440008275714,-0.0001898980492983,0.0029519678854647,NEUTRAL,0.4621145514910628,,,0.0,0.0,0.0,0.0,0.0,100.0,1.002741835527428,0.0,0.0,47.46456692912996,19.442138939567617,19.042857142857297,0.0,1.002741835527428,-0.0141407389193773
NIFTY,2026-07-28 09:55:00,23983.95,1.0000030721061768,-13.863837539979851,23986.23471844279,TRENDING_BEAR,-0.0147948320955038,0.2,-0.0001355109019486,0.2689414497928457,0.2689442078289751,-0.0001355109019486,0.0038282088571288,NEUTRAL,0.4621143423781791,,,0.0,0.0,0.0,0.0,0.0,100.0,1.002741835527428,0.0,0.0,47.46456692912996,19.442138939567617,19.042857142857297,0.0,1.002741835527428,-0.0141407389193773
NIFTY,2026-07-28 09:55:00,23983.95,1.0000030721061768,-13.863837539979851,23986.13733421377,TRENDING_BEAR,-0.0147948320955038,0.2,-0.0002595735607518,0.2689414507436691,0.2689443010440908,-0.0002595735607518,0.0414410901747918,NEUTRAL,0.46211424821224,,,0.0,0.0,0.0,0.0,0.0,100.0,1.002741835527428,0.0,0.0,47.46456692912996,19.442138939567617,19.042857142857297,0.0,1.002741835527428,-0.0141407389193773
NIFTY,2026-07-28 21:44:33,24911.99,1.0,-18.65597999712212,24894.85944740427,TRENDING_BEAR,-0.0122643643990159,0.2,-0.0024818863408883,0.2689461740540887,0.2803847720262015,-0.0024818863408883,0.1839383808855001,NEUTRAL,0.4506690539197097,,,0.0,0.0,16.666666666666664,16.666666666666664,16.666666666666664,66.66666666666667,1.0170837348456438,0.0,0.0,72.34748769600326,15.593552077944954,62.32428571428578,0.2589505526289996,1.0170837348456438,-0.0168255999684333
NIFTY,2026-07-28 21:44:33,24911.99,1.0,-18.65597999712212,24895.09964558772,TRENDING_BEAR,-0.0122643643990159,0.2,-0.0029010351677405,0.2689414262584634,0.2880828779963944,-0.0029010351677405,0.2015879398063389,NEUTRAL,0.4429756957451422,,,0.0,0.0,16.666666666666664,16.666666666666664,16.666666666666664,66.66666666666667,1.0170837348456438,0.0,0.0,72.34748769600326,15.593552077944954,62.32428571428578,0.2589505526289996,1.0170837348456438,-0.0168255999684333
NIFTY,2026-07-28 09:55:00,23983.95,1.0000030721061768,-13.863837539979851,23985.78064134806,TRENDING_BEAR,-0.0147948320955038,0.2,-0.000231341125755,0.2689414492809209,0.2689441576418189,-0.000231341125755,0.0184572765351972,NEUTRAL,0.4621143930772602,,,0.0,0.0,16.666666666666664,16.666666666666664,16.666666666666664,66.66666666666667,1.002741835527428,0.0,0.0,47.46456692912996,19.442138939567617,19.042857142857297,0.0,1.002741835527428,-0.0141407389193773
NIFTY,2026-07-28 21:44:25,24911.99,1.0,-18.65597999712212,24895.187610143457,TRENDING_BEAR,-0.0122643643990159,0.2,-0.0027856661515748,0.2689414318634247,0.2869110679967707,-0.0027856661515748,0.1934254603594863,NEUTRAL,0.4441475001398046,,,0.0,0.0,0.0,0.0,0.0,100.0,1.0170837348456438,0.0,0.0,72.34748769600326,15.593552077944954,62.32428571428578,0.2589505526289996,1.0170837348456438,-0.0168255999684333
NIFTY,2026-07-28 09:55:00,23983.95,1.0000030721061768,-13.863837539979851,23985.978127537324,TRENDING_BEAR,-0.0147948320955038,0.2,-0.0001398477341926,0.2689414522920348,0.2689444528400295,-0.0001398477341926,0.0298535209500862,NEUTRAL,0.4621140948679356,-0.0006850926749223,True,0.0,0.0,0.0,0.0,0.0,100.0,1.002741835527428,0.0,0.0,47.46456692912996,19.442138939567617,19.042857142857297,0.0,1.002741835527428,-0.0141407389193773
NIFTY,2026-07-28T15:25:00,23983.95,1.0000030721061768,-13.863837539979851,23986.304790401373,TRENDING_BEAR,-0.0147948320955038,0.2,-0.0004160055643377,0.2689414486500239,0.2689440957910902,-0.0004160055643377,0.0959850107879206,NEUTRAL,0.4621144555588859,,,0.0,0.0,16.666666666666664,16.666666666666664,16.666666666666664,66.66666666666667,1.002741835527428,0.0,0.0,47.46456692912996,19.442138939567617,19.042857142857297,0.0,1.002741835527428,-0.0141407389193773
NIFTY,2026-07-28 21:44:33,24911.99,1.0,-18.65597999712212,24894.48083110531,TRENDING_BEAR,-0.0122643643990159,0.2,-0.002849869926754,0.2689414515456597,0.2855863404661095,-0.002849869926754,0.2037795260849493,NEUTRAL,0.4454722079882309,,,0.0,0.0,0.0,0.0,0.0,100.0,1.0170837348456438,0.0,0.0,72.34748769600326,15.593552077944954,62.32428571428578,0.2589505526289996,1.0170837348456438,-0.0168255999684333
NIFTY,2026-07-28 09:59:00,23983.95,1.0012403013889324,-3.894641499878834,23985.93800959992,TRENDING_BEAR,-0.0149539858102798,0.2,3.385506300225412e-05,0.2689415648850741,0.2689424277287153,3.385506300225412e-05,0.0001364271889448,NEUTRAL,0.4621160073862105,,,0.0,0.0,0.0,0.0,0.0,100.0,0.9993559574973636,0.0,0.0,54.494773519153405,49.48053488774431,10.26071428571465,0.0,0.9993559574973636,-0.0151970587670803
NIFTY,2026-07-28 09:55:00,23983.95,1.0000030721061768,-13.863837539979851,23986.170745785228,TRENDING_BEAR,-0.0147948320955038,0.2,-0.0001427878513449,0.2689414493166143,0.2689441611410686,-0.0001427878513449,0.0006519807256896,NEUTRAL,0.462114389542317,,,0.0,0.0,0.0,0.0,0.0,100.0,1.002741835527428,0.0,0.0,47.46456692912996,19.442138939567617,19.042857142857297,0.0,1.002741835527428,-0.0141407389193773
NIFTY,2026-07-27 22:00:00,25464.01,1.0,128.452995689487,25349.71868235808,TRANSITION,-0.0134999491274356,0.2,0.0236299439468092,0.3765771891713372,0.2694511386791128,0.0236299439468092,0.25,NEUTRAL,0.35397167214955,,,-0.0008333333333333,0.1666666666666666,16.666666666666664,0.0,16.666666666666664,83.33333333333334,1.0,0.0,0.0,,,,,1.0,-0.010468240827322
NIFTY,2026-07-28 09:55:00,23983.95,1.0000030721061768,-13.863837539979851,23986.40290198064,TRENDING_BEAR,-0.0147948320955038,0.2,-0.0001809075476495,0.268941450804002,0.2689443069589029,-0.0001809075476495,0.030009858129185,NEUTRAL,0.4621142422370951,,,0.0,0.0,0.0,0.0,0.0,100.0,1.002741835527428,0.0,0.0,47.46456692912996,19.442138939567617,19.042857142857297,0.0,1.002741835527428,-0.0141407389193773
NIFTY,2026-07-28 09:59:00,23983.95,1.0012403013889324,-3.894641499878834,23985.824206779307,TRENDING_BEAR,-0.0149539858102798,0.2,0.0002300036804235,0.2689416128611585,0.2689427641478325,0.0002300036804235,0.0003693162018412,NEUTRAL,0.4621156229910089,,,0.0,0.0,0.0,0.0,0.0,100.0,0.9993559574973636,0.0,0.0,54.494773519153405,49.48053488774431,10.26071428571465,0.0,0.9993559574973636,-0.0151970587670803
NIFTY,2026-07-28 09:59:00,23983.95,1.0012403013889324,-3.894641499878834,23985.933564088853,TRENDING_BEAR,-0.0149539858102798,0.2,1.7368117085952567e-05,0.2689415619918144,0.2689424074405335,1.7368117085952567e-05,0.000126367129097,NEUTRAL,0.4621160305676519,,,0.0,0.0,0.0,0.0,0.0,100.0,0.9993559574973636,0.0,0.0,54.494773519153405,49.48053488774431,10.26071428571465,0.0,0.9993559574973636,-0.0151970587670803
NIFTY,2026-07-28 09:55:00,23983.95,1.0000030721061768,-13.863837539979851,23985.882921769484,TRENDING_BEAR,-0.0147948320955038,0.2,-0.0003832473089151,0.2689414469272502,0.2689439268969997,-0.0003832473089151,0.0705176420088847,NEUTRAL,0.46211462617575,,,0.0,0.0,0.0,0.0,0.0,100.0,1.002741835527428,0.0,0.0,47.46456692912996,19.442138939567617,19.042857142857297,0.0,1.002741835527428,-0.0141407389193773
NIFTY,2026-07-28 09:59:00,23983.95,1.0012403013889324,-3.894641499878834,23986.064634690923,TRENDING_BEAR,-0.0149539858102798,0.2,0.0004911347322964,0.2689416810956722,0.2689432426240153,0.0004911347322964,0.0129019469368182,NEUTRAL,0.4621150762803125,,,0.0,0.0,0.0,0.0,0.0,100.0,0.9993559574973636,0.0,0.0,54.494773519153405,49.48053488774431,10.26071428571465,0.0,0.9993559574973636,-0.0151970587670803
NIFTY,2026-07-28 09:45:00,23983.95,1.0,17.146466875127416,23977.60048323633,TRENDING_BEAR,-0.0135836591944098,0.2,0.000271653612658,0.2689427848639533,0.2689414655784407,0.000271653612658,0.0008220098595539,NEUTRAL,0.462115749557606,0.0010426441455531,True,0.0,0.0,0.0,0.0,0.0,100.0,0.9987809299941236,0.0,0.0,40.51903114186557,25.23358772978079,24.9142857142854,0.0,0.9987809299941236,-0.0142259515821933
NIFTY,2026-07-28 09:55:00,23983.95,1.0000030721061768,-13.863837539979851,23986.01613942061,TRENDING_BEAR,-0.0147948320955038,0.2,-0.0002577782348125,0.2689414492066975,0.2689441503652421,-0.0002577782348125,0.0434491784682835,NEUTRAL,0.4621144004280604,,,0.0,0.0,0.0,0.0,0.0,100.0,1.002741835527428,0.0,0.0,47.46456692912996,19.442138939567617,19.042857142857297,0.0,1.002741835527428,-0.0141407389193773
NIFTY,2026-07-28 09:59:00,23983.95,1.0012403013889324,-3.894641499878834,23985.669951376407,TRENDING_BEAR,-0.0149539858102798,0.2,1.7042788569854523e-05,0.2689415619394557,0.2689424070733822,1.7042788569854523e-05,0.0001261790972093,NEUTRAL,0.4621160309871621,,,0.0,0.0,0.0,0.0,0.0,100.0,0.9993559574973636,0.0,0.0,54.494773519153405,49.48053488774431,10.26071428571465,0.0,0.9993559574973636,-0.0151970587670803
NIFTY,2026-07-27 23:00:00,10871.02,1.0,97.8506939035817,10810.68428836871,TRANSITION,-0.0124553591012954,0.2,-0.0071465456301662,0.2781745170418175,0.3400324843886824,-0.0071465456301662,0.1477196828272479,NEUTRAL,0.3817929985695,,,-0.0008333333333333,0.1666666666666666,16.666666666666664,0.0,16.666666666666664,83.33333333333334,1.0,0.0,0.0,,,,,1.0,-0.0128538966178894
NIFTY,2026-07-28 09:55:00,23983.95,1.0000030721061768,-13.863837539979851,23986.159128395702,TRENDING_BEAR,-0.0147948320955038,0.2,-0.0004216205686992,0.2689414470432567,0.2689439382698223,-0.0004216205686992,0.0812720267066036,NEUTRAL,0.4621146146869209,,,0.0,0.0,0.0,0.0,0.0,100.0,1.002741835527428,0.0,0.0,47.46456692912996,19.442138939567617,19.042857142857297,0.0,1.002741835527428,-0.0141407389193773
NIFTY,2026-07-28 09:59:00,23983.95,1.0012403013889324,-3.894641499878834,23985.809404191383,TRENDING_BEAR,-0.0149539858102798,0.2,7.319653562364138e-05,0.2689415715108874,0.2689424840499156,7.319653562364138e-05,0.000164732202045,NEUTRAL,0.462115944439197,,,-0.0008333333333333,0.1666666666666666,16.666666666666664,0.0,16.666666666666664,83.33333333333334,0.9993559574973636,0.0,0.0,54.494773519153405,49.48053488774431,10.26071428571465,0.0,0.9993559574973636,-0.0151970587670803
NIFTY,2026-07-28 09:55:00,23983.95,1.0000030721061768,-13.863837539979851,23985.866988253296,TRENDING_BEAR,-0.0147948320955038,0.2,-0.0002040665606991,0.2689414507858871,0.2689443051829826,-0.0002040665606991,0.0317699645919306,NEUTRAL,0.4621142440311302,,,0.0,0.0,0.0,0.0,0.0,100.0,1.002741835527428,0.0,0.0,47.46456692912996,19.442138939567617,19.042857142857297,0.0,1.002741835527428,-0.0141407389193773
NIFTY,2026-07-28 04:00:00,24930.89,1.5,73.73873791454932,24968.30936114056,TRANSITION,-0.0100954547524452,0.2,0.0135684676227116,0.3775050328383062,0.2689503939271678,0.0135684676227116,0.218994778512587,NEUTRAL,0.3535445732345258,,,0.0,0.0,0.0,0.0,0.0,100.0,1.0,0.0,0.0,,,,,1.0,-0.0124743115156888
NIFTY,2026-07-28 09:55:00,23983.95,1.0000030721061768,-13.863837539979851,23986.63229112176,TRENDING_BEAR,-0.0147948320955038,0.2,-0.0001934115647576,0.2689414514075257,0.2689443661260765,-0.0001934115647576,0.0277468778695129,NEUTRAL,0.4621141824663978,,,0.0,0.0,0.0,0.0,0.0,100.0,1.002741835527428,0.0,0.0,47.46456692912996,19.442138939567617,19.042857142857297,0.0,1.002741835527428,-0.0141407389193773
NIFTY,2026-07-28 09:59:00,23983.95,1.0012403013889324,-3.894641499878834,23985.84296917335,TRENDING_BEAR,-0.0149539858102798,0.2,7.532628804900666e-05,0.2689415736993193,0.2689424895361718,7.532628804900666e-05,0.0001665549160228,NEUTRAL,0.4621159367645089,,,0.0,0.0,0.0,0.0,0.0,100.0,0.9993559574973636,0.0,0.0,54.494773519153405,49.48053488774431,10.26071428571465,0.0,0.9993559574973636,-0.0151970587670803
NIFTY,2026-07-28 09:55:00,23983.95,1.0000030721061768,-13.863837539979851,23986.19615100012,TRENDING_BEAR,-0.0147948320955038,0.2,-0.0001039013237953,0.2689414507538615,0.2689443020433152,-0.0001039013237953,0.0,NEUTRAL,0.4621142472028233,,,0.0,0.0,0.0,0.0,0.0,100.0,1.002741835527428,0.0,0.0,47.46456692912996,19.442138939567617,19.042857142857297,0.0,1.002741835527428,-0.0141407389193773
NIFTY,2026-07-28 09:55:00,23983.95,1.0000030721061768,-13.863837539979851,23986.19603721156,TRENDING_BEAR,-0.0147948320955038,0.2,-9.678145340320068e-05,0.2689414528199593,0.2689445045957655,-9.678145340320068e-05,0.0,NEUTRAL,0.4621140425842751,,,0.0,0.0,0.0,0.0,0.0,100.0,1.002741835527428,0.0,0.0,47.46456692912996,19.442138939567617,19.042857142857297,0.0,1.002741835527428,-0.0141407389193773
NIFTY,2026-07-28 04:00:00,4041.8,1.5,,,TRANSITION,-0.0096743395552039,0.2,-0.0085218049736131,0.2782409801008724,0.3355071636783476,-0.0085218049736131,0.2035600498795411,NEUTRAL,0.3862518562207798,0.0007335243553007,True,-0.0008333333333333,0.1666666666666666,16.666666666666664,0.0,16.666666666666664,83.33333333333334,1.0,0.0,0.0,,,,,1.0,-0.010293785110116
NIFTY,2026-07-27 23:00:00,10871.02,1.0,97.8506939035817,10817.058464111911,TRANSITION,-0.0124553591012954,0.2,-0.0047962039749675,0.2758970803369763,0.321250748286552,-0.0047962039749675,0.196964111080609,NEUTRAL,0.4028521713764717,,,0.0,0.0,0.0,0.0,0.0,100.0,1.0,0.0,0.0,,,,,1.0,-0.0128538966178894
NIFTY,2026-07-27 23:00:00,10871.02,1.0,97.8506939035817,10816.772005541914,TRANSITION,-0.0124553591012954,0.2,-0.0065750310058111,0.2713657470628441,0.3375274937977847,-0.0065750310058111,0.1761062662547849,NEUTRAL,0.3911067591393712,,,0.0,0.0,0.0,0.0,0.0,100.0,1.0,0.0,0.0,,,,,1.0,-0.0128538966178894
NIFTY,2026-07-28 09:55:00,23983.95,1.0000030721061768,-13.863837539979851,23986.206813658733,TRENDING_BEAR,-0.0147948320955038,0.2,-0.0002503337789925,0.2689414512916988,0.2689443547708434,-0.0002503337789925,0.0604525439306173,NEUTRAL,0.4621141939374578,,,0.0,0.0,0.0,0.0,0.0,100.0,1.002741835527428,0.0,0.0,47.46456692912996,19.442138939567617,19.042857142857297,0.0,1.002741835527428,-0.0141407389193773
NIFTY,2026-07-28 09:55:00,23983.95,1.0000030721061768,-13.863837539979851,23986.100496573497,TRENDING_BEAR,-0.0147948320955038,0.2,-0.0006043187171893,0.2689414460626593,0.2689438421358606,-0.0006043187171893,0.1188849473268396,NEUTRAL,0.46211471180148,,,0.0,0.0,0.0,0.0,0.0,100.0,1.002741835527428,0.0,0.0,47.46456692912996,19.442138939567617,19.042857142857297,0.0,1.002741835527428,-0.0141407389193773
NIFTY,2026-07-28 09:55:00,23983.95,1.0000030721061768,-13.863837539979851,23985.98816442456,TRENDING_BEAR,-0.0147948320955038,0.2,-8.033400430285131e-05,0.2689414538528104,0.2689446058526344,-8.033400430285131e-05,0.0,NEUTRAL,0.4621139402945551,,,0.0,0.0,0.0,0.0,0.0,100.0,1.002741835527428,0.0,0.0,47.46456692912996,19.442138939567617,19.042857142857297,0.0,1.002741835527428,-0.0141407389193773
NIFTY,2026-07-28 09:59:00,23983.95,1.0012403013889324,-3.894641499878834,23985.88782824781,TRENDING_BEAR,-0.0149539858102798,0.2,0.0002870950091852,0.2689416277657475,0.2689428686622163,0.0002870950091852,0.0005184817302574,NEUTRAL,0.4621155035720362,,,0.0,0.0,0.0,0.0,0.0,100.0,0.9993559574973636,0.0,0.0,54.494773519153405,49.48053488774431,10.26071428571465,0.0,0.9993559574973636,-0.0151970587670803
NIFTY,2026-07-28 09:55:00,23983.95,1.0000030721061768,-13.863837539979851,23985.76047783658,TRENDING_BEAR,-0.0147948320955038,0.2,-0.0003884493495902,0.2689414485102191,0.2689440820851677,-0.0003884493495902,0.0801302169970275,NEUTRAL,0.4621144694046132,,,0.0,0.0,0.0,0.0,0.0,100.0,1.002741835527428,0.0,0.0,47.46456692912996,19.442138939567617,19.042857142857297,0.0,1.002741835527428,-0.0141407389193773
NIFTY,2026-07-28 09:55:00,23983.95,1.0000030721061768,-13.863837539979851,23986.087408419808,TRENDING_BEAR,-0.0147948320955038,0.2,-0.000251999275914,0.2689414534099354,0.2689445269649014,-0.000251999275914,0.0695609125532285,NEUTRAL,0.4621140196251631,,,0.0008333333333333,0.1666666666666666,16.666666666666664,16.666666666666664,0.0,83.33333333333334,1.002741835527428,0.0,0.0,47.46456692912996,19.442138939567617,19.042857142857297,0.0,1.002741835527428,-0.0141407389193773
NIFTY,2026-07-28 09:59:00,23983.95,1.0012403013889324,-3.894641499878834,23985.667961793908,TRENDING_BEAR,-0.0149539858102798,0.2,0.0002373171884175,0.2689416147684595,0.2689427775222615,0.0002373171884175,0.0003848411292056,NEUTRAL,0.4621156077092789,,,0.0,0.0,0.0,0.0,0.0,100.0,0.9993559574973636,0.0,0.0,54.494773519153405,49.48053488774431,10.26071428571465,0.0,0.9993559574973636,-0.0151970587670803
NIFTY,2026-07-28 09:55:00,23983.95,1.0000030721061768,-13.863837539979851,23986.42480720932,TRENDING_BEAR,-0.0147948320955038,0.2,-0.0002333411704914,0.2689414508208835,0.268944276010215,-0.0002333411704914,0.0504724892155805,NEUTRAL,0.4621142731689013,,,0.0008333333333333,0.1666666666666666,16.666666666666664,16.666666666666664,0.0,83.33333333333334,1.002741835527428,0.0,0.0,47.46456692912996,19.442138939567617,19.042857142857297,0.0,1.002741835527428,-0.0141407389193773
NIFTY,2026-07-28 09:59:00,23983.95,1.0012403013889324,-3.894641499878834,23985.94148483869,TRENDING_BEAR,-0.0149539858102798,0.2,-5.585887576945629e-05,0.2689415566563674,0.2689423700271922,-5.585887576945629e-05,9.3266437761798e-05,NEUTRAL,0.4621160733164404,,,0.0,0.0,0.0,0.0,0.0,100.0,0.9993559574973636,0.0,0.0,54.494773519153405,49.48053488774431,10.26071428571465,0.0,0.9993559574973636,-0.0151970587670803
NIFTY,2026-07-28 09:55:00,23983.95,1.0000030721061768,-13.863837539979851,23986.936068961146,TRENDING_BEAR,-0.0147948320955038,0.2,-0.0002381368132811,0.268941451286163,0.2689443542281339,-0.0002381368132811,0.0653346995668218,NEUTRAL,0.462114194485703,,,0.0,0.0,0.0,0.0,0.0,100.0,1.002741835527428,0.0,0.0,47.46456692912996,19.442138939567617,19.042857142857297,0.0,1.002741835527428,-0.0141407389193773
NIFTY,2026-07-28 09:59:00,23983.95,1.0012403013889324,-3.894641499878834,23985.781821186232,TRENDING_BEAR,-0.0149539858102798,0.2,0.0004246913793339,0.2689416637282947,0.2689431208399064,0.0004246913793339,0.0017729059865864,NEUTRAL,0.4621152154317988,,,0.0,0.0,0.0,0.0,0.0,100.0,0.9993559574973636,0.0,0.0,54.494773519153405,49.48053488774431,10.26071428571465,0.0,0.9993559574973636,-0.0151970587670803
NIFTY,2026-07-28 09:55:00,23983.95,1.0000030721061768,-13.863837539979851,23985.99313951355,TRENDING_BEAR,-0.0147948320955038,0.2,-0.0002386477573538,0.2689414502436256,0.2689442852174193,-0.0002386477573538,0.0502118859938564,NEUTRAL,0.4621142645389551,,,-0.0008333333333333,0.1666666666666666,16.666666666666664,0.0,16.666666666666664,83.33333333333334,1.002741835527428,0.0,0.0,47.46456692912996,19.442138939567617,19.042857142857297,0.0,1.002741835527428,-0.0141407389193773
NIFTY,2026-07-28 09:59:00,23983.95,1.0012403013889324,-3.894641499878834,23985.643882621327,TRENDING_BEAR,-0.0149539858102798,0.2,0.0004759736527254,0.2689416771327743,0.2689432148352461,0.0004759736527254,0.0055221196616998,NEUTRAL,0.4621151080319796,,,0.0,0.0,0.0,0.0,0.0,100.0,0.9993559574973636,0.0,0.0,54.494773519153405,49.48053488774431,10.26071428571465,0.0,0.9993559574973636,-0.0151970587670803
NIFTY,2026-07-28 09:59:00,23983.95,1.0012403013889324,-3.894641499878834,23985.557032958102,TRENDING_BEAR,-0.0149539858102798,0.2,1.6577785572113366e-05,0.2689415618649628,0.2689424065510216,1.6577785572113366e-05,0.0001259110322458,NEUTRAL,0.4621160315840155,,,0.0,0.0,0.0,0.0,0.0,100.0,0.9993559574973636,0.0,0.0,54.494773519153405,49.48053488774431,10.26071428571465,0.0,0.9993559574973636,-0.0151970587670803
NIFTY,2026-07-28 09:55:00,23983.95,1.0000030721061768,-13.863837539979851,23986.442034410808,TRENDING_BEAR,-0.0147948320955038,0.2,5.496813635399774e-05,0.2689414573534618,0.2689449490436151,5.496813635399774e-05,0.0,NEUTRAL,0.462113593602923,,,0.0,0.0,0.0,0.0,0.0,100.0,1.002741835527428,0.0,0.0,47.46456692912996,19.442138939567617,19.042857142857297,0.0,1.002741835527428,-0.0141407389193773
NIFTY,2026-07-28 09:55:00,23983.95,1.0000030721061768,-13.863837539979851,23986.11557768772,TRENDING_BEAR,-0.0147948320955038,0.2,-3.390756467979059e-05,0.2689414546741744,0.2689446863761124,-3.390756467979059e-05,0.0,NEUTRAL,0.4621138589497132,,,0.0,0.0,0.0,0.0,0.0,100.0,1.002741835527428,0.0,0.0,47.46456692912996,19.442138939567617,19.042857142857297,0.0,1.002741835527428,-0.0141407389193773
NIFTY,2026-07-28 09:55:00,23983.95,1.0000030721061768,-13.863837539979851,23986.560151181515,TRENDING_BEAR,-0.0147948320955038,0.2,-0.0001038567850197,0.2689414516257503,0.2689443875200008,-0.0001038567850197,0.003011606523198,NEUTRAL,0.4621141608542488,,,0.0,0.0,0.0,0.0,0.0,100.0,1.002741835527428,0.0,0.0,47.46456692912996,19.442138939567617,19.042857142857297,0.0,1.002741835527428,-0.0141407389193773
NIFTY,2026-07-28 09:55:00,23983.95,1.0000030721061768,-13.863837539979851,23985.99271341738,TRENDING_BEAR,-0.0147948320955038,0.2,-0.0002709652436288,0.2689414495164661,0.2689441807337705,-0.0002709652436288,0.0407415202295389,NEUTRAL,0.4621143697497633,,,0.0,0.0,0.0,0.0,0.0,100.0,1.002741835527428,0.0,0.0,47.46456692912996,19.442138939567617,19.042857142857297,0.0,1.002741835527428,-0.0141407389193773
NIFTY,2026-07-28 09:55:00,23983.95,1.0000030721061768,-13.863837539979851,23985.9659282272,TRENDING_BEAR,-0.0147948320955038,0.2,-0.0002446989340191,0.2689414504688188,0.2689442740988064,-0.0002446989340191,0.0486173044095665,NEUTRAL,0.4621142754323748,,,0.0,0.0,0.0,0.0,0.0,100.0,1.002741835527428,0.0,0.0,47.46456692912996,19.442138939567617,19.042857142857297,0.0,1.002741835527428,-0.0141407389193773
NIFTY,2026-07-28 09:55:00,23983.95,1.0000030721061768,-13.863837539979851,23986.12668361526,TRENDING_BEAR,-0.0147948320955038,0.2,-0.0002890316708468,0.2689414509934169,0.2689443255284215,-0.0002890316708468,0.0829545326406453,NEUTRAL,0.4621142234781615,,,0.0,0.0,0.0,0.0,0.0,100.0,1.002741835527428,0.0,0.0,47.46456692912996,19.442138939567617,19.042857142857297,0.0,1.002741835527428,-0.0141407389193773
NIFTY,2026-07-28 09:55:00,23983.95,1.0000030721061768,-13.863837539979851,23986.011346734205,TRENDING_BEAR,-0.0147948320955038,0.2,-0.000241590855334,0.2689414481266761,0.2689440444840812,-0.000241590855334,0.0213363581460434,NEUTRAL,0.4621145073892426,,,0.0,0.0,0.0,0.0,0.0,100.0,1.002741835527428,0.0,0.0,47.46456692912996,19.442138939567617,19.042857142857297,0.0,1.002741835527428,-0.0141407389193773
NIFTY,2026-07-28 09:59:00,23983.95,1.0012403013889324,-3.894641499878834,23985.75771103648,TRENDING_BEAR,-0.0149539858102798,0.2,0.0001048409208527,0.2689415807598367,0.2689425390461032,0.0001048409208527,0.0001926304044512,NEUTRAL,0.4621158801940599,,,0.0,0.0,0.0,0.0,0.0,100.0,0.9993559574973636,0.0,0.0,54.494773519153405,49.48053488774431,10.26071428571465,0.0,0.9993559574973636,-0.0151970587670803
NIFTY,2026-07-28 09:55:00,23983.95,1.0000030721061768,-13.863837539979851,23986.20024524225,TRENDING_BEAR,-0.0147948320955038,0.2,-0.0001334632363182,0.2689414533347373,0.2689445550626824,-0.0001334632363182,0.0124275314441186,NEUTRAL,0.4621139916025802,,,0.0,0.0,0.0,0.0,0.0,100.0,1.002741835527428,0.0,0.0,47.46456692912996,19.442138939567617,19.042857142857297,0.0,1.002741835527428,-0.0141407389193773
NIFTY,2026-07-28 09:55:00,23983.95,1.0000030721061768,-13.863837539979851,23985.86546659735,TRENDING_BEAR,-0.0147948320955038,0.2,-0.0002648850866134,0.2689414490775735,0.2689441377064161,-0.0002648850866134,0.0448511397200453,NEUTRAL,0.4621144132160104,,,0.0,0.0,0.0,0.0,0.0,100.0,1.002741835527428,0.0,0.0,47.46456692912996,19.442138939567617,19.042857142857297,0.0,1.002741835527428,-0.0141407389193773
NIFTY,2026-07-28 09:59:00,23983.95,1.0012403013889324,-3.894641499878834,23985.76791851343,TRENDING_BEAR,-0.0149539858102798,0.2,-4.287327876717234e-06,0.2689415589822945,0.26894238633711,-4.287327876717234e-06,0.0001147099067551,NEUTRAL,0.4621160546805954,,,0.0,0.0,0.0,0.0,0.0,100.0,0.9993559574973636,0.0,0.0,54.494773519153405,49.48053488774431,10.26071428571465,0.0,0.9993559574973636,-0.0151970587670803
NIFTY,2026-07-28 09:55:00,23983.95,1.0000030721061768,-13.863837539979851,23986.25305532625,TRENDING_BEAR,-0.0147948320955038,0.2,-0.0001777710525388,0.2689414498921785,0.2689442175671917,-0.0001777710525388,0.0243679085416659,NEUTRAL,0.4621143325406298,,,0.0,0.0,0.0,0.0,0.0,100.0,1.002741835527428,0.0,0.0,47.46456692912996,19.442138939567617,19.042857142857297,0.0,1.002741835527428,-0.0141407389193773
NIFTY,2026-07-28 09:59:00,23983.95,1.0012403013889324,-3.894641499878834,23985.98712233994,TRENDING_BEAR,-0.0149539858102798,0.2,5.006578174772389e-05,0.2689415681166453,0.2689424503892134,5.006578174772389e-05,0.0001473587891547,NEUTRAL,0.4621159814941412,,,0.0,0.0,0.0,0.0,0.0,100.0,0.9993559574973636,0.0,0.0,54.494773519153405,49.48053488774431,10.26071428571465,0.0,0.9993559574973636,-0.0151970587670803
NIFTY,2026-07-28 09:59:00,23983.95,1.0012403013889324,-3.894641499878834,23986.12545257768,TRENDING_BEAR,-0.0149539858102798,0.2,9.067776960059664e-05,0.2689415773179522,0.2689425149108369,9.067776960059664e-05,0.0001795962712651,NEUTRAL,0.4621159077712108,,,0.0,0.0,0.0,0.0,0.0,100.0,0.9993559574973636,0.0,0.0,54.494773519153405,49.48053488774431,10.26071428571465,0.0,0.9993559574973636,-0.0151970587670803
NIFTY,2026-07-28 09:55:00,23983.95,1.0000030721061768,-13.863837539979851,23986.063336867643,TRENDING_BEAR,-0.0147948320955038,0.2,-0.0002158407285247,0.268941449203625,0.2689441500640316,-0.0002158407285247,0.0137874049993675,NEUTRAL,0.4621144007323433,,,0.0,0.0,0.0,0.0,0.0,100.0,1.002741835527428,0.0,0.0,47.46456692912996,19.442138939567617,19.042857142857297,0.0,1.002741835527428,-0.0141407389193773
NIFTY,2026-07-28 09:55:00,23983.95,1.0000030721061768,-13.863837539979851,23986.17266170067,TRENDING_BEAR,-0.0147948320955038,0.2,-0.0002610712508666,0.2689414498404218,0.2689442124931574,-0.0002610712508666,0.0475238827937981,NEUTRAL,0.4621143376664207,,,0.0,0.0,0.0,0.0,0.0,100.0,1.002741835527428,0.0,0.0,47.46456692912996,19.442138939567617,19.042857142857297,0.0,1.002741835527428,-0.0141407389193773
NIFTY,2026-07-28 09:59:00,23983.95,1.0012403013889324,-3.894641499878834,23985.692723346623,TRENDING_BEAR,-0.0149539858102798,0.2,6.301059061569091e-05,0.2689415709086952,0.2689424699676917,6.301059061569091e-05,0.0001568568615764,NEUTRAL,0.462115959123613,,,0.0,0.0,0.0,0.0,0.0,100.0,0.9993559574973636,0.0,0.0,54.494773519153405,49.48053488774431,10.26071428571465,0.0,0.9993559574973636,-0.0151970587670803
NIFTY,2026-07-28 09:59:00,23983.95,1.0012403013889324,-3.894641499878834,23985.986012075864,TRENDING_BEAR,-0.0149539858102798,0.2,0.0001568757500667,0.268941591972933,0.268942628878091,0.0001568757500667,0.0002500696211928,NEUTRAL,0.4621157791489759,,,-0.0008333333333333,0.1666666666666666,16.666666666666664,0.0,16.666666666666664,83.33333333333334,0.9993559574973636,0.0,0.0,54.494773519153405,49.48053488774431,10.26071428571465,0.0,0.9993559574973636,-0.0151970587670803
NIFTY,2026-07-28 04:00:00,24940.79,1.5,85.04467018774119,24978.79105549734,TRANSITION,-0.0100954547524452,0.2,0.0158776156105721,0.3775000825068505,0.268957612319374,0.0158776156105721,0.25,NEUTRAL,0.3535423051737754,0.0007335243553007,True,0.0008333333333333,0.1666666666666666,16.666666666666664,16.666666666666664,0.0,83.33333333333334,1.0,0.0,0.0,,,,,1.0,-0.0124743115156888
NIFTY,2026-07-28 09:55:00,23983.95,1.0000030721061768,-13.863837539979851,23986.121889069283,TRENDING_BEAR,-0.0147948320955038,0.2,-0.0003012247658185,0.2689414476042031,0.2689439932628502,-0.0003012247658185,0.0523567550189221,NEUTRAL,0.4621145591329467,,,0.0,0.0,0.0,0.0,0.0,100.0,1.002741835527428,0.0,0.0,47.46456692912996,19.442138939567617,19.042857142857297,0.0,1.002741835527428,-0.0141407389193773
NIFTY,2026-07-28 09:55:00,23983.95,1.0000030721061768,-13.863837539979851,23986.244482941853,TRENDING_BEAR,-0.0147948320955038,0.2,-0.0002551777662807,0.2689414508466713,0.2689443111420364,-0.0002551777662807,0.0500583915676372,NEUTRAL,0.4621142380112923,,,0.0,0.0,0.0,0.0,0.0,100.0,1.002741835527428,0.0,0.0,47.46456692912996,19.442138939567617,19.042857142857297,0.0,1.002741835527428,-0.0141407389193773
NIFTY,2026-07-28 09:55:00,23983.95,1.0000030721061768,-13.863837539979851,23986.656546793973,TRENDING_BEAR,-0.0147948320955038,0.2,-6.372080469901945e-05,0.2689414534469101,0.2689446029381782,-6.372080469901945e-05,0.0065502174578115,NEUTRAL,0.4621139436149117,,,-0.0008333333333333,0.1666666666666666,16.666666666666664,0.0,16.666666666666664,83.33333333333334,1.002741835527428,0.0,0.0,47.46456692912996,19.442138939567617,19.042857142857297,0.0,1.002741835527428,-0.0141407389193773
NIFTY,2026-07-28 09:59:00,23983.95,1.0012403013889324,-3.894641499878834,23985.86306755147,TRENDING_BEAR,-0.0149539858102798,0.2,7.35698251520735e-05,0.2689415732944839,0.2689424866973757,7.35698251520735e-05,0.0001651311924911,NEUTRAL,0.4621159400081403,,,0.0,0.0,0.0,0.0,0.0,100.0,0.9993559574973636,0.0,0.0,54.494773519153405,49.48053488774431,10.26071428571465,0.0,0.9993559574973636,-0.0151970587670803
NIFTY,2026-07-28 09:59:00,23983.95,1.0012403013889324,-3.894641499878834,23985.51839458297,TRENDING_BEAR,-0.0149539858102798,0.2,0.0001491589630043,0.2689415919160421,0.2689426172759278,0.0001491589630043,0.000240632650511,NEUTRAL,0.46211579080803,,,0.0,0.0,0.0,0.0,0.0,100.0,0.9993559574973636,0.0,0.0,54.494773519153405,49.48053488774431,10.26071428571465,0.0,0.9993559574973636,-0.0151970587670803
NIFTY,2026-07-28 04:00:00,28004.25,1.5,,,TRANSITION,-0.0057214652188122,0.2,-0.0026655288007219,0.2943618878773178,0.3120140964023731,-0.0026655288007219,0.0736447328074052,NEUTRAL,0.3936240157203091,0.0007335243553007,True,0.0008333333333333,0.1666666666666666,16.666666666666664,16.666666666666664,0.0,83.33333333333334,1.0,0.0,0.0,,,,,1.0,-0.0035859676077961
NIFTY,2026-07-27 23:00:00,10871.02,1.0,97.8506939035817,10814.75595577764,TRANSITION,-0.0124553591012954,0.2,-0.0070232002652609,0.2698565621154199,0.3429328466348312,-0.0070232002652609,0.2365608413558758,NEUTRAL,0.3872105912497489,,,0.0,0.0,0.0,0.0,0.0,100.0,1.0,0.0,0.0,,,,,1.0,-0.0128538966178894
NIFTY,2026-07-27 23:00:00,10871.02,1.0,97.8506939035817,10816.95333287277,TRANSITION,-0.0124553591012954,0.2,-0.0061914817187051,0.2708842853617427,0.3294042005587647,-0.0061914817187051,0.2024450228890102,NEUTRAL,0.3997115140794925,,,-0.0008333333333333,0.1666666666666666,16.666666666666664,0.0,16.666666666666664,83.33333333333334,1.0,0.0,0.0,,,,,1.0,-0.0128538966178894
NIFTY,2026-07-28 23:15:43,24336.21,1.0,54.277980587963086,24311.785945163745,TRENDING_BEAR,-0.0123106921091675,0.2,0.0008366478445757,0.2692297218910979,0.2728327402315654,0.0008366478445757,0.1047986681681266,NEUTRAL,0.4579375378773366,,,0.0,0.0,0.0,0.0,0.0,100.0,1.0077876011403522,0.0,0.0,57.84153159767139,15.032474840684726,67.54428571428564,0.38168085177717,1.0077876011403522,-0.0153943106532096
NIFTY,2026-07-28 23:15:43,24336.21,1.0,54.277980587963086,24313.22009937329,TRENDING_BEAR,-0.0123106921091675,0.2,0.0022800838636297,0.2691290530392629,0.2724901816295602,0.0022800838636297,0.0175202385566775,NEUTRAL,0.4583807653311768,,,0.0,0.0,0.0,0.0,0.0,100.0,1.0077876011403522,0.0,0.0,57.84153159767139,15.032474840684726,67.54428571428564,0.38168085177717,1.0077876011403522,-0.0153943106532096
NIFTY,2026-07-28 23:16:15,24336.21,1.0,54.277980587963086,24312.36041324342,TRENDING_BEAR,-0.0123106921091675,0.2,0.0021605063509451,0.2690974525357238,0.2707966546563768,0.0021605063509451,0.0200533925054885,NEUTRAL,0.4601058928078993,,,0.0,0.0,0.0,0.0,0.0,100.0,1.0077876011403522,0.0,0.0,57.84153159767139,15.032474840684726,67.54428571428564,0.38168085177717,1.0077876011403522,-0.0153943106532096
NIFTY,2026-07-28 23:16:15,24336.21,1.0,54.277980587963086,24313.21028505159,TRENDING_BEAR,-0.0123106921091675,0.2,0.0016614221541149,0.2804356182396925,0.2725052897356657,0.0016614221541149,0.0,NEUTRAL,0.4470590920246417,,,0.0,0.0,0.0,0.0,0.0,100.0,1.0077876011403522,0.0,0.0,57.84153159767139,15.032474840684726,67.54428571428564,0.38168085177717,1.0077876011403522,-0.0153943106532096
NIFTY,2026-07-28T23:15:43,24336.21,1.0,54.277980587963086,24313.55030836056,TRENDING_BEAR,-0.0123106921091675,0.2,0.0015876245944607,0.2691560759891083,0.2728146657502527,0.0015876245944607,0.0591901460542235,NEUTRAL,0.458029258260639,,,0.0,0.0,0.0,0.0,0.0,100.0,1.0077876011403522,0.0,0.0,57.84153159767139,15.032474840684726,67.54428571428564,0.38168085177717,1.0077876011403522,-0.0153943106532096
NIFTY,2026-07-28 09:55:00,23983.95,1.0000030721061768,-13.863837539979851,23986.635538420403,TRENDING_BEAR,-0.0147948320955038,0.2,2.340470220007177e-05,0.2689414564648664,0.2689449022772114,2.340470220007177e-05,0.0,NEUTRAL,0.4621136412579221,,,-0.0008333333333333,0.1666666666666666,16.666666666666664,0.0,16.666666666666664,83.33333333333334,1.002741835527428,0.0,0.0,47.46456692912996,19.442138939567617,19.042857142857297,0.0,1.002741835527428,-0.0141407389193773
NIFTY,2026-07-28 09:55:00,23983.95,1.0000030721061768,-13.863837539979851,23986.00425979463,TRENDING_BEAR,-0.0147948320955038,0.2,-0.0003319032892309,0.2689414487379533,0.2689441044113593,-0.0003319032892309,0.0623501139888159,NEUTRAL,0.4621144468506873,,,0.0,0.0,0.0,0.0,0.0,100.0,1.002741835527428,0.0,0.0,47.46456692912996,19.442138939567617,19.042857142857297,0.0,1.002741835527428,-0.0141407389193773
NIFTY,2026-07-28 09:45:00,23983.95,1.0,17.146466875127416,23978.11315654465,TRENDING_BEAR,-0.0135836591944098,0.2,0.0006110553787545,0.2689425907997876,0.2689414592863236,0.0006110553787545,0.0579802808190595,NEUTRAL,0.4621159499138887,,,0.0,0.0,0.0,0.0,0.0,100.0,0.9987809299941236,0.0,0.0,40.51903114186557,25.23358772978079,24.9142857142854,0.0,0.9987809299941236,-0.0142259515821933
NIFTY,2026-07-28 09:59:00,23983.95,1.0012403013889324,-3.894641499878834,23986.09232442939,TRENDING_BEAR,-0.0149539858102798,0.2,0.0004998812566962,0.2689416833818936,0.268943258655536,0.0004998812566962,0.051127553166968,NEUTRAL,0.4621150579625704,,,0.0,0.0,0.0,0.0,0.0,100.0,0.9993559574973636,0.0,0.0,54.494773519153405,49.48053488774431,10.26071428571465,0.0,0.9993559574973636,-0.0151970587670803
NIFTY,2026-07-28 09:59:00,23983.95,1.0012403013889324,-3.894641499878834,23985.8772643676,TRENDING_BEAR,-0.0149539858102798,0.2,0.0002011686257233,0.2689416053530161,0.2689427114990307,0.0002011686257233,0.0003154537762246,NEUTRAL,0.4621156831479531,,,0.0,0.0,0.0,0.0,0.0,100.0,0.9993559574973636,0.0,0.0,54.494773519153405,49.48053488774431,10.26071428571465,0.0,0.9993559574973636,-0.0151970587670803
NIFTY,2026-07-28 09:59:00,23983.95,1.0012403013889324,-3.894641499878834,23985.788678127283,TRENDING_BEAR,-0.0149539858102798,0.2,0.0004235317300971,0.2689416634251786,0.2689431187143855,0.0004235317300971,0.0017441577566352,NEUTRAL,0.4621152178604358,,,0.0,0.0,0.0,0.0,0.0,100.0,0.9993559574973636,0.0,0.0,54.494773519153405,49.48053488774431,10.26071428571465,0.0,0.9993559574973636,-0.0151970587670803
NIFTY,2026-07-28 09:55:00,23983.95,1.0000030721061768,-13.863837539979851,23986.003923162043,TRENDING_BEAR,-0.0147948320955038,0.2,-0.0004090253439973,0.2689414466751418,0.2689439021812674,-0.0004090253439973,0.0703859758396316,NEUTRAL,0.4621146511435907,,,0.0,0.0,0.0,0.0,0.0,100.0,1.002741835527428,0.0,0.0,47.46456692912996,19.442138939567617,19.042857142857297,0.0,1.002741835527428,-0.0141407389193773
NIFTY,2026-07-28 09:59:00,23983.95,1.0012403013889324,-3.894641499878834,23985.72162107843,TRENDING_BEAR,-0.0149539858102798,0.2,7.567788286327905e-05,0.2689415737806066,0.2689424901061768,7.567788286327905e-05,0.0001668415556931,NEUTRAL,0.4621159361132165,,,0.0,0.0,0.0,0.0,0.0,100.0,0.9993559574973636,0.0,0.0,54.494773519153405,49.48053488774431,10.26071428571465,0.0,0.9993559574973636,-0.0151970587670803
NIFTY,2026-07-28 09:59:00,23983.95,1.0012403013889324,-3.894641499878834,23985.70079389983,TRENDING_BEAR,-0.0149539858102798,0.2,0.0001232428630186,0.2689415853371895,0.2689425711435303,0.0001232428630186,0.0002111379756011,NEUTRAL,0.4621158435192802,,,0.0,0.0,0.0,0.0,0.0,100.0,0.9993559574973636,0.0,0.0,54.494773519153405,49.48053488774431,10.26071428571465,0.0,0.9993559574973636,-0.0151970587670803
NIFTY,2026-07-28 09:59:00,23983.95,1.0012403013889324,-3.894641499878834,23986.03605903196,TRENDING_BEAR,-0.0149539858102798,0.2,0.0001163911425212,0.2689415836214188,0.2689425591121602,0.0001163911425212,0.0002040280748706,NEUTRAL,0.4621158572664209,,,0.0,0.0,0.0,0.0,0.0,100.0,0.9993559574973636,0.0,0.0,54.494773519153405,49.48053488774431,10.26071428571465,0.0,0.9993559574973636,-0.0151970587670803
NIFTY,2026-07-28 09:55:00,23983.95,1.0000030721061768,-13.863837539979851,23986.38287108139,TRENDING_BEAR,-0.0147948320955038,0.2,-4.8814789913483016e-05,0.2689414552873771,0.2689447464922443,-4.8814789913483016e-05,0.0,NEUTRAL,0.4621137982203785,,,0.0,0.0,0.0,0.0,0.0,100.0,1.002741835527428,0.0,0.0,47.46456692912996,19.442138939567617,19.042857142857297,0.0,1.002741835527428,-0.0141407389193773
NIFTY,2026-07-28 09:59:00,23983.95,1.0012403013889324,-3.894641499878834,23985.670085430527,TRENDING_BEAR,-0.0149539858102798,0.2,1.4088598074179744e-05,0.2689415614732127,0.2689424038039827,1.4088598074179744e-05,0.0001244899443098,NEUTRAL,0.4621160347228046,,,0.0,0.0,0.0,0.0,0.0,100.0,0.9993559574973636,0.0,0.0,54.494773519153405,49.48053488774431,10.26071428571465,0.0,0.9993559574973636,-0.0151970587670803
NIFTY,2026-07-28 09:59:00,23983.95,1.0012403013889324,-3.894641499878834,23985.771894465044,TRENDING_BEAR,-0.0149539858102798,0.2,2.670441783282504e-05,0.2689415635752069,0.2689424185436343,2.670441783282504e-05,0.0001319352116758,NEUTRAL,0.4621160178811587,,,0.0,0.0,0.0,0.0,0.0,100.0,0.9993559574973636,0.0,0.0,54.494773519153405,49.48053488774431,10.26071428571465,0.0,0.9993559574973636,-0.0151970587670803
NIFTY,2026-07-28 09:55:00,23983.95,1.0000030721061768,-13.863837539979851,23986.382809341965,TRENDING_BEAR,-0.0147948320955038,0.2,-0.0003867036444543,0.2689414488564685,0.268944085601168,-0.0003867036444543,0.088117915635193,NEUTRAL,0.4621144655423634,,,0.0008333333333333,0.1666666666666666,16.666666666666664,16.666666666666664,0.0,83.33333333333334,1.002741835527428,0.0,0.0,47.46456692912996,19.442138939567617,19.042857142857297,0.0,1.002741835527428,-0.0141407389193773
NIFTY,2026-07-28 04:00:00,52747.32,1.5,653.0178860514011,52458.66345714607,TRANSITION,-0.0097883231937885,0.2,-0.0084308414633938,0.2690983809942991,0.3476898386146302,-0.0084308414633938,0.25,NEUTRAL,0.3832117803910705,0.0007335243553007,True,0.0008333333333333,0.1666666666666666,16.666666666666664,16.666666666666664,0.0,83.33333333333334,1.0,0.0,0.0,,,,,1.0,-0.0098399790003895
NIFTY,2026-07-28 09:55:00,23983.95,1.0000030721061768,-13.863837539979851,23986.377691211983,TRENDING_BEAR,-0.0147948320955038,0.2,-0.0004422737294758,0.2689414477698638,0.2689440095035845,-0.0004422737294758,0.0946419556054038,NEUTRAL,0.4621145427265516,,,0.0,0.0,0.0,0.0,0.0,100.0,1.002741835527428,0.0,0.0,47.46456692912996,19.442138939567617,19.042857142857297,0.0,1.002741835527428,-0.0141407389193773
NIFTY,2026-07-28 09:59:00,23983.95,1.0012403013889324,-3.894641499878834,23985.67863917281,TRENDING_BEAR,-0.0149539858102798,0.2,0.0001825797347101,0.2689416005287213,0.2689426776699812,0.0001825797347101,0.000285891968218,NEUTRAL,0.4621157218012975,,,0.0,0.0,0.0,0.0,0.0,100.0,0.9993559574973636,0.0,0.0,54.494773519153405,49.48053488774431,10.26071428571465,0.0,0.9993559574973636,-0.0151970587670803
NIFTY,2026-07-28 09:45:00,23983.95,1.0,15.663188889361711,23986.689226238763,TRENDING_BULL,-0.0125975646078586,0.25,0.001917834333076,0.2809037069008794,0.2692568889521671,0.001917834333076,0.1363260624535403,NEUTRAL,0.4498394041469534,,,0.0,0.0,0.0,0.0,0.0,100.0,0.996171079260117,0.0,0.0,74.51151213440922,49.21227092831551,54.63928571428499,0.0,0.996171079260117,-0.0150731462985277
NIFTY,2026-07-27T23:00:00,10871.02,1.0,97.8506939035817,10814.59046005884,TRANSITION,-0.0124553591012954,0.2,-0.0063752747708275,0.270697805831975,0.3359662602385617,-0.0063752747708275,0.2451427156289176,NEUTRAL,0.3933359339294632,,,-0.0008333333333333,0.1666666666666666,16.666666666666664,0.0,16.666666666666664,83.33333333333334,1.0,0.0,0.0,,,,,1.0,-0.0128538966178894
NIFTY,2026-07-27 22:00:00,25464.01,1.5,128.452995689487,25348.91447876771,TRANSITION,-0.0105441641062498,0.2,0.0245709320051055,0.3767603147974639,0.2693444309993959,0.0245709320051055,0.25,NEUTRAL,0.3538952542031401,,,0.0016666666666666,0.3333333333333333,33.33333333333333,33.33333333333333,0.0,66.66666666666667,1.0,0.0,0.0,,,,,1.0,-0.0123357340693473
NIFTY,2026-07-28 09:55:00,23983.95,1.0000030721061768,-13.863837539979851,23985.85559987132,TRENDING_BEAR,-0.0147948320955038,0.2,-0.0002983124868554,0.2689414490579547,0.2689441357830643,-0.0002983124868554,0.0586656600637907,NEUTRAL,0.4621144151589809,,,0.0,0.0,0.0,0.0,0.0,100.0,1.002741835527428,0.0,0.0,47.46456692912996,19.442138939567617,19.042857142857297,0.0,1.002741835527428,-0.0141407389193773
NIFTY,2026-07-28 09:59:00,23983.95,1.0012403013889324,-3.894641499878834,23985.723036994463,TRENDING_BEAR,-0.0149539858102798,0.2,0.0002922044288037,0.2689416291007255,0.2689428780233886,0.0002922044288037,0.0005357731181422,NEUTRAL,0.4621154928758857,,,0.0,0.0,0.0,0.0,0.0,100.0,0.9993559574973636,0.0,0.0,54.494773519153405,49.48053488774431,10.26071428571465,0.0,0.9993559574973636,-0.0151970587670803
NIFTY,2026-07-28 09:55:00,23983.95,1.0000030721061768,-13.863837539979851,23986.192711279284,TRENDING_BEAR,-0.0147948320955038,0.2,-0.0004835917896429,0.2689414466864723,0.2689439032920611,-0.0004835917896429,0.098780631980916,NEUTRAL,0.4621146500214665,,,0.0,0.0,0.0,0.0,0.0,100.0,1.002741835527428,0.0,0.0,47.46456692912996,19.442138939567617,19.042857142857297,0.0,1.002741835527428,-0.0141407389193773
NIFTY,2026-07-28T09:45:00,23983.95,1.0,15.663188889361711,23983.27359974444,TRENDING_BULL,-0.0125975646078586,0.25,0.0018351509923298,0.2773215661967202,0.2692710006293711,0.0018351509923298,0.1366317431486279,NEUTRAL,0.4534074331739086,0.0100629796176192,False,0.0,0.0,0.0,0.0,0.0,100.0,0.996171079260117,0.0,0.0,74.51151213440922,49.21227092831551,54.63928571428499,0.0,0.996171079260117,-0.0150731462985277
NIFTY,2026-07-28 09:55:00,23983.95,1.0000030721061768,-13.863837539979851,23986.03812936244,TRENDING_BEAR,-0.0147948320955038,0.2,-0.0001935284482227,0.2689414501340101,0.2689442412754291,-0.0001935284482227,0.0284059851703992,NEUTRAL,0.4621143085905607,,,0.0,0.0,0.0,0.0,0.0,100.0,1.002741835527428,0.0,0.0,47.46456692912996,19.442138939567617,19.042857142857297,0.0,1.002741835527428,-0.0141407389193773
NIFTY,2026-07-28 09:55:00,23983.95,1.0000030721061768,-13.863837539979851,23987.037140357206,TRENDING_BEAR,-0.0147948320955038,0.2,-0.0001424031104307,0.2689414501254039,0.2689442404317153,-0.0001424031104307,0.0,NEUTRAL,0.4621143094428807,,,0.0,0.0,0.0,0.0,0.0,100.0,1.002741835527428,0.0,0.0,47.46456692912996,19.442138939567617,19.042857142857297,0.0,1.002741835527428,-0.0141407389193773
NIFTY,2026-07-28 09:59:00,23983.95,1.0012403013889324,-3.894641499878834,23986.056730884,TRENDING_BEAR,-0.0149539858102798,0.2,7.947380985012643e-05,0.2689415746633243,0.2689424962959912,7.947380985012643e-05,0.0001699715536823,NEUTRAL,0.4621159290406844,,,0.0,0.0,0.0,0.0,0.0,100.0,0.9993559574973636,0.0,0.0,54.494773519153405,49.48053488774431,10.26071428571465,0.0,0.9993559574973636,-0.0151970587670803
NIFTY,2026-07-28 09:55:00,23983.95,1.0000030721061768,-13.863837539979851,23986.280200587506,TRENDING_BEAR,-0.0147948320955038,0.2,-0.0003750378010693,0.2689414473847301,0.2689439717465623,-0.0003750378010693,0.0718699005854496,NEUTRAL,0.4621145808687075,,,0.0,0.0,0.0,0.0,0.0,100.0,1.002741835527428,0.0,0.0,47.46456692912996,19.442138939567617,19.042857142857297,0.0,1.002741835527428,-0.0141407389193773
NIFTY,2026-07-28T09:55:00,23983.95,1.0000030721061768,-13.863837539979851,23985.958030141723,TRENDING_BEAR,-0.0147948320955038,0.2,-0.0001077690738106,0.2689414524427667,0.2689444676172108,-0.0001077690738106,0.0043903352191242,NEUTRAL,0.4621140799400224,0.0093541722693717,False,0.0,0.0,0.0,0.0,0.0,100.0,1.002741835527428,0.0,0.0,47.46456692912996,19.442138939567617,19.042857142857297,0.0,1.002741835527428,-0.0141407389193773
NIFTY,2026-07-29 03:45:00,24150.55,1.5,195.3825073672452,24055.904984875204,TRENDING_BULL,-0.0119883110746741,0.25,-0.0070584217061986,0.2689446447561141,0.3477687041499687,-0.0070584217061986,0.2026241127677809,NEUTRAL,0.3832866510939172,,,0.0,0.0,0.0,0.0,0.0,100.0,1.0202659607728704,0.0,0.0,70.9579320831186,26.55913740780472,35.039285714285406,0.0,1.0202659607728704,-0.0171831104904413
NIFTY,2026-07-29 03:45:00,24172.0,1.5,213.2046149307443,24022.919723777544,TRENDING_BULL,-0.0113630937412381,0.25,-0.0071923693202545,0.2689419726541664,0.359291991386892,-0.0071923693202545,0.25,NEUTRAL,0.3717660359589416,,,0.0,0.0,0.0,0.0,0.0,100.0,1.0258180945724629,0.0,0.0,77.04007019596068,23.5238760805518,33.13928571428577,0.0,1.0258180945724629,-0.017278729006648
NIFTY,2026-07-29 03:45:00,24150.55,1.5,195.3825073672452,24045.912156849907,TRENDING_BULL,-0.0119883110746741,0.25,-0.0063172899599741,0.2689456541032661,0.3424839381122312,-0.0063172899599741,0.1803215243647393,NEUTRAL,0.3885704077845026,,,0.0,0.0,0.0,0.0,0.0,100.0,1.0202659607728704,0.0,0.0,70.9579320831186,26.55913740780472,35.039285714285406,0.0,1.0202659607728704,-0.0171831104904413
NIFTY,2026-07-29 03:45:00,24172.0,1.5,213.2046149307443,24010.534547573006,TRENDING_BULL,-0.0113630937412381,0.25,-0.0071919197639232,0.2689419808353071,0.3639105916985651,-0.0071919197639232,0.25,NEUTRAL,0.3671474274661278,,,0.0,0.0,0.0,0.0,0.0,100.0,1.0258180945724629,0.0,0.0,77.04007019596068,23.5238760805518,33.13928571428577,0.0,1.0258180945724629,-0.017278729006648
NIFTY,2026-07-29 03:45:00,24169.65,1.5,210.52119279211624,24024.80192645686,TRENDING_BULL,-0.0116308201104402,0.25,-0.0074239758903106,0.2689419191855421,0.3641866427401048,-0.0074239758903106,0.25,NEUTRAL,0.3668714380743529,,,0.0,0.0,0.0,0.0,0.0,100.0,1.025523924767637,0.0,0.0,76.88116624944482,23.5238760805518,33.13928571428577,0.0,1.025523924767637,-0.017278729006648
NIFTY,2026-07-29 03:45:00,24169.65,1.5,210.52119279211624,24010.33777164145,TRENDING_BULL,-0.0116308201104402,0.25,-0.0077411275207569,0.2689419297448186,0.3686827771616155,-0.0077411275207569,0.25,NEUTRAL,0.3623752930935659,,,0.0,0.0,0.0,0.0,0.0,100.0,1.025523924767637,0.0,0.0,76.88116624944482,23.5238760805518,33.13928571428577,0.0,1.025523924767637,-0.017278729006648
NIFTY,2026-07-29 03:45:00,24169.65,1.5,210.52119279211624,24023.70009278269,TRENDING_BULL,-0.0116308201104402,0.25,-0.0072457023808556,0.268942133311463,0.3743936407574204,-0.0072457023808556,0.25,NEUTRAL,0.3566642259311166,,,0.0,0.0,0.0,0.0,0.0,100.0,1.025523924767637,0.0,0.0,76.88116624944482,23.5238760805518,33.13928571428577,0.0,1.025523924767637,-0.017278729006648
NIFTY,2026-07-29T03:47:00,24183.4,1.0453589766447062,-21.709225356070423,24153.977323384555,TRENDING_BULL,-0.0135247521102428,0.25,-0.00308022956269,0.2689414811594656,0.2870981849538132,-0.00308022956269,0.2461591798095796,NEUTRAL,0.443960333886721,-0.0010932620749659,True,0.0008333333333333,0.1666666666666666,16.666666666666664,16.666666666666664,0.0,83.33333333333334,1.02433005333728,0.0,0.0,88.0914512922415,54.88287107074437,24.56428571428634,0.0,1.02433005333728,-0.0177434977144002
NIFTY,2026-07-29 03:45:00,24182.3,1.5,224.96599707026948,24026.41045785044,TRENDING_BULL,-0.0113430237397551,0.25,-0.0075153241455155,0.2689419538629468,0.3679843329907961,-0.0075153241455155,0.25,NEUTRAL,0.363073713146257,,,0.0,0.0,0.0,0.0,0.0,100.0,1.0271074345680815,0.0,0.0,77.71152754116675,23.5238760805518,33.13928571428577,0.0,1.0271074345680815,-0.017278729006648
NIFTY,2026-07-29 03:45:00,24188.65,1.5,232.2169462533778,24018.422136531924,TRENDING_BULL,-0.0113430237397551,0.25,-0.0078321033074834,0.2689419917568844,0.3772135048237062,-0.0078321033074834,0.25,NEUTRAL,0.3538445034194092,,,0.0,0.0,0.0,0.0,0.0,100.0,1.0279023189343126,0.0,0.0,78.10626133035552,23.54215891841235,33.28214285714291,0.0,1.0279023189343126,-0.017278729006648
BANKNIFTY,2026-07-29 03:45:00,56973.05,1.5,311.230746493521,56853.11008936086,TRENDING_BEAR,933.692239480563,0.2,-0.001414066785985,0.2712618794862497,0.2725637312632263,-0.001414066785985,0.0,NEUTRAL,0.456174389250524,,,0.0008333333333333,0.1666666666666666,16.666666666666664,16.666666666666664,0.0,83.33333333333334,1.0093995784847638,0.0,0.0,49.763383614314485,37.63077577727024,106.88214285714172,0.0,1.0093995784847638,1867.384478961126
NIFTY,2026-07-29 03:48:00,24188.65,1.0136618612236463,-22.138698244011167,24171.47336315626,TRENDING_BULL,-0.0125812096521258,0.25,-0.0014626958799743,0.2689415338098318,0.2690657582059725,-0.0014626958799743,0.1883703797150122,NEUTRAL,0.4619927079841957,,,0.0,0.0,0.0,0.0,0.0,100.0,1.0252072989231715,0.0,0.0,86.35565098574561,55.87109412041908,24.871428571428883,0.0,1.0252072989231715,-0.0169972613453865
NIFTY,2026-07-29T03:48:00,24188.65,1.0136618612236463,-22.138698244011167,24163.70744873161,TRENDING_BULL,-0.0125812096521258,0.25,-0.0025751437055829,0.2689415068947304,0.269035991976384,-0.0025751437055829,0.11718880651831,NEUTRAL,0.4620225011288854,-0.0006037174106311,True,0.0,0.0,0.0,0.0,0.0,100.0,1.0252072989231715,0.0,0.0,86.35565098574561,55.87109412041908,24.871428571428883,0.0,1.0252072989231715,-0.0169972613453865
NIFTY,2026-07-28 04:00:00,52747.32,1.5,653.0178860514011,52407.65027633796,TRANSITION,-0.0097883231937885,0.2,-0.0082951215840459,0.2695564379827486,0.343243196507534,-0.0082951215840459,0.25,NEUTRAL,0.3872003655097173,0.0007598483634115,True,0.0,0.0,0.0,0.0,0.0,100.0,1.0,0.0,0.0,,,,,1.0,-0.0118079748004674
NIFTY,2026-07-28 04:00:00,24876.91,1.5,12.092856691639952,24932.490913055302,TRANSITION,-0.0098680835217237,0.2,0.0020749164945981,0.2749107580987818,0.2690821311842026,0.0020749164945981,0.0946643845958763,NEUTRAL,0.4560071107170156,0.0007335243553007,True,0.0,0.0,0.0,0.0,0.0,100.0,1.0,0.0,0.0,,,,,1.0,-0.0111141365021467
NIFTY,2026-07-29 03:50:00,24189.1,1.0012393760883331,30.168769907826004,24116.66101252266,TRENDING_BULL,-0.0127321351319551,0.25,-0.0025603441404944,0.2729125323432764,0.2753703240328281,-0.0025603441404944,0.0,NEUTRAL,0.4517171436238955,,,0.0,0.0,0.0,0.0,0.0,100.0,1.0274975593882196,0.0,0.0,78.04809843400133,25.78954036939821,32.61071428571423,0.0,1.0274975593882196,-0.0176030304282903
NIFTY,2026-07-29 03:50:00,24180.55,1.0012393760883331,20.405680850259102,24106.50989205601,TRENDING_BULL,-0.0123091507703065,0.25,-0.0036434107574153,0.2698289659692141,0.2801362528014803,-0.0036434107574153,0.0,NEUTRAL,0.4500347812293055,,,0.0,0.0,0.0,0.0,0.0,100.0,1.026427444992365,0.0,0.0,76.51525610934405,25.78954036939821,32.935714285714184,0.0,1.026427444992365,-0.0172886040061712
NIFTY,2026-07-29 03:50:00,24180.55,1.0012393760883331,20.405680850259102,24123.08458604414,TRENDING_BULL,-0.0123091507703065,0.25,-0.002969203253514,0.2693638622589526,0.2728233535796781,-0.002969203253514,0.0,NEUTRAL,0.4578127841613692,,,0.0,0.0,0.0,0.0,0.0,100.0,1.026427444992365,0.0,0.0,76.51525610934405,25.78954036939821,32.935714285714184,0.0,1.026427444992365,-0.0172886040061712
NIFTY,2026-07-29 03:50:00,24178.5,1.0012393760883331,18.06482323996596,24096.753591492125,TRENDING_BULL,-0.0123091507703065,0.25,-0.0035557740582811,0.2694836888082246,0.2845010259948608,-0.0035557740582811,0.0134460991658416,NEUTRAL,0.4460152851969146,,,0.0,0.0,0.0,0.0,0.0,100.0,1.026170867856517,0.0,0.0,76.08456891817411,25.78954036939821,33.3999999999999,0.0,1.026170867856517,-0.0172886040061712
NIFTY,2026-07-29 03:50:00,24178.5,1.0012393760883331,18.06482323996596,24124.68641852132,TRENDING_BULL,-0.0123091507703065,0.25,-0.0029157402394846,0.2691741015159265,0.2726752755147541,-0.0029157402394846,0.0,NEUTRAL,0.4581506229693193,,,0.0,0.0,0.0,0.0,0.0,100.0,1.026170867856517,0.0,0.0,76.08456891817411,25.78954036939821,33.3999999999999,0.0,1.026170867856517,-0.0172886040061712
NIFTY,2026-07-29 03:50:00,24168.2,1.0012393760883331,6.30344110044075,24097.16015739361,TRENDING_BULL,-0.0123091507703065,0.25,-0.0034822643635113,0.2689592833348319,0.2819593235847813,-0.0034822643635113,0.0850174375656005,NEUTRAL,0.4490813930803867,,,0.0,0.0,0.0,0.0,0.0,100.0,1.0248817241983528,0.0,0.0,73.99198931908968,25.78954036939821,34.13571428571413,0.0,1.0248817241983528,-0.017252355068922
NIFTY,2026-07-29T03:45:00,24164.05,1.5,210.7979111423521,24056.13880321287,TRENDING_BULL,-0.0120268212631344,0.25,-0.0071374017348517,0.268941649233485,0.3603643831223804,-0.0071374017348517,0.25,NEUTRAL,0.3706939676441345,0.0022871559443306,True,-0.0008333333333333,0.1666666666666666,16.666666666666664,0.0,16.666666666666664,83.33333333333334,1.0219542697542572,0.0,0.0,72.22491517207605,27.177710585004213,38.24999999999974,0.0,1.0219542697542572,-0.0143989408388733
NIFTY,2026-07-29 03:50:00,24168.2,1.0012393760883331,6.30344110044075,24114.649957746573,TRENDING_BULL,-0.0123091507703065,0.25,-0.001810766294832,0.2689523645833281,0.2747194294816309,-0.001810766294832,0.0,NEUTRAL,0.456328205935041,,,0.0,0.0,0.0,0.0,0.0,100.0,1.0248817241983528,0.0,0.0,73.99198931908968,25.78954036939821,34.13571428571413,0.0,1.0248817241983528,-0.017252355068922
NIFTY,2026-07-29 03:50:00,24171.9,1.0012393760883331,10.528403616582011,24089.06938446941,TRENDING_BULL,-0.0123091507703065,0.25,-0.0027063833042385,0.2689732971052798,0.2757917785362263,-0.0027063833042385,0.0,NEUTRAL,0.4552349243584939,,,0.0,0.0,0.0,0.0,0.0,100.0,1.0253448146386643,0.0,0.0,74.73031283710662,25.78954036939821,34.23571428571423,0.0,1.0253448146386643,-0.0172622233629226
NIFTY,2026-07-28 04:00:00,24876.91,1.5,12.092856691639952,24943.429789537346,TRANSITION,-0.0098680835217237,0.2,0.0018913455187063,0.2801126213355533,0.2691020326635409,0.0018913455187063,0.1569255968838579,NEUTRAL,0.4507853460009057,,,0.0,0.0,0.0,0.0,0.0,100.0,1.0,0.0,0.0,,,,,1.0,-0.0111141365021467
NIFTY,2026-07-29 03:50:00,24171.9,1.0012393760883331,10.528403616582011,24132.54704296965,TRENDING_BULL,-0.0123091507703065,0.25,-0.0015293903049286,0.2689602386951709,0.271884812043985,-0.0015293903049286,0.1832502495928658,NEUTRAL,0.4591549492608441,,,-0.0016666666666666,0.3333333333333333,33.33333333333333,0.0,33.33333333333333,66.66666666666667,1.0253448146386643,0.0,0.0,74.73031283710662,25.78954036939821,34.23571428571423,0.0,1.0253448146386643,-0.0172622233629226
NIFTY,2026-07-28 04:00:00,24876.91,1.5,12.092856691639952,24951.421883469862,TRANSITION,-0.0098680835217237,0.2,0.0022301308010353,0.2795899539140851,0.2690807255663147,0.0022301308010353,0.1552887358041185,NEUTRAL,0.4513293205196001,0.0007335243553007,True,0.0,0.0,16.666666666666664,16.666666666666664,16.666666666666664,66.66666666666667,1.0,0.0,0.0,,,,,1.0,-0.0092617804184556
NIFTY,2026-07-29 03:55:00,24178.05,1.0000030721061768,-34.90140057767955,24159.10863106265,TRENDING_BULL,-0.0133958607912063,0.25,-0.0022119312823298,0.2689415571250975,0.2695207381421587,-0.0022119312823298,0.1801407920451184,NEUTRAL,0.4615377047327437,,,0.0,0.0,0.0,0.0,0.0,100.0,1.0219540545945405,0.0,0.0,78.84206045125285,29.788533214748416,33.31428571428556,0.0,1.0219540545945405,-0.0177283074706792
NIFTY,2026-07-29 03:55:00,24178.05,1.0000030721061768,-34.90140057767955,24163.86619808258,TRENDING_BULL,-0.0133958607912063,0.25,-0.0030059903386973,0.2689415020236671,0.2692855052466641,-0.0030059903386973,0.2112269691934809,NEUTRAL,0.4617729927296686,,,0.0,0.0,0.0,0.0,0.0,100.0,1.0219540545945405,0.0,0.0,78.84206045125285,29.788533214748416,33.31428571428556,0.0,1.0219540545945405,-0.0177283074706792
NIFTY,2026-07-29 03:55:00,24183.95,1.0000030721061768,-28.16429818707561,24148.08535743704,TRENDING_BULL,-0.0133958607912063,0.25,-0.0035694042080185,0.2689414545820962,0.2901582403426658,-0.0035694042080185,0.25,NEUTRAL,0.4409003050752379,,,0.0,0.0,0.0,0.0,0.0,100.0,1.0226914808519147,0.0,0.0,79.19050942079264,29.788533214748416,34.196428571428314,0.0,1.0226914808519147,-0.0176059294492006
NIFTY,2026-07-29 03:55:00,24183.95,1.0000030721061768,-28.16429818707561,24166.264727690308,TRENDING_BULL,-0.0133958607912063,0.25,-0.0017724487010695,0.2689415052086115,0.2691951039620541,-0.0017724487010695,0.1587184186156957,NEUTRAL,0.4618633908293344,,,0.0,0.0,0.0,0.0,0.0,100.0,1.0226914808519147,0.0,0.0,79.19050942079264,29.788533214748416,34.196428571428314,0.0,1.0226914808519147,-0.0176059294492006
NIFTY,2026-07-29 03:55:00,24183.95,1.0000030721061768,-28.16429818707561,24164.497752090567,TRENDING_BULL,-0.0133958607912063,0.25,-0.0022919802107234,0.2689414821680512,0.2691253717617171,-0.0022919802107234,0.2134385795677398,NEUTRAL,0.4619331460702316,,,0.0,0.0,0.0,0.0,0.0,100.0,1.0226914808519147,0.0,0.0,79.19050942079264,29.788533214748416,34.196428571428314,0.0,1.0226914808519147,-0.0176059294492006
NIFTY,2026-07-29 03:55:00,24190.15,1.0000030721061768,-21.084631268136786,24168.677644898988,TRENDING_BULL,-0.0133958607912063,0.25,-0.0016902949175152,0.2689415177788531,0.2690354727318013,-0.0016902949175152,0.1563421168165615,NEUTRAL,0.4620230094893454,,,0.0,0.0,0.0,0.0,0.0,100.0,1.023466403359664,0.0,0.0,79.54451913842496,29.788533214748416,34.639285714285506,0.0,1.023466403359664,-0.0177434977144002
NIFTY,2026-07-29 03:55:00,24190.15,1.0000030721061768,-21.084631268136786,24175.298606500422,TRENDING_BULL,-0.0133958607912063,0.25,-0.0025430867214469,0.2689414918684796,0.2911323135291075,-0.0025430867214469,0.222026838159535,NEUTRAL,0.4399261946024129,,,0.0,0.0,0.0,0.0,0.0,100.0,1.023466403359664,0.0,0.0,79.54451913842496,29.788533214748416,34.639285714285506,0.0,1.023466403359664,-0.0177434977144002
NIFTY,2026-07-29T03:55:00,24190.15,1.0000030721061768,-21.084631268136786,24134.670273204007,TRENDING_BULL,-0.0133958607912063,0.25,-0.0039339098517745,0.2689414672250939,0.2960611313769464,-0.0039339098517745,0.2069997595167753,NEUTRAL,0.4349974013979596,0.0003205824258782,True,0.0,0.0,0.0,0.0,0.0,100.0,1.023466403359664,0.0,0.0,79.54451913842496,29.788533214748416,34.639285714285506,0.0,1.023466403359664,-0.0177434977144002
NIFTY,2026-07-27 22:00:00,25464.01,1.5,128.452995689487,25344.978506593805,TRANSITION,-0.0105441641062498,0.2,0.0066587780392132,0.3354438596235537,0.2941496359107184,0.0066587780392132,0.119188387094242,NEUTRAL,0.3704065044657278,,,0.0,0.0,0.0,0.0,0.0,100.0,1.0,0.0,0.0,,,,,1.0,-0.0123357340693473
NIFTY,2026-07-28 23:00:00,95.64,1.0,-0.225703772501556,95.85659642080094,TRANSITION,-0.0122588500380516,0.2,-0.0052110563207087,0.2696397158323518,0.3322601684984096,-0.0052110563207087,0.25,NEUTRAL,0.3981001156692386,,,-0.0008333333333333,0.1666666666666666,16.666666666666664,0.0,16.666666666666664,83.33333333333334,1.0,0.0,0.0,,,,,1.0,-0.0131481807678937
NIFTY,2026-07-27 22:00:00,25464.01,1.5,128.452995689487,25349.48950346159,TRANSITION,-0.0105441641062498,0.2,0.0224384886701216,0.3765318284607033,0.2695182717040014,0.0224384886701216,0.229220579038123,NEUTRAL,0.3539498998352952,,,0.0,0.0,0.0,0.0,0.0,100.0,1.0,0.0,0.0,,,,,1.0,-0.0123357340693473
NIFTY,2026-07-29T09:29:35,24336.21,1.0,54.277980587963086,24312.768832145903,TRENDING_BEAR,-0.0123106921091675,0.2,0.0035502885596114,0.3181037957470382,0.2713093831938687,0.0035502885596114,0.0867377581679498,NEUTRAL,0.410586821059093,,,-0.0008333333333333,0.1666666666666666,16.666666666666664,0.0,16.666666666666664,83.33333333333334,1.0077876011403522,0.0,0.0,57.84153159767139,15.032474840684726,67.54428571428564,0.38168085177717,1.0077876011403522,-0.0153812460601329
NIFTY,2026-07-29 09:29:37,24336.21,1.0,54.277980587963086,24311.38785046876,TRENDING_BEAR,-0.0123106921091675,0.2,0.003149869152013,0.3000979760781059,0.2712350470525543,0.003149869152013,0.0567967655068937,NEUTRAL,0.4286669768693397,,,0.0,0.0,0.0,0.0,0.0,100.0,1.0077876011403522,0.0,0.0,57.84153159767139,15.032474840684726,67.54428571428564,0.38168085177717,1.0077876011403522,-0.0153812460601329
NIFTY,2026-07-29 09:29:37,24336.21,1.0,54.277980587963086,24314.76440930997,TRENDING_BEAR,-0.0123106921091675,0.2,0.0030396974384389,0.3228604854508484,0.2707859893853163,0.0030396974384389,0.1322523399073496,NEUTRAL,0.4063535251638352,,,0.0,0.0,0.0,0.0,0.0,100.0,1.0077876011403522,0.0,0.0,57.84153159767139,15.032474840684726,67.54428571428564,0.38168085177717,1.0077876011403522,-0.0153812460601329
NIFTY,2026-07-28 18:30:00,12.27,1.0,-0.1564412512386875,12.509433141989083,HIGH_VOLATILITY,0.0257141888141632,0.2,-0.0039012408402403,0.2977374638724528,0.318361738418505,-0.0039012408402403,0.0785680541014302,NEUTRAL,0.3839007977090422,,,-0.0016666666666666,0.3333333333333333,33.33333333333333,0.0,33.33333333333333,66.66666666666667,0.7697516930022574,0.0,0.0,42.72363150859837,20.0,1.3721428571428569,0.0,0.7697516930022574,0.0083783231675624
NIFTY,2026-07-28 18:30:00,12.27,1.0,-0.1564412512386875,12.515633834087694,HIGH_VOLATILITY,0.0257141888141632,0.2,-0.0038022235487194,0.2984174651095773,0.317695734938467,-0.0038022235487194,0.0863277946046585,NEUTRAL,0.3838867999519557,,,-0.0016666666666666,0.3333333333333333,33.33333333333333,0.0,33.33333333333333,66.66666666666667,0.7697516930022574,0.0,0.0,42.72363150859837,20.0,1.3721428571428569,0.0,0.7697516930022574,0.0083783231675624
NIFTY,2026-07-28T18:30:00,12.27,1.0,-0.1564412512386875,12.51654389238666,HIGH_VOLATILITY,0.0257141888141632,0.2,-0.0035137163791552,0.2978539473349176,0.316170085656305,-0.0035137163791552,0.071091203787808,NEUTRAL,0.3859759670087774,,,-0.0016666666666666,0.3333333333333333,33.33333333333333,0.0,33.33333333333333,66.66666666666667,0.7697516930022574,0.0,0.0,42.72363150859837,20.0,1.3721428571428569,0.0,0.7697516930022574,0.0083783231675624
NIFTY,2026-07-29 04:00:00,24183.05,1.00000000761499,-11.820714136960303,24173.270523145777,TRENDING_BULL,-0.0133846048265695,0.25,-0.0020306774913685,0.2689416732314117,0.276005927634129,-0.0020306774913685,0.1942827662774432,NEUTRAL,0.4550523991344592,,,0.0,0.0,0.0,0.0,0.0,100.0,1.0242547657060916,0.0,0.0,78.28113619810313,34.458119117121875,33.8571428571426,0.0,1.0242547657060916,-0.0140953063964843
BANKNIFTY,2026-07-27T00:00:00,24185.85,1.0,387.6287271670337,24093.659549439803,TRANSITION,1162.8861815011012,0.2,0.004620826881061,0.3105466891328559,0.3056849880475592,0.004620826881061,0.1193710578401494,NEUTRAL,0.3837683228195849,,,0.0008333333333333,0.1666666666666666,16.666666666666664,16.666666666666664,0.0,83.33333333333334,1.0161934652477551,0.0,0.0,54.33584337349373,20.0,586.0892857142857,0.389166852975415,1.0161934652477551,1938.1436358351689
NIFTY,2026-07-29 04:00:00,24183.05,1.00000000761499,-11.820714136960303,24172.210537689385,TRENDING_BULL,-0.0133846048265695,0.25,-0.0011728460830593,0.2689418045941133,0.2689743443378722,-0.0011728460830593,0.1799539821122003,NEUTRAL,0.4620838510680144,,,0.0,0.0,0.0,0.0,0.0,100.0,1.0242547657060916,0.0,0.0,78.28113619810313,34.458119117121875,33.8571428571426,0.0,1.0242547657060916,-0.0140953063964843
NIFTY,2026-07-29 04:00:00,24188.55,1.00000000761499,-5.540364450805626,24167.76963601464,TRENDING_BULL,-0.0127208791673183,0.25,-0.0011445069155498,0.2689422597992926,0.268954438537631,-0.0011445069155498,0.157993194578139,NEUTRAL,0.4621033016630763,,,-0.0016666666666666,0.3333333333333333,33.33333333333333,0.0,33.33333333333333,66.66666666666667,1.0249425780875483,0.0,0.0,78.62365591397533,34.458119117121875,34.47857142857122,0.0,1.0249425780875483,-0.0143090635538101
NIFTY,2026-07-29T09:30:00,24184.65,1.00000000761499,-9.993703319167352,24171.813973325578,TRENDING_BULL,-0.0133846048265695,0.25,-0.0017717283773731,0.2689417854324528,0.2754659574244202,-0.0017717283773731,0.1951249523824474,NEUTRAL,0.4555922571431269,-0.0003504865578096,True,0.0,0.0,0.0,0.0,0.0,100.0,1.0244548565806977,0.0,0.0,78.38190517616049,34.458119117121875,34.392857142857146,0.0,1.0244548565806977,-0.0140953063964843
NIFTY,2026-07-29 00:00:00,12.31,1.0,-0.1107659807939251,12.532723657797982,HIGH_VOLATILITY,0.025450088083744,0.2,-0.0020950801128322,0.3015652445425301,0.3112432117824755,-0.0020950801128322,0.0445502063339066,NEUTRAL,0.3871915436749943,,,-0.0016666666666666,0.3333333333333333,33.33333333333333,0.0,33.33333333333333,66.66666666666667,0.7787810383747181,0.0,0.0,42.95302013414747,20.0,1.3721428571428569,0.0,0.7787810383747181,0.0083783231675624
NIFTY,2026-07-29 00:00:00,12.31,1.0,-0.1107659807939251,12.540221372069894,HIGH_VOLATILITY,0.025450088083744,0.2,-0.002635692066679,0.3008457742662802,0.3154947912139471,-0.002635692066679,0.054044362439204,NEUTRAL,0.3836594345197726,,,-0.0016666666666666,0.3333333333333333,33.33333333333333,0.0,33.33333333333333,66.66666666666667,0.7787810383747181,0.0,0.0,42.95302013414747,20.0,1.3721428571428569,0.0,0.7787810383747181,0.0083783231675624
NIFTY,2026-07-28 04:00:00,24876.91,1.5,12.092856691639952,24952.930666398788,TRANSITION,-0.0098680835217237,0.2,0.0023614926119263,0.2791117677390004,0.2690941933338379,0.0023614926119263,0.0938108869419802,NEUTRAL,0.4517940389271616,,,0.0,0.0,16.666666666666664,16.666666666666664,16.666666666666664,66.66666666666667,1.0,0.0,0.0,,,,,1.0,-0.0092617804184556
NIFTY,2026-07-29 09:34:06,24336.21,1.0,54.277980587963086,24313.9140937122,TRENDING_BEAR,-0.0123106921091675,0.2,0.0004637870364295,0.2692490453344541,0.2758967279211302,0.0004637870364295,0.1294864357775316,NEUTRAL,0.4548542267444156,,,0.0,0.0,0.0,0.0,0.0,100.0,1.0077876011403522,0.0,0.0,57.84153159767139,15.032474840684726,67.54428571428564,0.38168085177717,1.0077876011403522,-0.0153812460601329
NIFTY,2026-07-29 00:00:00,12.31,1.0,-0.1107659807939251,12.543225147894686,HIGH_VOLATILITY,0.025450088083744,0.2,-0.0025893338775721,0.3004748916616653,0.3143983288234649,-0.0025893338775721,0.0535017377132197,NEUTRAL,0.3851267795148698,,,-0.0016666666666666,0.3333333333333333,50.0,16.666666666666664,50.0,33.33333333333334,0.7787810383747181,0.0,0.0,42.95302013414747,20.0,1.3721428571428569,0.0,0.7787810383747181,0.0083783231675624
NIFTY,2026-07-28 04:00:00,24876.91,1.5,12.092856691639952,24940.115650167365,TRANSITION,-0.0098680835217237,0.2,0.0021893183975232,0.2812502743422874,0.2690519193901716,0.0021893183975232,0.1675307128984274,NEUTRAL,0.4496978062675409,,,0.0,0.0,0.0,0.0,0.0,100.0,1.0,0.0,0.0,,,,,1.0,-0.0092617804184556
NIFTY,2026-07-29 09:33:35,24336.21,1.0,54.277980587963086,24312.57799136431,TRENDING_BEAR,-0.0123106921091675,0.2,0.0041330018031322,0.3415456930172046,0.2700851349683438,0.0041330018031322,0.1642365895517419,NEUTRAL,0.3883691720144515,,,-0.0008333333333333,0.1666666666666666,16.666666666666664,0.0,16.666666666666664,83.33333333333334,1.0077876011403522,0.0,0.0,57.84153159767139,15.032474840684726,67.54428571428564,0.38168085177717,1.0077876011403522,-0.0153812460601329
NIFTY,2026-07-29 09:33:35,24336.21,1.0,54.277980587963086,24312.740988518424,TRENDING_BEAR,-0.0123106921091675,0.2,0.001964602358853,0.2691001853994819,0.2719339686099138,0.001964602358853,0.0488817218703104,NEUTRAL,0.4589658459906043,,,-0.0008333333333333,0.1666666666666666,16.666666666666664,0.0,16.666666666666664,83.33333333333334,1.0077876011403522,0.0,0.0,57.84153159767139,15.032474840684726,67.54428571428564,0.38168085177717,1.0077876011403522,-0.0153812460601329
NIFTY,2026-07-29 04:00:00,24205.7,1.00000000761499,54.87503117335609,24135.21888261095,TRENDING_BULL,-0.0127321351319551,0.25,-0.0014784475619242,0.2837001264627335,0.2971087267633417,-0.0014784475619242,0.0,NEUTRAL,0.4191911467739246,0.0020164021076624,True,-0.0008333333333333,0.1666666666666666,16.666666666666664,0.0,16.666666666666664,83.33333333333334,1.0261916470107768,0.0,0.0,76.20347751113385,29.35757536173705,40.01428571428551,0.0,1.0261916470107768,-0.014572967775166
NIFTY,2026-07-29T09:33:35,24336.21,1.0,54.277980587963086,24314.140677075706,TRENDING_BEAR,-0.0123106921091675,0.2,0.0017936964536884,0.2885343844971501,0.2721374258172185,0.0017936964536884,0.0,NEUTRAL,0.4393281896856312,,,0.0,0.0,0.0,0.0,0.0,100.0,1.0077876011403522,0.0,0.0,57.84153159767139,15.032474840684726,67.54428571428564,0.38168085177717,1.0077876011403522,-0.0153812460601329
NIFTY,2026-07-29 09:35:21,24336.21,1.0,54.277980587963086,24313.01173071495,TRENDING_BEAR,-0.0123106921091675,0.2,0.0007815245653194,0.2692339489937818,0.2744364834855309,0.0007815245653194,0.1059595927105064,NEUTRAL,0.4563295675206872,,,0.0,0.0,0.0,0.0,0.0,100.0,1.0077876011403522,0.0,0.0,57.84153159767139,15.032474840684726,67.54428571428564,0.38168085177717,1.0077876011403522,-0.0153812460601329
NIFTY,2026-07-29 09:35:21,24336.21,1.0,54.277980587963086,24312.34140609554,TRENDING_BEAR,-0.0123106921091675,0.2,0.0012763618786999,0.2691858516728302,0.2720438297080567,0.0012763618786999,0.0721088471582173,NEUTRAL,0.458770318619113,,,0.0,0.0,0.0,0.0,0.0,100.0,1.0077876011403522,0.0,0.0,57.84153159767139,15.032474840684726,67.54428571428564,0.38168085177717,1.0077876011403522,-0.0153812460601329
NIFTY,2026-07-29 09:35:21,24336.21,1.0,54.277980587963086,24312.262539520267,TRENDING_BEAR,-0.0123106921091675,0.2,0.0022013094212257,0.2704392820054773,0.2718113313883874,0.0022013094212257,0.0488436060077793,NEUTRAL,0.4577493866061353,,,0.0,0.0,0.0,0.0,0.0,100.0,1.0077876011403522,0.0,0.0,57.84153159767139,15.032474840684726,67.54428571428564,0.38168085177717,1.0077876011403522,-0.0153812460601329
NIFTY,2026-07-29 09:35:21,24336.21,1.0,54.277980587963086,24312.03688630424,TRENDING_BEAR,-0.0123106921091675,0.2,-0.0003764520417371,0.2693767312882853,0.2787240490069873,-0.0003764520417371,0.1591378960533143,NEUTRAL,0.4518992197047273,,,0.0,0.0,0.0,0.0,0.0,100.0,1.0077876011403522,0.0,0.0,57.84153159767139,15.032474840684726,67.54428571428564,0.38168085177717,1.0077876011403522,-0.0153812460601329
NIFTY,2026-07-29 09:35:21,24336.21,1.0,54.277980587963086,24312.9771683737,TRENDING_BEAR,-0.0123106921091675,0.2,0.0021985325197591,0.2691065123515981,0.2699550095693005,0.0021985325197591,0.0,NEUTRAL,0.4609384780791014,,,0.0,0.0,0.0,0.0,0.0,100.0,1.0077876011403522,0.0,0.0,57.84153159767139,15.032474840684726,67.54428571428564,0.38168085177717,1.0077876011403522,-0.0153812460601329
NIFTY,2026-07-29 09:35:21,24336.21,1.0,54.277980587963086,24313.13015436964,TRENDING_BEAR,-0.0123106921091675,0.2,0.0044544657641532,0.308321528603315,0.2705739293807218,0.0044544657641532,0.1363455374526978,NEUTRAL,0.4211045420159632,,,0.0,0.0,0.0,0.0,0.0,100.0,1.0077876011403522,0.0,0.0,57.84153159767139,15.032474840684726,67.54428571428564,0.38168085177717,1.0077876011403522,-0.0153812460601329
NIFTY,2026-07-29 09:35:53,24336.21,1.0,54.277980587963086,24312.43929099013,TRENDING_BEAR,-0.0123106921091675,0.2,0.0043074223188019,0.3133480371948499,0.2700799480723261,0.0043074223188019,0.1270529700816922,NEUTRAL,0.4165720147328239,,,0.0,0.0,0.0,0.0,0.0,100.0,1.0077876011403522,0.0,0.0,57.84153159767139,15.032474840684726,67.54428571428564,0.38168085177717,1.0077876011403522,-0.0153812460601329
NIFTY,2026-07-29 09:35:53,24336.21,1.0,54.277980587963086,24311.139911740665,TRENDING_BEAR,-0.0123106921091675,0.2,0.0053671500068501,0.3574598243205872,0.2696974772465846,0.0053671500068501,0.2161430586656872,NEUTRAL,0.372842698432828,,,0.0,0.0,0.0,0.0,0.0,100.0,1.0077876011403522,0.0,0.0,57.84153159767139,15.032474840684726,67.54428571428564,0.38168085177717,1.0077876011403522,-0.0153812460601329
NIFTY,2026-07-29T09:35:53,24336.21,1.0,54.277980587963086,24313.43340022408,TRENDING_BEAR,-0.0123106921091675,0.2,0.0014972256795224,0.2700313861391678,0.274173845667898,0.0014972256795224,0.0927855775351126,NEUTRAL,0.4557947681929342,,,0.0,0.0,0.0,0.0,0.0,100.0,1.0077876011403522,0.0,0.0,57.84153159767139,15.032474840684726,67.54428571428564,0.38168085177717,1.0077876011403522,-0.0153812460601329
NIFTY,2026-07-29 09:36:34,24336.21,1.0,54.277980587963086,24311.37719137165,TRENDING_BULL,-0.0104592209681868,0.25,0.0043462278848485,0.3363512774899603,0.2700509365282452,0.0043462278848485,0.1240201880083549,NEUTRAL,0.3935977859817944,,,0.0008333333333333,0.1666666666666666,16.666666666666664,16.666666666666664,0.0,83.33333333333334,1.0077876011403522,0.0,0.0,57.84153159767139,19.782778526069745,69.72928571428591,1.5988611085232165,1.0077876011403522,-0.0108797261491417
NIFTY,2026-07-29 09:36:34,24336.21,1.0,54.277980587963086,24314.779009207054,TRENDING_BULL,-0.0123106921091675,0.25,0.0059313047306798,0.3346409816241529,0.2699331864451184,0.0059313047306798,0.1758231088997374,NEUTRAL,0.3954258319307287,,,0.0,0.0,0.0,0.0,0.0,100.0,1.0077876011403522,0.0,0.0,57.84153159767139,18.65416496917774,71.98214285714286,0.284344542496922,1.0077876011403522,-0.0153812460601329
NIFTY,2026-07-29 09:36:34,24336.21,1.0,54.277980587963086,24313.079075210004,TRENDING_BULL,-0.0123106921091675,0.25,0.0037069564200056,0.2716816063688935,0.2711430414242979,0.0037069564200056,0.0517234220644492,NEUTRAL,0.4571753522068084,,,0.0016666666666666,0.3333333333333333,33.33333333333333,33.33333333333333,0.0,66.66666666666667,1.0077876011403522,0.0,0.0,57.84153159767139,18.65416496917774,71.98214285714286,0.284344542496922,1.0077876011403522,-0.0153812460601329
NIFTY,2026-07-29 04:05:00,24187.7,1.0000000000188758,-1.1296804062014338,24179.059970165777,TRENDING_BULL,-0.0128497695550322,0.25,-0.0002931609358994,0.2689439251023015,0.2689506200783159,-0.0002931609358994,0.0089156700167947,NEUTRAL,0.4621054548193826,,,-0.0016666666666666,0.3333333333333333,33.33333333333333,0.0,33.33333333333333,66.66666666666667,1.0254857936244863,0.0,0.0,78.0709469363792,38.8494251035571,34.199999999999946,0.0,1.0254857936244863,-0.0169626250863075
NIFTY,2026-07-29 04:05:00,24187.7,1.0000000000188758,-1.1296804062014338,24177.411482587537,TRENDING_BULL,-0.0128497695550322,0.25,-0.0007181474092755,0.2689430918438764,0.2689473786485977,-0.0007181474092755,0.0926846355819899,NEUTRAL,0.4621095295075259,,,0.0,0.0,0.0,0.0,0.0,100.0,1.0254857936244863,0.0,0.0,78.0709469363792,38.8494251035571,34.199999999999946,0.0,1.0254857936244863,-0.0169626250863075
NIFTY,2026-07-29 04:05:00,24187.7,1.0000000000188758,-1.1296804062014338,24176.87157654069,TRENDING_BULL,-0.0128497695550322,0.25,-0.0007431406678748,0.2689433111424517,0.2689481607201822,-0.0007431406678748,0.1043467570377425,NEUTRAL,0.4621085281373661,,,0.0,0.0,0.0,0.0,0.0,100.0,1.0254857936244863,0.0,0.0,78.0709469363792,38.8494251035571,34.199999999999946,0.0,1.0254857936244863,-0.0169626250863075
BANKNIFTY,2026-07-29 04:00:00,57002.0,1.00000000761499,38.63775699225033,56940.620268027465,TRENDING_BULL,115.913270976751,0.25,0.00015025888623,0.2689886853561561,0.2692650330566224,0.00015025888623,0.0542207385464638,NEUTRAL,0.4617462815872213,,,-0.0008333333333333,0.1666666666666666,16.666666666666664,0.0,16.666666666666664,83.33333333333334,1.009701988357614,0.0,0.0,51.178977272726144,35.94916775757887,108.58571428571356,0.0,1.009701988357614,193.18878496125168
NIFTY,2026-07-29T04:05:00,24195.25,1.0000000000188758,7.491526890246423,24183.20605821478,TRENDING_BULL,-0.0125812096521258,0.25,-0.0002957986770759,0.2689489986796154,0.2689440128446675,-0.0002957986770759,0.0,NEUTRAL,0.4621069884757171,0.0009589907449126,True,0.0,0.0,0.0,0.0,0.0,100.0,1.0264301751796514,0.0,0.0,78.58681602757123,38.8494251035571,34.199999999999946,0.0,1.0264301751796514,-0.0170418720692396
NIFTY,2026-07-29 04:08:00,24200.05,1.0000000000005158,7.99399288174187,24192.04836693769,TRENDING_BULL,-0.0144433248788118,0.25,-0.0003414062166574,0.2689536743402193,0.2689447702227511,-0.0003414062166574,0.0,NEUTRAL,0.4621015554370295,,,0.0,0.0,0.0,0.0,0.0,100.0,1.001190552470086,0.0,0.0,66.42547033283921,33.55739688104954,9.714285714285714,0.0,1.001190552470086,-0.0162702251225709
NIFTY,2026-07-29 04:08:00,24200.05,1.0000000000005158,7.99399288174187,24192.398174369944,TRENDING_BULL,-0.0144433248788118,0.25,0.0002956097258114,0.268948705319701,0.2689434224823733,0.0002956097258114,0.0616910857451328,NEUTRAL,0.4621078721979256,,,-0.0008333333333333,0.1666666666666666,16.666666666666664,0.0,16.666666666666664,83.33333333333334,1.001190552470086,0.0,0.0,66.42547033283921,33.55739688104954,9.714285714285714,0.0,1.001190552470086,-0.0162702251225709
NIFTY,2026-07-28 15:00:00,60828.22,1.0,-1968.535516938236,62076.712917172255,TRANSITION,-0.0042109014466404,0.2,0.0063341006122532,0.3228420647488251,0.2784658459945794,0.0063341006122532,0.1714105776814004,NEUTRAL,0.3986920892565955,,,0.0,0.0,0.0,0.0,0.0,100.0,1.0,0.0,0.0,,,,,1.0,-0.0044017061591148
NIFTY,2026-07-29T04:08:00,24200.05,1.0000000000005158,7.99399288174187,24192.09710018089,TRENDING_BULL,-0.0144433248788118,0.25,-0.0001921283118804,0.2689496265136675,0.2689436639211872,-0.0001921283118804,0.0,NEUTRAL,0.4621067095651453,0.0004132914531327,True,0.0,0.0,0.0,0.0,0.0,100.0,1.001190552470086,0.0,0.0,66.42547033283921,33.55739688104954,9.714285714285714,0.0,1.001190552470086,-0.0162702251225709
NIFTY,2026-07-28 15:00:00,60828.22,1.0,-1968.535516938236,62070.64827569819,TRANSITION,-0.0042109014466404,0.2,0.0046949123710335,0.3174582273390621,0.2871720841025914,0.0046949123710335,0.0985763078346913,NEUTRAL,0.3953696885583465,,,0.0,0.0,0.0,0.0,0.0,100.0,1.0,0.0,0.0,,,,,1.0,-0.0044017061591148
NIFTY,2026-07-29 04:10:00,24212.55,1.0000000000000469,7.1542937863157015,24200.354915338747,TRENDING_BULL,-0.0144576746970415,0.25,-0.0004206965245221,0.2689479746623662,0.2689439130961207,-0.0004206965245221,0.0,NEUTRAL,0.462108112241513,,,-0.0008333333333333,0.1666666666666666,16.666666666666664,0.0,16.666666666666664,83.33333333333334,1.0031566413501414,0.0,0.0,84.34328790953548,43.887027062271855,34.099999999999845,0.0,1.0031566413501414,-0.0169894929975271
NIFTY,2026-07-29 04:10:00,24212.55,1.0000000000000469,7.1542937863157015,24199.7906415777,TRENDING_BULL,-0.0144576746970415,0.25,-0.0003206330012307,0.2689481154923053,0.2689439666429347,-0.0003206330012307,0.0,NEUTRAL,0.4621079178647601,,,-0.0008333333333333,0.1666666666666666,16.666666666666664,0.0,16.666666666666664,83.33333333333334,1.0031566413501414,0.0,0.0,84.34328790953548,43.887027062271855,34.099999999999845,0.0,1.0031566413501414,-0.0169894929975271
NIFTY,2026-07-29T09:40:07,24336.21,1.0,54.277980587963086,24312.88664315148,TRENDING_BEAR,-0.0123106921091675,0.2,0.0029191806550683,0.2690570962126362,0.2713629353820882,0.0029191806550683,0.0,NEUTRAL,0.4595799684052756,,,0.0008333333333333,0.1666666666666666,16.666666666666664,16.666666666666664,0.0,83.33333333333334,1.0077876011403522,0.0,0.0,57.84153159767139,15.032474840684726,67.54428571428564,0.38168085177717,1.0077876011403522,-0.0153812460601329
NIFTY,2026-07-29 04:10:00,24213.05,1.0000000000000469,7.725234666875217,24201.228891229017,TRENDING_BULL,-0.0144576746970415,0.25,-0.0006503400462119,0.2689493108126501,0.2689439788284518,-0.0006503400462119,0.0,NEUTRAL,0.462106710358898,,,0.0,0.0,0.0,0.0,0.0,100.0,1.0032186578796136,0.0,0.0,84.36595251881525,43.89017177336586,34.13571428571413,0.0,1.0032186578796136,-0.0169894929975271
NIFTY,2026-07-29 04:10:00,24213.05,1.0000000000000469,7.725234666875217,24199.93343212789,TRENDING_BULL,-0.0144576746970415,0.25,-0.0004353024259424,0.2689487085681603,0.2689437836047311,-0.0004353024259424,0.0,NEUTRAL,0.4621075078271086,,,0.0,0.0,0.0,0.0,0.0,100.0,1.0032186578796136,0.0,0.0,84.36595251881525,43.89017177336586,34.13571428571413,0.0,1.0032186578796136,-0.0169894929975271
NIFTY,2026-07-29 04:10:00,24199.05,1.0000000000000469,-8.261109988791219,24191.63771832644,TRENDING_BULL,-0.0142853166908025,0.25,-0.0009506430569999,0.268942002069449,0.268958437320676,-0.0009506430569999,0.1019025212063397,NEUTRAL,0.4620995606098749,,,0.0,0.0,0.0,0.0,0.0,100.0,1.0014821950543886,0.0,0.0,81.92340668762165,43.91863306176866,35.125,0.0,1.0014821950543886,-0.0168544515967369
NIFTY,2026-07-29 04:11:00,24211.1,1.000000000000014,-6.306023430285409,24206.228785710133,TRENDING_BULL,-0.0145887127146124,0.25,-0.0005315975323398,0.2689423263079354,0.2689550085664507,-0.0005315975323398,0.053575998680469,NEUTRAL,0.4621026651256139,,,0.0,0.0,0.0,0.0,0.0,100.0,1.0029519623934875,0.0,0.0,65.119549929664,28.66339582413098,9.660714285714286,0.0,1.0029519623934875,-0.0161351837217807
NIFTY,2026-07-29T04:11:00,24211.1,1.000000000000014,-6.306023430285409,24205.140180516835,TRENDING_BULL,-0.0145887127146124,0.25,-0.0008923486366023,0.2689423131483023,0.2689548109781554,-0.0008923486366023,0.1098210176811208,NEUTRAL,0.4621028758735421,,,0.0,0.0,0.0,0.0,0.0,100.0,1.0029519623934875,0.0,0.0,65.119549929664,28.66339582413098,9.660714285714286,0.0,1.0029519623934875,-0.0161351837217807
NIFTY,2026-07-29 04:12:00,24200.35,1.0000000000000042,-8.892906814058636,24197.95555046159,TRENDING_BULL,-0.0144328093156218,0.25,-0.0008016811626373,0.268942012940552,0.2689601305041851,-0.0008016811626373,0.0961734218010182,NEUTRAL,0.4620978565552628,,,0.0,0.0,0.0,0.0,0.0,100.0,1.0007501766945106,0.0,0.0,58.75634517765415,23.52913818972983,10.096428571428728,0.0,1.0007501766945106,-0.0161351837217807
NIFTY,2026-07-29T04:12:00,24200.35,1.0000000000000042,-8.892906814058636,24197.639339173664,TRENDING_BULL,-0.0144328093156218,0.25,-0.0005997680598213,0.26894205550672,0.2689614767414467,-0.0005997680598213,0.0631595828239404,NEUTRAL,0.4620964677518331,,,0.0,0.0,0.0,0.0,0.0,100.0,1.0007501766945106,0.0,0.0,58.75634517765415,23.52913818972983,10.096428571428728,0.0,1.0007501766945106,-0.0161351837217807
NIFTY,2026-07-29 04:13:00,24206.0,1.000000000000001,4.309398270992421,24200.14635538812,TRENDING_BULL,-0.0144511479884386,0.25,-0.0007027351124057,0.2689473267421444,0.2689458544067542,-0.0007027351124057,0.0,NEUTRAL,0.4621068188511014,,,0.0,0.0,0.0,0.0,0.0,100.0,1.0012398743593982,0.0,0.0,69.28471248245602,25.42582158646345,9.671428571428416,0.0,1.0012398743593982,-0.0162702251225709
NIFTY,2026-07-29T04:10:00,24206.0,1.0000000000000469,-0.3250317490131209,24197.824808793288,TRENDING_BULL,-0.0142853744328022,0.25,-0.0006283824877103,0.2689434113441795,0.2689475069310197,-0.0006283824877103,0.0859514660774471,NEUTRAL,0.4621090817248007,,,0.0,0.0,0.0,0.0,0.0,100.0,1.002344224814054,0.0,0.0,83.5836127715377,43.91863306176866,35.125,0.0,1.002344224814054,-0.016910246014595
NIFTY,2026-07-29T04:13:00,24206.0,1.000000000000001,4.309398270992421,24200.193709091684,TRENDING_BULL,-0.0144511479884386,0.25,-1.988494955394931e-05,0.2689470216219936,0.268945625359949,-1.988494955394931e-05,0.0,NEUTRAL,0.4621073530180574,,,0.0,0.0,0.0,0.0,0.0,100.0,1.0012398743593982,0.0,0.0,69.28471248245602,25.42582158646345,9.671428571428416,0.0,1.0012398743593982,-0.0162702251225709
NIFTY,2026-07-29 22:36:17,24336.21,1.0,54.277980587963086,24312.02481213418,TRENDING_BEAR,-0.0123106921091675,0.2,0.0021878428099812,0.2691440121456366,0.2712406092249647,0.0021878428099812,0.0008236260499135,NEUTRAL,0.4596153786293986,,,0.0,0.0,0.0,0.0,0.0,100.0,1.0077876011403522,0.0,0.0,57.84153159767139,15.032474840684726,67.54428571428564,0.38168085177717,1.0077876011403522,-0.0153812460601329
NIFTY,2026-07-29 22:35:06,24336.21,1.0,54.277980587963086,24310.47825222813,TRENDING_BEAR,-0.0123106921091675,0.2,0.0041737312619346,0.3332734955400868,0.2696497999803616,0.0041737312619346,0.1626162886200304,NEUTRAL,0.3970767044795515,,,0.0,0.0,0.0,0.0,0.0,100.0,1.0077876011403522,0.0,0.0,57.84153159767139,15.032474840684726,67.54428571428564,0.38168085177717,1.0077876011403522,-0.0153812460601329
NIFTY,2026-07-29 22:34:54,24336.21,1.0,54.277980587963086,24312.295535870537,TRENDING_BEAR,-0.0123106921091675,0.2,0.0047875490253863,0.3197815846909141,0.2703031772909249,0.0047875490253863,0.1327023690926115,NEUTRAL,0.4099152380181608,,,0.0,0.0,0.0,0.0,0.0,100.0,1.0077876011403522,0.0,0.0,57.84153159767139,15.032474840684726,67.54428571428564,0.38168085177717,1.0077876011403522,-0.0153812460601329
NIFTY,2026-07-29 22:36:17,24336.21,1.0,54.277980587963086,24312.953070457395,TRENDING_BEAR,-0.0123106921091675,0.2,0.0038346903360981,0.3359995977114515,0.2700302151503899,0.0038346903360981,0.1659752473033361,NEUTRAL,0.3939701871381585,,,0.0,0.0,0.0,0.0,0.0,100.0,1.0077876011403522,0.0,0.0,57.84153159767139,15.032474840684726,67.54428571428564,0.38168085177717,1.0077876011403522,-0.0153812460601329
NIFTY,2026-07-29 22:35:06,24336.21,1.0,54.277980587963086,24313.20147354616,TRENDING_BEAR,-0.0123106921091675,0.2,0.0016524424686566,0.2691502696631328,0.2704528120956799,0.0016524424686566,0.0372400196650075,NEUTRAL,0.4603969182411872,,,0.0,0.0,0.0,0.0,0.0,100.0,1.0077876011403522,0.0,0.0,57.84153159767139,15.032474840684726,67.54428571428564,0.38168085177717,1.0077876011403522,-0.0153812460601329
NIFTY,2026-07-29T22:40:46,24336.21,1.0,54.277980587963086,24313.32209435372,TRENDING_BEAR,-0.0123106921091675,0.2,0.003509926279959,0.3131562210707843,0.2707703532017244,0.003509926279959,0.0907937161081682,NEUTRAL,0.4160734257274912,,,0.0,0.0,0.0,0.0,0.0,100.0,1.0077876011403522,0.0,0.0,57.84153159767139,15.032474840684726,67.54428571428564,0.38168085177717,1.0077876011403522,-0.0153812460601329
NIFTY,2026-07-29T22:34:42,24336.21,1.0,54.277980587963086,24314.52298952541,TRENDING_BEAR,-0.0123106921091675,0.2,0.0006110478084652,0.2693238182075731,0.274260397975322,0.0006110478084652,0.0919115864407791,NEUTRAL,0.4564157838171049,,,0.0,0.0,0.0,0.0,0.0,100.0,1.0077876011403522,0.0,0.0,57.84153159767139,15.032474840684726,67.54428571428564,0.38168085177717,1.0077876011403522,-0.0153812460601329
NIFTY,2026-07-29 22:35:06,24336.21,1.0,54.277980587963086,24312.06140138068,TRENDING_BEAR,-0.0123106921091675,0.2,0.0037488127087395,0.331251184532271,0.2710056719283947,0.0037488127087395,0.1139289388365278,NEUTRAL,0.3977431435393343,,,0.0,0.0,0.0,0.0,0.0,100.0,1.0077876011403522,0.0,0.0,57.84153159767139,15.032474840684726,67.54428571428564,0.38168085177717,1.0077876011403522,-0.0153812460601329
NIFTY,2026-07-29T22:43:28,24336.21,1.0,54.277980587963086,24311.972234044668,TRENDING_BEAR,-0.0123106921091675,0.2,0.0007501694930852,0.269227151987984,0.2743636217031222,0.0007501694930852,0.1092084632475006,NEUTRAL,0.4564092263088937,,,0.0008333333333333,0.1666666666666666,16.666666666666664,16.666666666666664,0.0,83.33333333333334,1.0077876011403522,0.0,0.0,57.84153159767139,15.032474840684726,67.54428571428564,0.38168085177717,1.0077876011403522,-0.0153812460601329
NIFTY,2026-07-29T22:43:27,24336.21,1.0,54.277980587963086,24313.878583943977,TRENDING_BEAR,-0.0123106921091675,0.2,0.003292188629363,0.2690623971349687,0.2708679438106662,0.003292188629363,0.0,NEUTRAL,0.460069659054365,,,0.0,0.0,0.0,0.0,0.0,100.0,1.0077876011403522,0.0,0.0,57.84153159767139,15.032474840684726,67.54428571428564,0.38168085177717,1.0077876011403522,-0.0153812460601329
NIFTY,2026-07-29T22:43:25,24336.21,1.0,54.277980587963086,24313.293380308613,TRENDING_BEAR,-0.0123106921091675,0.2,0.0019441493625447,0.2691270291706282,0.2702961533677831,0.0019441493625447,0.0070400109450812,NEUTRAL,0.4605768174615886,,,0.0,0.0,0.0,0.0,0.0,100.0,1.0077876011403522,0.0,0.0,57.84153159767139,15.032474840684726,67.54428571428564,0.38168085177717,1.0077876011403522,-0.0153812460601329
NIFTY,2026-07-29 22:43:17,24336.21,1.0,54.277980587963086,24310.938923167963,TRENDING_BEAR,-0.0123106921091675,0.2,0.0037453034928289,0.3172908963684475,0.270452488951718,0.0037453034928289,0.093218115745787,NEUTRAL,0.4122566146798344,,,0.0,0.0,0.0,0.0,0.0,100.0,1.0077876011403522,0.0,0.0,57.84153159767139,15.032474840684726,67.54428571428564,0.38168085177717,1.0077876011403522,-0.0153812460601329
NIFTY,2026-07-29T22:43:17,24336.21,1.0,54.277980587963086,24312.7509770035,TRENDING_BEAR,-0.0123106921091675,0.2,0.0011045843727541,0.269195377718615,0.2729595213203276,0.0011045843727541,0.0901962743212266,NEUTRAL,0.4578451009610573,,,0.0,0.0,0.0,0.0,0.0,100.0,1.0077876011403522,0.0,0.0,57.84153159767139,15.032474840684726,67.54428571428564,0.38168085177717,1.0077876011403522,-0.0153812460601329
NIFTY,2026-07-29T22:43:23,24336.21,1.0,54.277980587963086,24314.21553716666,TRENDING_BEAR,-0.0123106921091675,0.2,0.0018371779843485,0.2691165441547717,0.2729616454358576,0.0018371779843485,0.0625155165110831,NEUTRAL,0.4579218104093705,,,0.0,0.0,0.0,0.0,0.0,100.0,1.0077876011403522,0.0,0.0,57.84153159767139,15.032474840684726,67.54428571428564,0.38168085177717,1.0077876011403522,-0.0153812460601329
NIFTY,2026-07-29 22:43:32,24336.21,1.0,54.277980587963086,24313.698832218422,TRENDING_BEAR,-0.0123106921091675,0.2,0.0018462712560638,0.2691763244243082,0.2716536525907366,0.0018462712560638,0.050422129863648,NEUTRAL,0.4591700229849552,,,0.0,0.0,0.0,0.0,0.0,100.0,1.0077876011403522,0.0,0.0,57.84153159767139,15.032474840684726,67.54428571428564,0.38168085177717,1.0077876011403522,-0.0153812460601329
NIFTY,2026-07-29T22:43:33,24336.21,1.0,54.277980587963086,24313.855905856908,TRENDING_BEAR,-0.0123106921091675,0.2,0.0040461007016842,0.3076085719443971,0.2699885788927071,0.0040461007016842,0.1022008229599871,NEUTRAL,0.4224028491628958,,,0.0,0.0,0.0,0.0,0.0,100.0,1.0077876011403522,0.0,0.0,57.84153159767139,15.032474840684726,67.54428571428564,0.38168085177717,1.0077876011403522,-0.0153812460601329
NIFTY,2026-07-29T22:43:37,24336.21,1.0,54.277980587963086,24309.514131539006,TRENDING_BEAR,-0.0123106921091675,0.2,0.0007230932206206,0.2693199942951225,0.2743085141122677,0.0007230932206206,0.1221229685052144,NEUTRAL,0.4563714915926097,,,0.0,0.0,0.0,0.0,0.0,100.0,1.0077876011403522,0.0,0.0,57.84153159767139,15.032474840684726,67.54428571428564,0.38168085177717,1.0077876011403522,-0.0153812460601329
NIFTY,2026-07-29T22:43:36,24336.21,1.0,54.277980587963086,24311.41846523261,TRENDING_BEAR,-0.0123106921091675,0.2,0.0005627734367374,0.2693126956049994,0.2729044867674107,0.0005627734367374,0.100556507434699,NEUTRAL,0.4577828176275899,,,0.0,0.0,0.0,0.0,0.0,100.0,1.0077876011403522,0.0,0.0,57.84153159767139,15.032474840684726,67.54428571428564,0.38168085177717,1.0077876011403522,-0.0153812460601329
NIFTY,2026-07-29T22:43:38,24336.21,1.0,54.277980587963086,24312.16713246382,TRENDING_BEAR,-0.0123106921091675,0.2,0.0006823232440894,0.2692541311823873,0.2742401992452701,0.0006823232440894,0.1059800724010309,NEUTRAL,0.4565056695723425,,,0.0,0.0,0.0,0.0,0.0,100.0,1.0077876011403522,0.0,0.0,57.84153159767139,15.032474840684726,67.54428571428564,0.38168085177717,1.0077876011403522,-0.0153812460601329
NIFTY,2026-07-31 04:00:00,100.02,1.0,0.0255657340080908,100.25140809314776,TRANSITION,0.0766972020242724,0.2,0.0021658407408768,0.1812260517723736,0.015736407205833,0.0021658407408768,0.1741907953277103,NEUTRAL,0.8030375410217934,,,-0.0008333333333333,0.1666666666666666,16.666666666666664,0.0,16.666666666666664,83.33333333333334,1.0,0.0,0.0,,,,,1.0,0.127828670040454
NIFTY,2026-07-31 04:00:00,100.02,1.0,0.0255657340080908,100.22794892601829,TRANSITION,0.0766972020242724,0.2,0.0021190055806716,0.2270404084604614,0.0362421465165392,0.0021190055806716,0.2087117569996268,NEUTRAL,0.7367174450229994,,,0.0,0.0,0.0,0.0,0.0,100.0,1.0,0.0,0.0,,,,,1.0,0.127828670040454
NIFTY,2026-07-31 04:00:00,100.02,1.0,0.0255657340080908,100.2103553126598,TRANSITION,0.0766972020242724,0.2,0.001651910024018,0.2168174296387892,0.0544058501264691,0.001651910024018,0.1789222721377476,NEUTRAL,0.7287767202347416,,,0.0,0.0,0.0,0.0,0.0,100.0,1.0,0.0,0.0,,,,,1.0,0.127828670040454
NIFTY,2026-07-31 04:00:00,100.02,1.0,0.0255657340080908,100.23322348670489,TRANSITION,0.0766972020242724,0.2,0.0026522483654104,0.2312012976105776,0.0259345162009364,0.0026522483654104,0.2118551540055448,NEUTRAL,0.7428641861884859,,,0.0,0.0,0.0,0.0,0.0,100.0,1.0,0.0,0.0,,,,,1.0,0.127828670040454
NIFTY,2026-07-31 09:45:00,24366.7,1.00000000761499,-19.6593863277661,24366.731180787378,TRENDING_BULL,-0.0087578343227505,0.25,-0.0009487185398434,1.2707065963410743e-06,0.0011435669935621,-0.0009487185398434,0.0011428830258079,NEUTRAL,0.9988551622998414,,,-0.0008333333333333,0.1666666666666666,16.666666666666664,0.0,16.666666666666664,83.33333333333334,0.9955803980305415,0.0,0.0,50.56861258528832,37.05901296264293,25.678571428571427,0.0,0.9955803980305415,-0.0124690877273678
BANKNIFTY,2026-07-31 23:03:33,53424.16,1.0,120.2695552921262,53351.13658596066,TRANSITION,360.8086658763786,0.2,0.0009246895767474,0.0050493326196682,4.2164264236245377e-07,0.0009246895767474,0.0050486291731918,NEUTRAL,0.9949502457376894,,,0.0,0.0,0.0,0.0,0.0,100.0,1.0142446102427816,0.0,0.0,69.38331825104233,25.54799699273569,129.5585714285714,1.8264972574937344,1.0142446102427816,601.3477764606309
NIFTY,2026-07-31 23:03:20,24875.35,1.0,-20.524038322397065,24872.528074248363,TRANSITION,-61.5721149671912,0.2,-0.0023042679036106,2.977562810141711e-06,0.0886242293141915,-0.0023042679036106,0.0886232929386943,NEUTRAL,0.9113727931229983,,,0.0,0.0,0.0,0.0,0.0,100.0,1.010264403383066,0.0,0.0,50.77772839819432,37.4671483527228,53.30071428571422,0.8277763745053465,1.010264403383066,-102.62019161198532
NIFTY,2026-07-31 23:03:20,24875.35,1.0,-20.524038322397065,24873.13714389444,TRANSITION,-61.5721149671912,0.2,-0.0019133249180728,3.173318521420582e-10,0.0014212647077966,-0.0019133249180728,0.0014212645802353,NEUTRAL,0.9985787349748716,,,0.0,0.0,0.0,0.0,0.0,100.0,1.010264403383066,0.0,0.0,50.77772839819432,37.4671483527228,53.30071428571422,0.8277763745053465,1.010264403383066,-102.62019161198532
NIFTY,2026-07-31 23:03:13,24875.35,1.0,-20.524038322397065,24871.043010315545,TRANSITION,-61.5721149671912,0.2,-0.0019774863871053,3.0872713451211955e-10,1.1198902307533735e-06,-0.0019774863871053,1.1197761558817182e-06,NEUTRAL,0.999998879801042,,,0.0,0.0,0.0,0.0,0.0,100.0,1.010264403383066,0.0,0.0,50.77772839819432,37.4671483527228,53.30071428571422,0.8277763745053465,1.010264403383066,-102.62019161198532
BANKNIFTY,2026-07-31 23:03:33,53424.16,1.0,120.2695552921262,53360.07286130969,TRANSITION,360.8086658763786,0.2,0.0012758101514321,0.0079471286326942,6.636220206272852e-07,0.0012758101514321,0.0079464281618639,NEUTRAL,0.9920522077452852,,,0.0,0.0,0.0,0.0,0.0,100.0,1.0142446102427816,0.0,0.0,69.38331825104233,25.54799699273569,129.5585714285714,1.8264972574937344,1.0142446102427816,601.3477764606309
BANKNIFTY,2026-07-31 23:04:27,53424.16,1.0,120.2695552921262,53355.34381446362,TRANSITION,360.8086658763786,0.2,0.0012448030829036,0.0072091723303486,0.0003750967802077,0.0012448030829036,0.0068078075812051,NEUTRAL,0.9924157308894436,,,0.0,0.0,0.0,0.0,0.0,100.0,1.0142446102427816,0.0,0.0,69.38331825104233,25.54799699273569,129.5585714285714,1.8264972574937344,1.0142446102427816,601.3477764606309
BANKNIFTY,2026-07-31 23:04:44,53424.16,1.0,120.2695552921262,53351.2571597294,TRANSITION,360.8086658763786,0.2,0.0021673854766819,0.0019998400820906,0.0041324584613716,0.0021673854766819,0.0021535931189085,NEUTRAL,0.9938677014565376,,,0.0,0.0,0.0,0.0,0.0,100.0,1.0142446102427816,0.0,0.0,69.38331825104233,25.54799699273569,129.5585714285714,1.8264972574937344,1.0142446102427816,601.3477764606309
BANKNIFTY,2026-07-31T23:04:27,53424.16,1.0,120.2695552921262,53354.496255146965,TRANSITION,360.8086658763786,0.2,0.0012342442140101,0.0044604048536571,0.001083406015171,0.0012342442140101,0.0030548606292666,NEUTRAL,0.9944561891311716,,,0.0,0.0,0.0,0.0,0.0,100.0,1.0142446102427816,0.0,0.0,69.38331825104233,25.54799699273569,129.5585714285714,1.8264972574937344,1.0142446102427816,601.3477764606309
BANKNIFTY,2026-07-31T23:04:39,53424.16,1.0,120.2695552921262,53353.45129670574,TRANSITION,360.8086658763786,0.2,0.0018714948929321,0.0026530079815863,0.0030364398550937,0.0018714948929321,0.0005293821214335,NEUTRAL,0.99431055216332,,,0.0,0.0,0.0,0.0,0.0,100.0,1.0142446102427816,0.0,0.0,69.38331825104233,25.54799699273569,129.5585714285714,1.8264972574937344,1.0142446102427816,601.3477764606309
BANKNIFTY,2026-07-31 23:04:44,53424.16,1.0,120.2695552921262,53355.3080913477,TRANSITION,360.8086658763786,0.2,0.0020576792013783,0.0014990589652366,0.0022817301443785,0.0020576792013783,0.0008538316545225,NEUTRAL,0.9962192108903848,,,0.0,0.0,0.0,0.0,0.0,100.0,1.0142446102427816,0.0,0.0,69.38331825104233,25.54799699273569,129.5585714285714,1.8264972574937344,1.0142446102427816,601.3477764606309
BANKNIFTY,2026-07-31 04:00:00,52656.0,1.5,549.4926609078864,52529.80468918312,TRANSITION,1648.4779827236591,0.2,0.0494675600987767,0.9777066604516148,0.0139189073800695,0.0494675600987767,0.25,STRONG_BUY,0.9777066604516148,,,0.0,0.0,0.0,0.0,0.0,100.0,1.0,0.0,0.0,,,,,1.0,2747.463304539432
BANKNIFTY,2026-07-31 04:00:00,52656.0,1.5,549.4926609078864,52512.32156123498,TRANSITION,1648.4779827236591,0.2,0.0406132183821602,0.9077584063790792,0.0584458501633252,0.0406132183821602,0.25,STRONG_BUY,0.9077584063790792,,,0.0008333333333333,0.1666666666666666,16.666666666666664,16.666666666666664,0.0,83.33333333333334,1.0,0.0,0.0,,,,,1.0,2747.463304539432
BANKNIFTY,2026-07-31T04:00:00,52656.0,1.5,549.4926609078864,52509.30505916961,TRANSITION,1648.4779827236591,0.2,0.050820164364845,0.9822573958029012,0.0117953298916284,0.050820164364845,0.25,STRONG_BUY,0.9822573958029012,-0.0006034101844462,False,0.0,0.0,0.0,0.0,0.0,100.0,1.0,0.0,0.0,,,,,1.0,2747.463304539432
BANKNIFTY,2026-07-31T23:04:44,53424.16,1.0,120.2695552921262,53349.0464267681,TRANSITION,360.8086658763786,0.2,0.0032963567983245,0.0006362174991763,0.0017747917129124,0.0032963567983245,0.0009248529097233,NEUTRAL,0.9975889907879112,,,0.0,0.0,16.666666666666664,16.666666666666664,16.666666666666664,66.66666666666667,1.0142446102427816,0.0,0.0,69.38331825104233,25.54799699273569,129.5585714285714,1.8264972574937344,1.0142446102427816,601.3477764606309
BANKNIFTY,2026-07-31 09:55:00,57214.1,1.0000000000000469,-37.6642058206711,57231.13641897235,TRANSITION,-112.9926174620133,0.2,3.946356129118788e-05,1.623459590840328e-09,7.817375795796338e-07,3.946356129118788e-05,7.796115760861846e-07,NEUTRAL,0.9999992166389609,,,0.0,0.0,0.0,0.0,0.0,100.0,0.9955444404110356,0.0,0.0,38.98628710293069,22.40317301207975,38.1464285714293,0.0,0.9955444404110356,-188.3210291033555
BANKNIFTY,2026-07-31 09:55:00,57214.1,1.0000000000000469,-37.6642058206711,57231.74545747197,TRANSITION,-112.9926174620133,0.2,-0.0002901632856117,1.2759796471401511e-09,6.144170428239013e-07,-0.0002901632856117,6.132357361963226e-07,NEUTRAL,0.9999993843069775,,,0.0,0.0,0.0,0.0,0.0,100.0,0.9955444404110356,0.0,0.0,38.98628710293069,22.40317301207975,38.1464285714293,0.0,0.9955444404110356,-188.3210291033555
BANKNIFTY,2026-07-31 09:55:00,57214.1,1.0000000000000469,-37.6642058206711,57233.11456018526,TRANSITION,-112.9926174620133,0.2,5.8508240893340624e-05,1.7095692042906759e-09,8.232015748506044e-07,5.8508240893340624e-05,8.208887141015634e-07,NEUTRAL,0.999999175088856,,,0.0,0.0,0.0,0.0,0.0,100.0,0.9955444404110356,0.0,0.0,38.98628710293069,22.40317301207975,38.1464285714293,0.0,0.9955444404110356,-188.3210291033555
BANKNIFTY,2026-07-31 09:55:00,57214.1,1.0000000000000469,-37.6642058206711,57230.41354497308,TRANSITION,-112.9926174620133,0.2,0.0001074668662729,1.8552532083303047e-09,8.933521725888932e-07,0.0001074668662729,8.906650002298682e-07,NEUTRAL,0.9999991047925744,,,0.0,0.0,0.0,0.0,0.0,100.0,0.9955444404110356,0.0,0.0,38.98628710293069,22.40317301207975,38.1464285714293,0.0,0.9955444404110356,-188.3210291033555
BANKNIFTY,2026-07-31 09:55:00,57214.1,1.0000000000000469,-37.6642058206711,57231.49270845783,TRENDING_BULL,-112.9926174620133,0.25,0.0001095324334796,0.2689423906823084,0.2690063983094117,0.0001095324334796,0.0,NEUTRAL,0.4620512110082799,,,-0.0008333333333333,0.1666666666666666,16.666666666666664,0.0,16.666666666666664,83.33333333333334,0.9955444404110356,0.0,0.0,38.98628710293069,22.40317301207975,38.1464285714293,0.0,0.9955444404110356,-188.3210291033555
NIFTY,2026-07-31 04:00:00,99.89,1.0,-0.1228960029125836,100.152695953835,TRANSITION,-0.3686880087377508,0.2,-0.0003899253166786,0.048326024952281,1.3411478626590894e-06,-0.0003899253166786,0.0483245559867937,NEUTRAL,0.9516726338998563,0.0018632582340178,True,-0.0008333333333333,0.1666666666666666,16.666666666666664,0.0,16.666666666666664,83.33333333333334,1.0,0.0,0.0,,,,,1.0,-0.6144800145629181
NIFTY,2026-07-31 09:55:00,24366.7,1.0000000000000469,-11.930899050687344,24372.2591946638,TRANSITION,-35.79269715206203,0.2,9.728922064717969e-06,3.3641585891523833e-09,3.466582792911267e-07,9.728922064717969e-06,3.427326590081103e-07,NEUTRAL,0.999999649977562,,,0.0,0.0,0.0,0.0,0.0,100.0,0.9978469664782932,0.0,0.0,39.11397198030598,27.2864431847,15.85357142857174,0.0,0.9978469664782932,-59.65449525343672
NIFTY,2026-07-31 09:55:00,24366.7,1.0000000000000469,-11.930899050687344,24371.15052754249,TRANSITION,-35.79269715206203,0.2,5.9647442356277205e-05,4.075883196322192e-09,4.199976362543199e-07,5.9647442356277205e-05,4.151624173792257e-07,NEUTRAL,0.9999995759264806,,,0.0,0.0,0.0,0.0,0.0,100.0,0.9978469664782932,0.0,0.0,39.11397198030598,27.2864431847,15.85357142857174,0.0,0.9978469664782932,-59.65449525343672
NIFTY,2026-07-31 09:55:00,24366.7,1.0000000000000469,-11.930899050687344,24372.38535098112,TRANSITION,-35.79269715206203,0.2,2.339311604896968e-05,3.3256644687082836e-09,3.426916691559784e-07,2.339311604896968e-05,3.3892393688948905e-07,NEUTRAL,0.9999996539826664,,,0.0,0.0,0.0,0.0,0.0,100.0,0.9978469664782932,0.0,0.0,39.11397198030598,27.2864431847,15.85357142857174,0.0,0.9978469664782932,-59.65449525343672
NIFTY,2026-07-31 09:55:00,24366.7,1.0000000000000469,-11.930899050687344,24371.9753649988,TRANSITION,-35.79269715206203,0.2,-0.0001383038598543,2.930612377116212e-09,3.0198369577349536e-07,-0.0001383038598543,2.992980521519103e-07,NEUTRAL,0.9999996950856918,,,0.0,0.0,0.0,0.0,0.0,100.0,0.9978469664782932,0.0,0.0,39.11397198030598,27.2864431847,15.85357142857174,0.0,0.9978469664782932,-59.65449525343672
NIFTY,2026-07-31 09:55:00,24366.7,1.0000000000000469,-11.930899050687344,24372.714886140453,TRANSITION,-35.79269715206203,0.2,-0.0002050220494282,2.91205488725024e-09,3.0007144718758e-07,-0.0002050220494282,2.976539781216658e-07,NEUTRAL,0.999999697016498,,,0.0,0.0,0.0,0.0,0.0,100.0,0.9978469664782932,0.0,0.0,39.11397198030598,27.2864431847,15.85357142857174,0.0,0.9978469664782932,-59.65449525343672
NIFTY,2026-07-31 09:55:00,24366.7,1.0000000000000469,-11.930899050687344,24371.742083012246,TRANSITION,-35.79269715206203,0.2,7.197225877639606e-05,3.536822149163558e-09,3.644503217955312e-07,7.197225877639606e-05,3.603880129456985e-07,NEUTRAL,0.999999632012856,,,0.0,0.0,0.0,0.0,0.0,100.0,0.9978469664782932,0.0,0.0,39.11397198030598,27.2864431847,15.85357142857174,0.0,0.9978469664782932,-59.65449525343672
NIFTY,2026-07-31 09:55:00,24366.7,1.0000000000000469,-11.930899050687344,24372.54127733974,TRANSITION,-35.79269715206203,0.2,6.000017892261034e-06,3.247601181745714e-09,3.346476712239223e-07,6.000017892261034e-06,3.309454270250367e-07,NEUTRAL,0.9999996621047276,,,0.0,0.0,0.0,0.0,0.0,100.0,0.9978469664782932,0.0,0.0,39.11397198030598,27.2864431847,15.85357142857174,0.0,0.9978469664782932,-59.65449525343672
NIFTY,2026-07-31 09:55:00,24366.7,1.0000000000000469,-11.930899050687344,24372.06052781947,TRANSITION,-35.79269715206203,0.2,-0.0001277805875266,3.0927770592094923e-09,3.186938859046964e-07,-0.0001277805875266,3.159644496324611e-07,NEUTRAL,0.999999678213337,,,0.0,0.0,0.0,0.0,0.0,100.0,0.9978469664782932,0.0,0.0,39.11397198030598,27.2864431847,15.85357142857174,0.0,0.9978469664782932,-59.65449525343672
NIFTY,2026-07-31 09:55:00,24366.7,1.0000000000000469,-11.930899050687344,24372.34127198377,TRANSITION,-35.79269715206203,0.2,-0.0002065719671286,2.9825671454198235e-09,3.07337352595494e-07,-0.0002065719671286,3.049678880202282e-07,NEUTRAL,0.9999996896800802,,,0.0,0.0,0.0,0.0,0.0,100.0,0.9978469664782932,0.0,0.0,39.11397198030598,27.2864431847,15.85357142857174,0.0,0.9978469664782932,-59.65449525343672
NIFTY,2026-07-31 09:55:00,24366.7,1.0000000000000469,-11.930899050687344,24371.86487858135,TRANSITION,-35.79269715206203,0.2,0.0001321012561068,3.652402365695069e-09,3.763602356480177e-07,0.0001321012561068,3.710831479703541e-07,NEUTRAL,0.999999619987362,,,0.0,0.0,0.0,0.0,0.0,100.0,0.9978469664782932,0.0,0.0,39.11397198030598,27.2864431847,15.85357142857174,0.0,0.9978469664782932,-59.65449525343672
NIFTY,2026-07-31 09:55:00,24366.7,1.0000000000000469,-11.930899050687344,24371.47773079637,TRANSITION,-35.79269715206203,0.2,4.2856427719838894e-05,3.5666784293812075e-09,3.675268493883904e-07,4.2856427719838894e-05,3.633851834639153e-07,NEUTRAL,0.9999996289064722,,,0.0,0.0,0.0,0.0,0.0,100.0,0.9978469664782932,0.0,0.0,39.11397198030598,27.2864431847,15.85357142857174,0.0,0.9978469664782932,-59.65449525343672
NIFTY,2026-07-31 09:55:00,24366.7,1.0000000000000469,-11.930899050687344,24372.13808339481,TRANSITION,-35.79269715206203,0.2,5.824673127151174e-05,3.536544720217597e-09,3.69273977379241e-07,5.824673127151174e-05,3.652704557066261e-07,NEUTRAL,0.999999627189478,,,-0.0008333333333333,0.1666666666666666,16.666666666666664,0.0,16.666666666666664,83.33333333333334,0.9978469664782932,0.0,0.0,39.11397198030598,27.2864431847,15.85357142857174,0.0,0.9978469664782932,-59.65449525343672
NIFTY,2026-07-30 22:00:00,25629.24,1.5,29.92311499378519,25590.08420408484,TRANSITION,-0.0103983441367745,0.2,0.0022635587124663,0.2689416177974846,0.2689495939569614,0.0022635587124663,0.0,NEUTRAL,0.462108788245554,,,0.0016666666666666,0.3333333333333333,33.33333333333333,33.33333333333333,0.0,66.66666666666667,1.0,0.0,0.0,,,,,1.0,-0.0123101770877838
NIFTY,2026-07-30 23:00:00,10868.05,1.0,-49.82816701052522,10877.184895788188,TRANSITION,-149.48450103157566,0.2,0.001081246452848,0.2968142799439544,0.1842021561284758,0.001081246452848,0.1127773090961744,NEUTRAL,0.5189835639275697,,,-0.0008333333333333,0.1666666666666666,16.666666666666664,0.0,16.666666666666664,83.33333333333334,1.0,0.0,0.0,,,,,1.0,-249.1408350526261
NIFTY,2026-07-31 09:55:00,24366.7,1.0000000000000469,-11.930899050687344,24372.46652044935,TRANSITION,-35.79269715206203,0.2,3.897982210403812e-05,3.4617815678765283e-09,3.5671779727369465e-07,3.897982210403812e-05,3.5295245603083026e-07,NEUTRAL,0.9999996398204212,,,0.0,0.0,0.0,0.0,0.0,100.0,0.9978469664782932,0.0,0.0,39.11397198030598,27.2864431847,15.85357142857174,0.0,0.9978469664782932,-59.65449525343672
NIFTY,2026-07-31 09:55:00,24366.7,1.0000000000000469,-11.930899050687344,24372.16402033483,TRANSITION,-35.79269715206203,0.2,-0.0001963215498994,3.0068682788562542e-09,3.098414524702911e-07,-0.0001963215498994,3.072070494085425e-07,NEUTRAL,0.9999996871516792,,,0.0,0.0,0.0,0.0,0.0,100.0,0.9978469664782932,0.0,0.0,39.11397198030598,27.2864431847,15.85357142857174,0.0,0.9978469664782932,-59.65449525343672
NIFTY,2026-07-31 09:55:00,24366.7,1.0000000000000469,-11.930899050687344,24372.48948357884,TRANSITION,-35.79269715206203,0.2,6.792815663047665e-05,3.475083074855572e-09,3.580884453567549e-07,6.792815663047665e-05,3.539967600607603e-07,NEUTRAL,0.9999996384364715,,,0.0,0.0,0.0,0.0,0.0,100.0,0.9978469664782932,0.0,0.0,39.11397198030598,27.2864431847,15.85357142857174,0.0,0.9978469664782932,-59.65449525343672
NIFTY,2026-07-31 09:55:00,24366.7,1.0000000000000469,-11.930899050687344,24371.77554566753,TRANSITION,-35.79269715206203,0.2,0.0002376707156513,4.054644076015653e-09,4.178090602095215e-07,0.0002376707156513,4.1190154365481387e-07,NEUTRAL,0.9999995781362956,,,0.0,0.0,0.0,0.0,0.0,100.0,0.9978469664782932,0.0,0.0,39.11397198030598,27.2864431847,15.85357142857174,0.0,0.9978469664782932,-59.65449525343672
NIFTY,2026-07-31 23:21:40,24875.35,1.0,-20.524038322397065,24871.376300970347,TRANSITION,-61.5721149671912,0.2,-0.0020502211915376,3.2238248175112715e-10,0.034525924622859,-0.0020502211915376,0.0345259245059603,NEUTRAL,0.9654740750547586,,,0.0,0.0,0.0,0.0,0.0,100.0,1.010264403383066,0.0,0.0,50.77772839819432,37.4671483527228,53.30071428571422,0.8277763745053465,1.010264403383066,-102.62019161198532
NIFTY,2026-07-31 23:21:40,24875.35,1.0,-20.524038322397065,24871.59273707047,TRANSITION,-61.5721149671912,0.2,-0.0020019872207456,3.549982771065688e-07,0.0573740856268619,-0.0020019872207456,0.0573739494994582,NEUTRAL,0.9426255593748608,,,0.0,0.0,0.0,0.0,0.0,100.0,1.010264403383066,0.0,0.0,50.77772839819432,37.4671483527228,53.30071428571422,0.8277763745053465,1.010264403383066,-102.62019161198532
NIFTY,2026-07-31 23:21:40,24875.35,1.0,-20.524038322397065,24873.415030642165,TRANSITION,-61.5721149671912,0.2,-0.0018216484883406,7.655130674960725e-05,6.077442580489358e-07,-0.0018216484883406,7.505078224991588e-05,NEUTRAL,0.9999228409489924,,,0.0,0.0,0.0,0.0,0.0,100.0,1.010264403383066,0.0,0.0,50.77772839819432,37.4671483527228,53.30071428571422,0.8277763745053465,1.010264403383066,-102.62019161198532
NIFTY,2026-07-31T23:21:40,24875.35,1.0,-20.524038322397065,24870.78080002015,TRANSITION,-61.5721149671912,0.2,-0.0018088933437009,8.338178283651112e-09,6.796824492351209e-07,-0.0018088933437009,6.76644115405465e-07,NEUTRAL,0.9999993119793724,,,0.0,0.0,0.0,0.0,0.0,100.0,1.010264403383066,0.0,0.0,50.77772839819432,37.4671483527228,53.30071428571422,0.8277763745053465,1.010264403383066,-102.62019161198532
NIFTY,2026-07-31 09:55:00,24366.7,1.0000000000000469,-11.930899050687344,24371.943144912424,TRANSITION,-35.79269715206203,0.2,-5.5018059199712326e-05,4.068290030199183e-09,4.19215201707072e-07,-5.5018059199712326e-05,4.151469785322889e-07,NEUTRAL,0.9999995767165084,,,0.0,0.0,0.0,0.0,0.0,100.0,0.9978469664782932,0.0,0.0,39.11397198030598,27.2864431847,15.85357142857174,0.0,0.9978469664782932,-59.65449525343672
NIFTY,2026-07-31 09:55:00,24366.7,1.0000000000000469,-11.930899050687344,24372.28009248577,TRANSITION,-35.79269715206203,0.2,0.000132240031402,3.8048340373620914e-09,3.920674918932929e-07,0.000132240031402,3.872177237775474e-07,NEUTRAL,0.999999604127674,,,0.0,0.0,0.0,0.0,0.0,100.0,0.9978469664782932,0.0,0.0,39.11397198030598,27.2864431847,15.85357142857174,0.0,0.9978469664782932,-59.65449525343672
NIFTY,2026-07-31 09:55:00,24366.7,1.0000000000000469,-11.930899050687344,24372.071154462068,TRANSITION,-35.79269715206203,0.2,0.0001744663616229,3.679642412834289e-09,3.791671746251337e-07,0.0001744663616229,3.737613841461906e-07,NEUTRAL,0.999999617153183,,,0.0,0.0,0.0,0.0,0.0,100.0,0.9978469664782932,0.0,0.0,39.11397198030598,27.2864431847,15.85357142857174,0.0,0.9978469664782932,-59.65449525343672
NIFTY,2026-07-31 09:55:00,24366.7,1.0000000000000469,-11.930899050687344,24372.39155461868,TRANSITION,-35.79269715206203,0.2,0.0001489455640506,3.6606122210502284e-09,3.7720621667276043e-07,0.0001489455640506,3.719129085078445e-07,NEUTRAL,0.999999619133171,,,0.0,0.0,0.0,0.0,0.0,100.0,0.9978469664782932,0.0,0.0,39.11397198030598,27.2864431847,15.85357142857174,0.0,0.9978469664782932,-59.65449525343672
NIFTY,2026-07-30T18:30:00,11.76,1.0,-0.3095430720374348,11.98423861941374,HIGH_VOLATILITY,-0.9286292161123044,0.2,-0.0110912347382204,0.1689591978400374,0.6383676017402214,-0.0110912347382204,0.25,SELL,0.6383676017402214,,,-0.0016666666666666,0.3333333333333333,50.0,16.666666666666664,50.0,33.33333333333334,0.6,0.0,0.0,37.66233766225207,20.0,1.1085714285714283,0.0,0.6,-1.547715360187174
NIFTY,2026-07-31 09:55:00,24366.7,1.0000000000000469,-11.930899050687344,24372.23940251596,TRANSITION,-35.79269715206203,0.2,0.0001806045721285,3.604362188452162e-09,3.7140995618332e-07,0.0001806045721285,3.658259902843585e-07,NEUTRAL,0.9999996249856816,,,0.0,0.0,0.0,0.0,0.0,100.0,0.9978469664782932,0.0,0.0,39.11397198030598,27.2864431847,15.85357142857174,0.0,0.9978469664782932,-59.65449525343672
NIFTY,2026-07-31 09:55:00,24366.7,1.0000000000000469,-11.930899050687344,24372.209436432586,TRANSITION,-35.79269715206203,0.2,-0.0001611245632898,2.9466091759136046e-09,3.011101698708328e-07,-0.0001611245632898,2.984684851631884e-07,NEUTRAL,0.9999996959432208,,,0.0008333333333333,0.1666666666666666,16.666666666666664,16.666666666666664,0.0,83.33333333333334,0.9978469664782932,0.0,0.0,39.11397198030598,27.2864431847,15.85357142857174,0.0,0.9978469664782932,-59.65449525343672
NIFTY,2026-07-31 09:55:00,24366.7,1.0000000000000469,-11.930899050687344,24372.398726416384,TRANSITION,-35.79269715206203,0.2,0.0001630161597764,3.8266224310251705e-09,3.943126675755912e-07,0.0001630161597764,3.888985875233367e-07,NEUTRAL,0.99999960186071,,,0.0,0.0,0.0,0.0,0.0,100.0,0.9978469664782932,0.0,0.0,39.11397198030598,27.2864431847,15.85357142857174,0.0,0.9978469664782932,-59.65449525343672
NIFTY,2026-07-31 09:55:00,24366.7,1.0000000000000469,-11.930899050687344,24372.06752783302,TRANSITION,-35.79269715206203,0.2,-0.0001152460054198,3.0535432028838407e-09,3.188406008786118e-07,-0.0001152460054198,3.160223214015397e-07,NEUTRAL,0.999999678105856,,,-0.0008333333333333,0.1666666666666666,16.666666666666664,0.0,16.666666666666664,83.33333333333334,0.9978469664782932,0.0,0.0,39.11397198030598,27.2864431847,15.85357142857174,0.0,0.9978469664782932,-59.65449525343672
NIFTY,2026-07-31 04:00:00,28445.75,1.5,479.6534453416928,28238.65571097099,TRANSITION,1438.9603360250785,0.2,-0.0044930659209368,0.3109206990361423,0.4810470883784463,-0.0044930659209368,0.25,NEUTRAL,0.2080322125854113,0.0018632582340178,True,0.0008333333333333,0.1666666666666666,16.666666666666664,16.666666666666664,0.0,83.33333333333334,1.0,0.0,0.0,,,,,1.0,2398.267226708464
NIFTY,2026-07-31 09:55:00,24366.7,1.0000000000000469,-11.930899050687344,24371.61503725697,TRANSITION,-35.79269715206203,0.2,0.0002488261257243,3.736012564382889e-09,3.849758127203257e-07,0.0002488261257243,3.790080992958549e-07,NEUTRAL,0.9999996112881748,,,0.0,0.0,0.0,0.0,0.0,100.0,0.9978469664782932,0.0,0.0,39.11397198030598,27.2864431847,15.85357142857174,0.0,0.9978469664782932,-59.65449525343672
NIFTY,2026-07-30 23:00:00,10868.05,1.0,-49.82816701052522,10877.304560234605,TRANSITION,-149.48450103157566,0.2,-0.01133436515212,0.0466301376005529,0.8288023773555924,-0.01133436515212,0.25,STRONG_SELL,0.8288023773555924,,,0.0,0.0,16.666666666666664,16.666666666666664,16.666666666666664,66.66666666666667,1.0,0.0,0.0,,,,,1.0,-249.1408350526261
NIFTY,2026-07-31 09:55:00,24366.7,1.0000000000000469,-11.930899050687344,24372.520114679075,TRANSITION,-35.79269715206203,0.2,-0.0001312842500638,3.0321666413270883e-09,3.124483113833347e-07,-0.0001312842500638,3.097159531333136e-07,NEUTRAL,0.999999684519522,,,0.0,0.0,0.0,0.0,0.0,100.0,0.9978469664782932,0.0,0.0,39.11397198030598,27.2864431847,15.85357142857174,0.0,0.9978469664782932,-59.65449525343672
NIFTY,2026-07-31 09:55:00,24366.7,1.0000000000000469,-11.930899050687344,24372.56435154317,TRANSITION,-35.79269715206203,0.2,-3.169786372883482e-05,3.383214729116187e-09,3.486219110625551e-07,-3.169786372883482e-05,3.4529706278099586e-07,NEUTRAL,0.9999996479948742,,,0.0,0.0,0.0,0.0,0.0,100.0,0.9978469664782932,0.0,0.0,39.11397198030598,27.2864431847,15.85357142857174,0.0,0.9978469664782932,-59.65449525343672
NIFTY,2026-07-31T23:34:05,24875.35,1.0,-20.524038322397065,24870.66831532309,TRANSITION,-61.5721149671912,0.2,-0.0020996979996173,3.120226970668324e-10,0.0679320301408375,-0.0020996979996173,0.0679320300287072,NEUTRAL,0.9320679695471398,,,0.0,0.0,16.666666666666664,16.666666666666664,16.666666666666664,66.66666666666667,1.010264403383066,0.0,0.0,50.77772839819432,37.4671483527228,53.30071428571422,0.8277763745053465,1.010264403383066,-102.62019161198532
NIFTY,2026-07-30 23:00:00,10868.1,1.5,-49.77106634247757,10877.280482030324,TRANSITION,-0.0101755680516362,0.2,-0.0080990273944013,0.2757890609517247,0.3368481577485333,-0.0080990273944013,0.2344724814421276,NEUTRAL,0.3873627812997421,,,0.0,0.0,16.666666666666664,16.666666666666664,16.666666666666664,66.66666666666667,1.0,0.0,0.0,,,,,1.0,-0.0118483565747737
NIFTY,2026-07-31 04:00:00,99.83,1.0,-0.1914168045682844,100.13348787082862,TRANSITION,-0.5742504137048534,0.2,-0.001261793659162,0.0303183169668909,0.0003043102308836,-0.001261793659162,0.0300214239357868,NEUTRAL,0.9693773728022256,0.0018632582340178,True,-0.0008333333333333,0.1666666666666666,16.666666666666664,0.0,16.666666666666664,83.33333333333334,1.0,0.0,0.0,,,,,1.0,-0.9570840228414224
NIFTY,2026-07-31T23:36:11,24875.35,1.0,-20.524038322397065,24871.87973260321,TRANSITION,-61.5721149671912,0.2,-0.0017002836129139,3.1475181073041245e-10,2.7994461867177845e-05,-0.0017002836129139,2.799432911312729e-05,NEUTRAL,0.999972005223381,,,-0.0016666666666666,0.3333333333333333,33.33333333333333,0.0,33.33333333333333,66.66666666666667,1.010264403383066,0.0,0.0,50.77772839819432,37.4671483527228,53.30071428571422,0.8277763745053465,1.010264403383066,-102.62019161198532
NIFTY,2026-07-31 09:55:00,24366.7,1.0000000000000469,-11.930899050687344,24371.43094277858,TRANSITION,-35.79269715206203,0.2,6.0162536511389776e-05,3.3759348167552032e-09,3.4787175561489384e-07,6.0162536511389776e-05,3.438491267664404e-07,NEUTRAL,0.9999996487523096,,,0.0,0.0,0.0,0.0,0.0,100.0,0.9978469664782932,0.0,0.0,39.11397198030598,27.2864431847,15.85357142857174,0.0,0.9978469664782932,-59.65449525343672
NIFTY,2026-07-31 09:55:00,24366.7,1.0000000000000469,-11.930899050687344,24371.86641449341,TRANSITION,-35.79269715206203,0.2,-0.0001648377559261,2.917724363597016e-09,3.006556559467012e-07,-0.0001648377559261,2.9805879012076e-07,NEUTRAL,0.9999996964266196,,,0.0,0.0,0.0,0.0,0.0,100.0,0.9978469664782932,0.0,0.0,39.11397198030598,27.2864431847,15.85357142857174,0.0,0.9978469664782932,-59.65449525343672
NIFTY,2026-07-31 09:55:00,24366.7,1.0000000000000469,-11.930899050687344,24372.109610527288,TRANSITION,-35.79269715206203,0.2,-6.433282767404706e-05,4.033222445313712e-09,4.156016774592874e-07,-6.433282767404706e-05,4.115684809659213e-07,NEUTRAL,0.9999995803651002,,,0.0,0.0,16.666666666666664,16.666666666666664,16.666666666666664,66.66666666666667,0.9978469664782932,0.0,0.0,39.11397198030598,27.2864431847,15.85357142857174,0.0,0.9978469664782932,-59.65449525343672
NIFTY,2026-07-31 04:00:00,99.83,1.0,-0.1914168045682844,100.1388805167878,TRANSITION,-0.5742504137048534,0.2,-2.229465488473363e-06,0.021806372648648,5.377160725571299e-06,-2.229465488473363e-06,0.0218020422356116,NEUTRAL,0.9781882501906264,,,0.0,0.0,0.0,0.0,0.0,100.0,1.0,0.0,0.0,,,,,1.0,-0.9570840228414224
NIFTY,2026-07-31 23:39:02,24875.35,1.0,-20.524038322397065,24871.84837065058,TRANSITION,-61.5721149671912,0.2,-0.0018551907742692,7.802178089511755e-05,0.0023358828022171,-0.0018551907742692,0.0023061901513519,NEUTRAL,0.9975860954168876,,,0.0,0.0,0.0,0.0,0.0,100.0,1.010264403383066,0.0,0.0,50.77772839819432,37.4671483527228,53.30071428571422,0.8277763745053465,1.010264403383066,-102.62019161198532
NIFTY,2026-07-31 23:39:02,24875.35,1.0,-20.524038322397065,24870.7019465506,TRANSITION,-61.5721149671912,0.2,-0.0020467806488032,4.999393443391877e-06,5.499153297664988e-07,-0.0020467806488032,3.542721771824165e-06,NEUTRAL,0.9999944506912268,,,0.0,0.0,0.0,0.0,0.0,100.0,1.010264403383066,0.0,0.0,50.77772839819432,37.4671483527228,53.30071428571422,0.8277763745053465,1.010264403383066,-102.62019161198532
NIFTY,2026-07-31 09:55:00,24366.7,1.0000000000000469,-11.930899050687344,24372.303079401183,TRANSITION,-35.79269715206203,0.2,-0.0001442306990149,2.9930486368032996e-09,3.084174133807123e-07,-0.0001442306990149,3.0571091755014376e-07,NEUTRAL,0.999999688589538,,,0.0,0.0,0.0,0.0,0.0,100.0,0.9978469664782932,0.0,0.0,39.11397198030598,27.2864431847,15.85357142857174,0.0,0.9978469664782932,-59.65449525343672
NIFTY,2026-07-31 09:55:00,24366.7,1.0000000000000469,-11.930899050687344,24372.48770002028,TRANSITION,-35.79269715206203,0.2,0.0001119691178909,3.680952070300573e-09,3.793021277171747e-07,0.0001119691178909,3.74119999947887e-07,NEUTRAL,0.9999996170169202,,,0.0,0.0,0.0,0.0,0.0,100.0,0.9978469664782932,0.0,0.0,39.11397198030598,27.2864431847,15.85357142857174,0.0,0.9978469664782932,-59.65449525343672
NIFTY,2026-07-31 09:55:00,24366.7,1.0000000000000469,-11.930899050687344,24372.69349480738,TRANSITION,-35.79269715206203,0.2,-0.0001709227929744,3.0491713921029304e-09,3.115908697178091e-07,-0.0001709227929744,3.088961441202602e-07,NEUTRAL,0.9999996853599588,,,0.0008333333333333,0.1666666666666666,16.666666666666664,16.666666666666664,0.0,83.33333333333334,0.9978469664782932,0.0,0.0,39.11397198030598,27.2864431847,15.85357142857174,0.0,0.9978469664782932,-59.65449525343672
NIFTY,2026-07-31 04:00:00,99.88,1.0,,,TRANSITION,,0.2,-0.0003252004811625,0.3926990501649516,0.4054789233110343,-0.0003252004811625,0.018651826428091,NEUTRAL,0.201822026524014,,,-0.0008333333333333,0.1666666666666666,16.666666666666664,0.0,16.666666666666664,83.33333333333334,1.0,0.0,0.0,,,,,1.0,
NIFTY,2026-07-31 09:55:00,24366.7,1.0000000000000469,-11.930899050687344,24372.51067874064,TRANSITION,-35.79269715206203,0.2,-0.000159605985788,2.894862533771718e-09,2.982998684953491e-07,-0.000159605985788,2.956070415649286e-07,NEUTRAL,0.999999698805269,,,0.0,0.0,0.0,0.0,0.0,100.0,0.9978469664782932,0.0,0.0,39.11397198030598,27.2864431847,15.85357142857174,0.0,0.9978469664782932,-59.65449525343672
NIFTY,2026-07-31 09:55:00,24366.7,1.0000000000000469,-11.930899050687344,24371.942686364608,TRANSITION,-35.79269715206203,0.2,-0.0001510966412114,2.879318599061896e-09,2.966981504083078e-07,-0.0001510966412114,2.9408735137105097e-07,NEUTRAL,0.9999997004225312,,,0.0,0.0,0.0,0.0,0.0,100.0,0.9978469664782932,0.0,0.0,39.11397198030598,27.2864431847,15.85357142857174,0.0,0.9978469664782932,-59.65449525343672
NIFTY,2026-07-31 09:55:00,24366.7,1.0000000000000469,-11.930899050687344,24371.856011798653,TRANSITION,-35.79269715206203,0.2,0.0001850030244624,4.075390571322624e-09,4.199468739224736e-07,0.0001850030244624,4.143806983618249e-07,NEUTRAL,0.9999995759777356,,,0.0,0.0,0.0,0.0,0.0,100.0,0.9978469664782932,0.0,0.0,39.11397198030598,27.2864431847,15.85357142857174,0.0,0.9978469664782932,-59.65449525343672
NIFTY,2026-07-31 09:55:00,24366.7,1.0000000000000469,-11.930899050687344,24372.49447812097,TRENDING_BEAR,-0.0091673424467444,0.2,0.0001502232836674,0.2689414660316701,0.2689439234812272,0.0001502232836674,0.0,NEUTRAL,0.4621146104871027,,,0.0008333333333333,0.1666666666666666,16.666666666666664,16.666666666666664,0.0,83.33333333333334,0.9978469664782932,0.0,0.0,39.11397198030598,27.2864431847,15.85357142857174,0.0,0.9978469664782932,-0.0142802618443965
NIFTY,2026-07-31 09:45:00,24366.7,1.00000000761499,-19.6593863277661,24367.575743078767,TRENDING_BULL,-0.0087578343227505,0.25,-0.0010763691687716,1.12578405014072e-06,0.0010131445648639,-0.0010763691687716,0.0010125484556941,NEUTRAL,0.998985729651086,,,-0.0008333333333333,0.1666666666666666,16.666666666666664,0.0,16.666666666666664,83.33333333333334,0.9955803980305415,0.0,0.0,50.56861258528832,37.05901296264293,25.678571428571427,0.0,0.9955803980305415,-0.0124690877273678
NIFTY,2026-07-31 09:45:00,24366.7,1.00000000761499,-19.6593863277661,24365.526213580102,TRENDING_BULL,-0.0087578343227505,0.25,-0.000594798682617,0.2689415649437688,0.2690706495730104,-0.000594798682617,0.0566877923505047,NEUTRAL,0.4619877854832207,,,-0.0008333333333333,0.1666666666666666,16.666666666666664,0.0,16.666666666666664,83.33333333333334,0.9955803980305415,0.0,0.0,50.56861258528832,37.05901296264293,25.678571428571427,0.0,0.9955803980305415,-0.0124690877273678
NIFTY,2026-07-30 15:00:00,6595.45,1.5,1267.9303214435213,6244.9833510734425,TRANSITION,-0.0095012234523892,0.2,-0.0060737450011776,0.2805788220266966,0.3258016462148569,-0.0060737450011776,0.1724203749310139,NEUTRAL,0.3936195317584463,,,0.0,0.0,0.0,0.0,0.0,100.0,1.0,0.0,0.0,,,,,1.0,-0.0066613620147109
NIFTY,2026-07-31 04:00:00,7489.72,1.5,93.45164651057593,7448.4271057221695,TRANSITION,-0.0056268046610057,0.2,-0.0071334164022247,0.2797198244670501,0.3326457730429979,-0.0071334164022247,0.1899728020905846,NEUTRAL,0.3876344024899519,,,0.0008333333333333,0.1666666666666666,16.666666666666664,16.666666666666664,0.0,83.33333333333334,1.0,0.0,0.0,,,,,1.0,-0.010273209773004
NIFTY,2026-08-02 21:48:41,24031.49,1.0,-33.41599125196117,24029.54215320164,TRENDING_BULL,-0.0099996365606784,0.25,-0.0034578792915862,0.2689414939976324,0.2862776200757693,-0.0034578792915862,0.2181724105307471,NEUTRAL,0.4447808859265982,,,0.0,0.0,0.0,0.0,0.0,100.0,1.0205138367741626,0.0,0.0,68.80193347910974,64.5658394438647,60.94071428571469,0.4446182879816765,1.0205138367741626,-0.0121847871690988
NIFTY,2026-08-02 21:48:41,24031.49,1.0,-33.41599125196117,24028.939390224463,TRENDING_BULL,-0.0099996365606784,0.25,-0.0033504614232508,0.2689414957658891,0.2837589226136176,-0.0033504614232508,0.2136340240694146,NEUTRAL,0.4472995816204932,,,-0.0016666666666666,0.3333333333333333,33.33333333333333,0.0,33.33333333333333,66.66666666666667,1.0205138367741626,0.0,0.0,68.80193347910974,64.5658394438647,60.94071428571469,0.4446182879816765,1.0205138367741626,-0.0121847871690988
NIFTY,2026-07-31 04:00:00,7489.72,1.5,93.45164651057593,7450.053745270504,TRANSITION,-0.0056268046610057,0.2,-0.0065821599633078,0.2782645269607307,0.3229832541842929,-0.0065821599633078,0.1761981800487383,NEUTRAL,0.3987522188549763,,,0.0,0.0,0.0,0.0,0.0,100.0,1.0,0.0,0.0,,,,,1.0,-0.010273209773004
NIFTY,2026-07-30 15:00:00,6595.45,1.5,1267.9303214435213,6222.309982642305,TRANSITION,-0.0095012234523892,0.2,-0.0060684014264772,0.2797604720473136,0.3255033780640982,-0.0060684014264772,0.1795522622777899,NEUTRAL,0.3947361498885881,,,-0.0008333333333333,0.1666666666666666,16.666666666666664,0.0,16.666666666666664,83.33333333333334,1.0,0.0,0.0,,,,,1.0,-0.0066613620147109
NIFTY,2026-08-02 21:48:41,24031.49,1.0,-33.41599125196117,24029.080181888803,TRENDING_BULL,-0.0099996365606784,0.25,-0.0045290786734729,0.268941480132371,0.3018803906972481,-0.0045290786734729,0.2471392980907983,NEUTRAL,0.4291781291703808,,,0.0,0.0,0.0,0.0,0.0,100.0,1.0205138367741626,0.0,0.0,68.80193347910974,64.5658394438647,60.94071428571469,0.4446182879816765,1.0205138367741626,-0.0121847871690988
NIFTY,2026-08-02 21:51:49,24031.49,1.0,-33.41599125196117,24027.054609230006,TRENDING_BULL,-0.0099996365606784,0.25,-0.0028622808949982,0.2689531956631307,0.2692015286551507,-0.0028622808949982,0.1934643224214979,NEUTRAL,0.4618452756817186,,,0.0,0.0,0.0,0.0,0.0,100.0,1.0205138367741626,0.0,0.0,68.80193347910974,64.5658394438647,60.94071428571469,0.4446182879816765,1.0205138367741626,-0.0121847871690988
NIFTY,2026-08-02 21:51:47,24031.49,1.0,-33.41599125196117,24029.313569608035,TRENDING_BULL,-0.0099996365606784,0.25,-0.0035427608887525,0.268941519368983,0.3125876011769917,-0.0035427608887525,0.2455233000111262,NEUTRAL,0.4184708794540252,,,0.0,0.0,0.0,0.0,0.0,100.0,1.0205138367741626,0.0,0.0,68.80193347910974,64.5658394438647,60.94071428571469,0.4446182879816765,1.0205138367741626,-0.0121847871690988
NIFTY,2026-08-02 21:51:49,24031.49,1.0,-33.41599125196117,24027.253077927577,TRENDING_BULL,-0.0099996365606784,0.25,-0.0025586386929358,0.2689415364402412,0.2727834668729599,-0.0025586386929358,0.1817698918525876,NEUTRAL,0.4582749966867989,,,0.0,0.0,0.0,0.0,0.0,100.0,1.0205138367741626,0.0,0.0,68.80193347910974,64.5658394438647,60.94071428571469,0.4446182879816765,1.0205138367741626,-0.0121847871690988
NIFTY,2026-08-02 21:51:35,24031.49,1.0,-33.41599125196117,24029.28131706384,TRENDING_BULL,-0.0099996365606784,0.25,-0.0029095536476626,0.2689536996271087,0.2691942192416658,-0.0029095536476626,0.1847292859020709,NEUTRAL,0.4618520811312254,,,0.0,0.0,0.0,0.0,0.0,100.0,1.0205138367741626,0.0,0.0,68.80193347910974,64.5658394438647,60.94071428571469,0.4446182879816765,1.0205138367741626,-0.0121847871690988
NIFTY,2026-08-02T21:52:08,24031.49,1.0,-33.41599125196117,24027.5148944363,TRENDING_BULL,-0.0099996365606784,0.25,-0.0034937299719146,0.2689505398423367,0.2974484479039776,-0.0034937299719146,0.2297062094012692,NEUTRAL,0.4336010122536857,0.0014114968886897,True,0.0,0.0,0.0,0.0,0.0,100.0,1.0205138367741626,0.0,0.0,68.80193347910974,64.5658394438647,60.94071428571469,0.4446182879816765,1.0205138367741626,-0.0121847871690988
NIFTY,2026-08-02T21:51:47,24031.49,1.0,-33.41599125196117,24030.17274876186,TRENDING_BULL,-0.0099996365606784,0.25,-0.003888879149563,0.2689416021877908,0.3002000019444274,-0.003888879149563,0.2365131569838713,NEUTRAL,0.4308583958677817,,,0.0,0.0,0.0,0.0,0.0,100.0,1.0205138367741626,0.0,0.0,68.80193347910974,64.5658394438647,60.94071428571469,0.4446182879816765,1.0205138367741626,-0.0121847871690988
NIFTY,2026-08-02T21:51:34,24031.49,1.0,-33.41599125196117,24029.482263633352,TRENDING_BULL,-0.0099996365606784,0.25,-0.0038673320085465,0.2689426610133307,0.2932236288703325,-0.0038673320085465,0.2300858977866383,NEUTRAL,0.4378337101163367,,,0.0,0.0,0.0,0.0,0.0,100.0,1.0205138367741626,0.0,0.0,68.80193347910974,64.5658394438647,60.94071428571469,0.4446182879816765,1.0205138367741626,-0.0121847871690988
NIFTY,2026-08-02 21:51:35,24031.49,1.0,-33.41599125196117,24027.37442917065,TRENDING_BULL,-0.0099996365606784,0.25,-0.0035670416202642,0.2689419071894023,0.2838518272932958,-0.0035670416202642,0.2167341189907491,NEUTRAL,0.4472062655173018,,,0.0,0.0,0.0,0.0,0.0,100.0,1.0205138367741626,0.0,0.0,68.80193347910974,64.5658394438647,60.94071428571469,0.4446182879816765,1.0205138367741626,-0.0121847871690988
NIFTY,2026-08-02 21:51:49,24031.49,1.0,-33.41599125196117,24027.40139496167,TRENDING_BULL,-0.0099996365606784,0.25,-0.0048238310180264,0.2689458151721647,0.3212874019222428,-0.0048238310180264,0.25,NEUTRAL,0.4097667829055925,,,0.0,0.0,0.0,0.0,0.0,100.0,1.0205138367741626,0.0,0.0,68.80193347910974,64.5658394438647,60.94071428571469,0.4446182879816765,1.0205138367741626,-0.0121847871690988
NIFTY,2026-08-02 21:51:35,24031.49,1.0,-33.41599125196117,24030.13271856344,TRENDING_BULL,-0.0099996365606784,0.25,-0.0023249214333129,0.2689415504469035,0.2692981078269613,-0.0023249214333129,0.1693111786494704,NEUTRAL,0.4617603417261352,,,0.0,0.0,0.0,0.0,0.0,100.0,1.0205138367741626,0.0,0.0,68.80193347910974,64.5658394438647,60.94071428571469,0.4446182879816765,1.0205138367741626,-0.0121847871690988
NIFTY,2026-08-02T21:52:09,24031.49,1.0,-33.41599125196117,24030.512956968745,TRENDING_BULL,-0.0099996365606784,0.25,-0.0041591448812729,0.2689414718317715,0.3073937238566189,-0.0041591448812729,0.2475864243014103,NEUTRAL,0.4236648043116096,0.0014114968886897,True,0.0,0.0,0.0,0.0,0.0,100.0,1.0205138367741626,0.0,0.0,68.80193347910974,64.5658394438647,60.94071428571469,0.4446182879816765,1.0205138367741626,-0.0121847871690988
NIFTY,2026-08-02 21:51:35,24031.49,1.0,-33.41599125196117,24028.98319801753,TRENDING_BULL,-0.0099996365606784,0.25,-0.0040985119877471,0.2689438218833643,0.2932192491018218,-0.0040985119877471,0.2383417615696497,NEUTRAL,0.4378369290148138,,,0.0,0.0,0.0,0.0,0.0,100.0,1.0205138367741626,0.0,0.0,68.80193347910974,64.5658394438647,60.94071428571469,0.4446182879816765,1.0205138367741626,-0.0121847871690988
NIFTY,2026-08-02T21:52:16,24031.49,1.0,-33.41599125196117,24028.34571681248,TRENDING_BULL,-0.0099996365606784,0.25,-0.0038366125054351,0.2689417558236294,0.2941246255079763,-0.0038366125054351,0.233316438056048,NEUTRAL,0.4369336186683943,-0.0025704362637533,True,0.0,0.0,0.0,0.0,0.0,100.0,1.0205138367741626,0.0,0.0,68.80193347910974,64.5658394438647,60.94071428571469,0.4446182879816765,1.0205138367741626,-0.0121847871690988
NIFTY,2026-08-02 21:51:49,24031.49,1.0,-33.41599125196117,24029.68906369485,TRENDING_BULL,-0.0099996365606784,0.25,-0.0026334557075293,0.2689415507061064,0.2692492131112299,-0.0026334557075293,0.1802667989839378,NEUTRAL,0.4618092361826637,,,0.0,0.0,0.0,0.0,0.0,100.0,1.0205138367741626,0.0,0.0,68.80193347910974,64.5658394438647,60.94071428571469,0.4446182879816765,1.0205138367741626,-0.0121847871690988
NIFTY,2026-08-02 21:51:35,24031.49,1.0,-33.41599125196117,24031.921394803645,TRENDING_BULL,-0.0099996365606784,0.25,-0.0033484831513495,0.2689513778155765,0.2832955527502449,-0.0033484831513495,0.210599050898194,NEUTRAL,0.4477530694341785,,,0.0,0.0,0.0,0.0,0.0,100.0,1.0205138367741626,0.0,0.0,68.80193347910974,64.5658394438647,60.94071428571469,0.4446182879816765,1.0205138367741626,-0.0121847871690988
NIFTY,2026-08-02 21:53:22,24031.49,1.0,-33.41599125196117,24028.115057925592,TRENDING_BULL,-0.0099996365606784,0.25,-0.003121473652652,0.2689477190020204,0.2732794769251185,-0.003121473652652,0.1979947162963019,NEUTRAL,0.457772804072861,,,0.0,0.0,0.0,0.0,0.0,100.0,1.0205138367741626,0.0,0.0,68.80193347910974,64.5658394438647,60.94071428571469,0.4446182879816765,1.0205138367741626,-0.0121847871690988
NIFTY,2026-07-30 15:00:00,6595.45,1.5,1267.9303214435213,6207.1031430836,TRANSITION,-0.0095012234523892,0.2,-0.0060682028750952,0.28075997302683,0.3269981499588537,-0.0060682028750952,0.1661077791543932,NEUTRAL,0.3922418770143163,,,0.0,0.0,0.0,0.0,0.0,100.0,1.0,0.0,0.0,,,,,1.0,-0.0066613620147109
NIFTY,2026-08-02T21:53:19,24031.49,1.0,-33.41599125196117,24028.9579506852,TRENDING_BULL,-0.0099996365606784,0.25,-0.004024282683746,0.2689469718094535,0.3060505455134755,-0.004024282683746,0.2442842315878124,NEUTRAL,0.425002482677071,0.0061430908944895,False,0.0,0.0,0.0,0.0,0.0,100.0,1.0205138367741626,0.0,0.0,68.80193347910974,64.5658394438647,60.94071428571469,0.4446182879816765,1.0205138367741626,-0.0121847871690988
NIFTY,2026-08-02T21:51:35,24031.49,1.0,-33.41599125196117,24027.673203519364,TRENDING_BULL,-0.0099996365606784,0.25,-0.0029084396257392,0.2689415180434136,0.2692074010021368,-0.0029084396257392,0.1907022751460435,NEUTRAL,0.4618510809544495,,,0.0,0.0,0.0,0.0,0.0,100.0,1.0205138367741626,0.0,0.0,68.80193347910974,64.5658394438647,60.94071428571469,0.4446182879816765,1.0205138367741626,-0.0121847871690988
NIFTY,2026-07-30 15:00:00,6595.45,1.5,1267.9303214435213,6239.583862035293,TRANSITION,-0.0095012234523892,0.2,-0.0068844620329122,0.2819125219204031,0.3273574170576413,-0.0068844620329122,0.1714907730939738,NEUTRAL,0.3907300610219556,,,0.0,0.0,16.666666666666664,16.666666666666664,16.666666666666664,66.66666666666667,1.0,0.0,0.0,,,,,1.0,-0.007993634417653
NIFTY,2026-08-02T21:53:21,24031.49,1.0,-33.41599125196117,24031.55863166365,TRENDING_BULL,-0.0099996365606784,0.25,-0.004036751521289,0.2689491902938106,0.3037997829673128,-0.004036751521289,0.2422696891986989,NEUTRAL,0.4272510267388766,,,0.0,0.0,0.0,0.0,0.0,100.0,1.0205138367741626,0.0,0.0,68.80193347910974,64.5658394438647,60.94071428571469,0.4446182879816765,1.0205138367741626,-0.0121847871690988
NIFTY,2026-08-02T21:53:22,24031.49,1.0,-33.41599125196117,24029.27030617792,TRENDING_BULL,-0.0099996365606784,0.25,-0.0031252564285395,0.2689415576721272,0.2901641272204793,-0.0031252564285395,0.216722967656554,NEUTRAL,0.4408943151073934,0.0008410055730747,True,0.0,0.0,0.0,0.0,0.0,100.0,1.0205138367741626,0.0,0.0,68.80193347910974,64.5658394438647,60.94071428571469,0.4446182879816765,1.0205138367741626,-0.0121847871690988
NIFTY,2026-08-02 21:53:38,24031.49,1.0,-33.41599125196117,24030.28417909501,TRENDING_BULL,-0.0099996365606784,0.25,-0.0037108850395055,0.268944409433939,0.2977477019656441,-0.0037108850395055,0.2314217024827926,NEUTRAL,0.4333078886004168,,,0.0,0.0,0.0,0.0,0.0,100.0,1.0205138367741626,0.0,0.0,68.80193347910974,64.5658394438647,60.94071428571469,0.4446182879816765,1.0205138367741626,-0.0121847871690988
NIFTY,2026-08-02T21:53:35,24031.49,1.0,-33.41599125196117,24030.13136608297,TRENDING_BULL,-0.0099996365606784,0.25,-0.0028392922121018,0.2689540225223712,0.2692582050709386,-0.0028392922121018,0.1858766471649316,NEUTRAL,0.4617877724066901,0.0008410055730747,True,0.0,0.0,16.666666666666664,16.666666666666664,16.666666666666664,66.66666666666667,1.0205138367741626,0.0,0.0,68.80193347910974,64.5658394438647,60.94071428571469,0.4446182879816765,1.0205138367741626,-0.0121847871690988
NIFTY,2026-08-02 21:53:38,24031.49,1.0,-33.41599125196117,24027.2838986645,TRENDING_BULL,-0.0099996365606784,0.25,-0.0027243380439392,0.2689415277145889,0.2699955455315247,-0.0027243380439392,0.1852865966482225,NEUTRAL,0.4610629267538863,,,0.0,0.0,0.0,0.0,0.0,100.0,1.0205138367741626,0.0,0.0,68.80193347910974,64.5658394438647,60.94071428571469,0.4446182879816765,1.0205138367741626,-0.0121847871690988
NIFTY,2026-08-02T21:53:36,24031.49,1.0,-33.41599125196117,24029.854945545834,TRENDING_BULL,-0.0099996365606784,0.25,-0.0030094650897987,0.2689507427895733,0.2692234161927798,-0.0030094650897987,0.1886271738992495,NEUTRAL,0.4618258410176468,0.0008410055730747,True,0.0,0.0,0.0,0.0,0.0,100.0,1.0205138367741626,0.0,0.0,68.80193347910974,64.5658394438647,60.94071428571469,0.4446182879816765,1.0205138367741626,-0.0121847871690988
NIFTY,2026-08-02 21:54:14,24678.66,1.0,24.14144927789451,24658.521995542003,TRENDING_BULL,-0.0102180354297161,0.25,0.0009308302443547,0.2690121389625686,0.2690711425344467,0.0009308302443547,0.0,NEUTRAL,0.4619167185029846,,,0.0,0.0,0.0,0.0,0.0,100.0,1.0168035792870764,0.0,0.0,73.01359883438349,29.1311510803494,56.98928571428587,1.2482237099390932,1.0168035792870764,-0.011409692466259
NIFTY,2026-08-02T21:55:03,24031.49,1.0,-33.41599125196117,24029.36124698607,TRENDING_BULL,-0.0099996365606784,0.25,-0.0035682659827216,0.26894417100057,0.3030147702231296,-0.0035682659827216,0.2386312261469072,NEUTRAL,0.4280410587763004,0.0014114968886897,True,0.0,0.0,0.0,0.0,0.0,100.0,1.0205138367741626,0.0,0.0,68.80193347910974,64.5658394438647,60.94071428571469,0.4446182879816765,1.0205138367741626,-0.0121847871690988
NIFTY,2026-08-02 21:54:14,24678.66,1.0,24.14144927789451,24656.642713940048,TRENDING_BULL,-0.0102180354297161,0.25,0.0009066960318658,0.2690123467040149,0.2690401572220661,0.0009066960318658,0.0,NEUTRAL,0.461947496073919,,,0.0008333333333333,0.1666666666666666,16.666666666666664,16.666666666666664,0.0,83.33333333333334,1.0168035792870764,0.0,0.0,73.01359883438349,29.1311510803494,56.98928571428587,1.2482237099390932,1.0168035792870764,-0.011409692466259
NIFTY,2026-08-02 21:55:04,24031.49,1.0,-33.41599125196117,24029.709987601786,TRENDING_BULL,-0.0099996365606784,0.25,-0.0036681607507175,0.2689414893584439,0.2984290311292009,-0.0036681607507175,0.2323128640970959,NEUTRAL,0.4326294795123552,,,0.0,0.0,0.0,0.0,0.0,100.0,1.0205138367741626,0.0,0.0,68.80193347910974,64.5658394438647,60.94071428571469,0.4446182879816765,1.0205138367741626,-0.0121847871690988
NIFTY,2026-08-02 21:53:38,24031.49,1.0,-33.41599125196117,24029.858631729265,TRENDING_BULL,-0.0099996365606784,0.25,-0.0042064264860236,0.2689416611567289,0.3005507158663335,-0.0042064264860236,0.2425362262002004,NEUTRAL,0.4305076229769375,,,0.0,0.0,0.0,0.0,0.0,100.0,1.0205138367741626,0.0,0.0,68.80193347910974,64.5658394438647,60.94071428571469,0.4446182879816765,1.0205138367741626,-0.0121847871690988
NIFTY,2026-08-02T21:55:04,24031.49,1.0,-33.41599125196117,24029.338685686715,TRENDING_BULL,-0.0099996365606784,0.25,-0.0027335683456862,0.268952658287402,0.2696365747959303,-0.0027335683456862,0.1847031503784309,NEUTRAL,0.4614107669166676,0.001737522022422,True,0.0,0.0,0.0,0.0,0.0,100.0,1.0205138367741626,0.0,0.0,68.80193347910974,64.5658394438647,60.94071428571469,0.4446182879816765,1.0205138367741626,-0.0121847871690988
NIFTY,2026-08-02T21:56:00,24031.49,1.0,-33.41599125196117,24029.433872802227,TRENDING_BULL,-0.0099996365606784,0.25,-0.0037529732211339,0.2689414859351453,0.3002624484411809,-0.0037529732211339,0.2388635443623357,NEUTRAL,0.4307960656236737,,,-0.0008333333333333,0.1666666666666666,16.666666666666664,0.0,16.666666666666664,83.33333333333334,1.0205138367741626,0.0,0.0,68.80193347910974,64.5658394438647,60.94071428571469,0.4446182879816765,1.0205138367741626,-0.0121847871690988
NIFTY,2026-08-02 21:56:01,24031.49,1.0,-33.41599125196117,24030.480617107503,TRENDING_BULL,-0.0099996365606784,0.25,-0.0028239384828588,0.2689505363008813,0.2715041244272673,-0.0028239384828588,0.1851338923037824,NEUTRAL,0.4595453392718514,,,0.0,0.0,0.0,0.0,0.0,100.0,1.0205138367741626,0.0,0.0,68.80193347910974,64.5658394438647,60.94071428571469,0.4446182879816765,1.0205138367741626,-0.0121847871690988
NIFTY,2026-08-02T21:56:01,24031.49,1.0,-33.41599125196117,24027.96084876,TRENDING_BULL,-0.0099996365606784,0.25,-0.0033897851033354,0.2689415372422962,0.2944006716444902,-0.0033897851033354,0.2254467950251918,NEUTRAL,0.4366577911132135,,,0.0,0.0,0.0,0.0,0.0,100.0,1.0205138367741626,0.0,0.0,68.80193347910974,64.5658394438647,60.94071428571469,0.4446182879816765,1.0205138367741626,-0.0121847871690988
NIFTY,2026-08-02T21:57:01,24031.49,1.0,-33.41599125196117,24029.06641532824,TRENDING_BULL,-0.0099996365606784,0.25,-0.0042549888548698,0.2689415474027438,0.3065069177194706,-0.0042549888548698,0.2491071060023691,NEUTRAL,0.4245515348777854,0.0006442623696913,True,0.0,0.0,0.0,0.0,0.0,100.0,1.0205138367741626,0.0,0.0,68.80193347910974,64.5658394438647,60.94071428571469,0.4446182879816765,1.0205138367741626,-0.0121847871690988
NIFTY,2026-07-30 22:00:00,25629.24,1.5,29.92311499378519,25592.434901486544,TRANSITION,-0.0103983441367745,0.2,0.0028601745068,0.2689497346724397,0.2689472591700865,0.0028601745068,0.187874961300458,NEUTRAL,0.4621030061574738,,,0.0016666666666666,0.3333333333333333,33.33333333333333,33.33333333333333,0.0,66.66666666666667,1.0,0.0,0.0,,,,,1.0,-0.0123101770877838
NIFTY,2026-08-02T22:01:00,24031.49,1.0,-33.41599125196117,24029.36690104653,TRENDING_BULL,-0.0099996365606784,0.25,-0.0035995260180055,0.2689414880563526,0.2913821865223169,-0.0035995260180055,0.2237354654889789,NEUTRAL,0.4396763254213305,,,-0.0016666666666666,0.3333333333333333,33.33333333333333,0.0,33.33333333333333,66.66666666666667,1.0205138367741626,0.0,0.0,68.80193347910974,64.5658394438647,60.94071428571469,0.4446182879816765,1.0205138367741626,-0.0121847871690988
NIFTY,2026-08-02 21:59:02,24031.49,1.0,-33.41599125196117,24028.72980652892,TRENDING_BULL,-0.0099996365606784,0.25,-0.0029214971580639,0.268952929727431,0.269230491845489,-0.0029214971580639,0.1867243228439774,NEUTRAL,0.4618165784270798,,,0.0,0.0,0.0,0.0,0.0,100.0,1.0205138367741626,0.0,0.0,68.80193347910974,64.5658394438647,60.94071428571469,0.4446182879816765,1.0205138367741626,-0.0121847871690988
NIFTY,2026-08-02 21:58:06,24031.49,1.0,-33.41599125196117,24029.18255931829,TRENDING_BULL,-0.0099996365606784,0.25,-0.0033383532855225,0.2689480688517651,0.2954126693006508,-0.0033383532855225,0.2264663410070011,NEUTRAL,0.435639261847584,,,0.0,0.0,0.0,0.0,0.0,100.0,1.0205138367741626,0.0,0.0,68.80193347910974,64.5658394438647,60.94071428571469,0.4446182879816765,1.0205138367741626,-0.0121847871690988
NIFTY,2026-08-02 21:59:02,24031.49,1.0,-33.41599125196117,24030.767336959703,TRENDING_BULL,-0.0099996365606784,0.25,-0.0036006584955809,0.2689414892832622,0.2931538269439968,-0.0036006584955809,0.2261146841811431,NEUTRAL,0.4379046837727409,,,0.0,0.0,0.0,0.0,0.0,100.0,1.0205138367741626,0.0,0.0,68.80193347910974,64.5658394438647,60.94071428571469,0.4446182879816765,1.0205138367741626,-0.0121847871690988
NIFTY,2026-08-02T21:58:06,24031.49,1.0,-33.41599125196117,24028.766141289507,TRENDING_BULL,-0.0099996365606784,0.25,-0.0025715328665165,0.2689422020738128,0.2693080608272726,-0.0025715328665165,0.1787310366501821,NEUTRAL,0.4617497370989146,0.0068379455913875,False,0.0,0.0,0.0,0.0,0.0,100.0,1.0205138367741626,0.0,0.0,68.80193347910974,64.5658394438647,60.94071428571469,0.4446182879816765,1.0205138367741626,-0.0121847871690988
NIFTY,2026-08-02T22:00:00,24031.49,1.0,-33.41599125196117,24029.18847247131,TRENDING_BULL,-0.0099996365606784,0.25,-0.0036672102626828,0.2689440432367687,0.2929788180616,-0.0036672102626828,0.2262727047025843,NEUTRAL,0.4380771387016313,0.0014114968886897,True,-0.0016666666666666,0.3333333333333333,33.33333333333333,0.0,33.33333333333333,66.66666666666667,1.0205138367741626,0.0,0.0,68.80193347910974,64.5658394438647,60.94071428571469,0.4446182879816765,1.0205138367741626,-0.0121847871690988
NIFTY,2026-08-02T21:53:38,24031.49,1.0,-33.41599125196117,24029.97360976043,TRENDING_BULL,-0.0099996365606784,0.25,-0.0041846490467456,0.2689414782921372,0.3063005716162909,-0.0041846490467456,0.2485104327857199,NEUTRAL,0.4247579500915718,0.0008410055730747,True,0.0,0.0,0.0,0.0,0.0,100.0,1.0205138367741626,0.0,0.0,68.80193347910974,64.5658394438647,60.94071428571469,0.4446182879816765,1.0205138367741626,-0.0121847871690988
NIFTY,2026-08-02 22:02:09,24031.49,1.0,-33.41599125196117,24031.6588131152,TRENDING_BULL,-0.0099996365606784,0.25,-0.0032708451654108,0.2689497810158652,0.2788117870224543,-0.0032708451654108,0.2048406298057606,NEUTRAL,0.4522384319616805,,,0.0,0.0,0.0,0.0,0.0,100.0,1.0205138367741626,0.0,0.0,68.80193347910974,64.5658394438647,60.94071428571469,0.4446182879816765,1.0205138367741626,-0.0121847871690988
NIFTY,2026-08-02T22:02:03,24031.49,1.0,-33.41599125196117,24028.411335974102,TRENDING_BULL,-0.0099996365606784,0.25,-0.0028478163731527,0.2689513270247366,0.283286205629054,-0.0028478163731527,0.1976527803614756,NEUTRAL,0.4477624673462094,0.003427659057166,True,0.0,0.0,0.0,0.0,0.0,100.0,1.0205138367741626,0.0,0.0,68.80193347910974,64.5658394438647,60.94071428571469,0.4446182879816765,1.0205138367741626,-0.0121847871690988
NIFTY,2026-08-02T22:02:05,24031.49,1.0,-33.41599125196117,24028.64900437753,TRENDING_BULL,-0.0099996365606784,0.25,-0.0036157959216677,0.2689414879536309,0.2922395654733971,-0.0036157959216677,0.2233078346655233,NEUTRAL,0.438818946572972,0.003427659057166,True,0.0,0.0,0.0,0.0,0.0,100.0,1.0205138367741626,0.0,0.0,68.80193347910974,64.5658394438647,60.94071428571469,0.4446182879816765,1.0205138367741626,-0.0121847871690988
NIFTY,2026-08-02 22:02:09,24031.49,1.0,-33.41599125196117,24027.96084876,TRENDING_BULL,-0.0099996365606784,0.25,-0.0033897851033354,0.2689415372422962,0.2944006716444902,-0.0033897851033354,0.2254467950251918,NEUTRAL,0.4366577911132135,,,0.0,0.0,0.0,0.0,0.0,100.0,1.0205138367741626,0.0,0.0,68.80193347910974,64.5658394438647,60.94071428571469,0.4446182879816765,1.0205138367741626,-0.0121847871690988
NIFTY,2026-08-02 22:03:04,24031.49,1.0,-33.41599125196117,24029.712617642323,TRENDING_BULL,-0.0099996365606784,0.25,-0.0040494957309078,0.2689439255553444,0.3093823696569661,-0.0040494957309078,0.25,NEUTRAL,0.4216737047876895,,,0.0,0.0,0.0,0.0,0.0,100.0,1.0205138367741626,0.0,0.0,68.80193347910974,64.5658394438647,60.94071428571469,0.4446182879816765,1.0205138367741626,-0.0121847871690988
NIFTY,2026-08-02 22:04:00,24031.49,1.0,-33.41599125196117,24029.267556962543,TRENDING_BULL,-0.0099996365606784,0.25,-0.0040189840048753,0.2689446179893583,0.2998861973521712,-0.0040189840048753,0.2405825389520562,NEUTRAL,0.4311691846584705,,,-0.0016666666666666,0.3333333333333333,33.33333333333333,0.0,33.33333333333333,66.66666666666667,1.0205138367741626,0.0,0.0,68.80193347910974,64.5658394438647,60.94071428571469,0.4446182879816765,1.0205138367741626,-0.0121847871690988
NIFTY,2026-08-02T22:03:03,24031.49,1.0,-33.41599125196117,24029.632188488315,TRENDING_BULL,-0.0099996365606784,0.25,-0.0043096084611686,0.2689448508516475,0.311750430006832,-0.0043096084611686,0.25,NEUTRAL,0.4193047191415204,,,0.0,0.0,0.0,0.0,0.0,100.0,1.0205138367741626,0.0,0.0,68.80193347910974,64.5658394438647,60.94071428571469,0.4446182879816765,1.0205138367741626,-0.0121847871690988
NIFTY,2026-08-02T22:03:04,24031.49,1.0,-33.41599125196117,24030.85714731928,TRENDING_BULL,-0.0099996365606784,0.25,-0.0044169427128555,0.2689430431695879,0.3097459707234497,-0.0044169427128555,0.25,NEUTRAL,0.4213109861069624,,,0.0,0.0,0.0,0.0,0.0,100.0,1.0205138367741626,0.0,0.0,68.80193347910974,64.5658394438647,60.94071428571469,0.4446182879816765,1.0205138367741626,-0.0121847871690988
NIFTY,2026-07-30 22:00:00,25629.24,1.5,29.92311499378519,25590.905822122302,TRANSITION,-0.0103983441367745,0.2,0.0035882840827421,0.2949518969752964,0.2689481607679936,0.0035882840827421,0.2262671597136293,NEUTRAL,0.4360999422567099,,,0.0016666666666666,0.3333333333333333,33.33333333333333,33.33333333333333,0.0,66.66666666666667,1.0,0.0,0.0,,,,,1.0,-0.0123101770877838
NIFTY,2026-08-02T22:04:00,24031.49,1.0,-33.41599125196117,24028.143714204576,TRENDING_BULL,-0.0099996365606784,0.25,-0.0040461885226987,0.268941482437082,0.2975602137550064,-0.0040461885226987,0.238806017148794,NEUTRAL,0.4334983038079116,0.0006442623696913,True,0.0,0.0,0.0,0.0,0.0,100.0,1.0205138367741626,0.0,0.0,68.80193347910974,64.5658394438647,60.94071428571469,0.4446182879816765,1.0205138367741626,-0.0121847871690988
NIFTY,2026-08-01 23:00:00,95.39,1.0,-8447.972473528045,7440.168271582711,TRANSITION,-0.0117459995672106,0.2,-0.0006847215425533,0.3049912658071238,0.3086290730638555,-0.0006847215425533,0.0159612910146893,NEUTRAL,0.3863796611290206,,,-0.0008333333333333,0.1666666666666666,16.666666666666664,0.0,16.666666666666664,83.33333333333334,1.0,0.0,0.0,,,,,1.0,-0.0012044051662087
NIFTY,2026-08-02 22:05:16,24031.49,1.0,-33.41599125196117,24030.08648817831,TRENDING_BULL,-0.0099996365606784,0.25,-0.0027415899770923,0.2689526458004933,0.2801320965828547,-0.0027415899770923,0.1953389864925406,NEUTRAL,0.4509152576166518,,,0.0,0.0,0.0,0.0,0.0,100.0,1.0205138367741626,0.0,0.0,68.80193347910974,64.5658394438647,60.94071428571469,0.4446182879816765,1.0205138367741626,-0.0121847871690988
NIFTY,2026-08-02T22:05:16,24031.49,1.0,-33.41599125196117,24029.73919034799,TRENDING_BULL,-0.0099996365606784,0.25,-0.0031978548466598,0.2689457191273512,0.2803693482762811,-0.0031978548466598,0.2072653529300548,NEUTRAL,0.4506849325963676,0.003427659057166,True,0.0,0.0,0.0,0.0,0.0,100.0,1.0205138367741626,0.0,0.0,68.80193347910974,64.5658394438647,60.94071428571469,0.4446182879816765,1.0205138367741626,-0.0121847871690988
NIFTY,2026-07-31 04:00:00,25373.85,1.5,456.04825601845926,25142.547136185767,TRANSITION,-0.0077181323431432,0.2,-0.0086367363614659,0.2767929674071243,0.336119869108507,-0.0086367363614659,0.2069449574787726,NEUTRAL,0.3870871634843686,,,0.0016666666666666,0.3333333333333333,33.33333333333333,33.33333333333333,0.0,66.66666666666667,1.0,0.0,0.0,,,,,1.0,-0.0127687465399503
NIFTY,2026-07-30 15:00:00,6595.45,1.5,1267.9303214435213,6217.578542522652,TRANSITION,-0.0095012234523892,0.2,-0.0068478266721858,0.2816464197556083,0.3280289022654803,-0.0068478266721858,0.1698578500258396,NEUTRAL,0.3903246779789113,,,0.0,0.0,16.666666666666664,16.666666666666664,16.666666666666664,66.66666666666667,1.0,0.0,0.0,,,,,1.0,-0.007993634417653
NIFTY,2026-08-02 22:07:01,24031.49,1.0,-33.41599125196117,24030.31969957556,TRENDING_BULL,-0.0099996365606784,0.25,-0.0035601229562008,0.2689430275175447,0.28431430835448,-0.0035601229562008,0.217586256017334,NEUTRAL,0.4467426641279752,,,0.0,0.0,0.0,0.0,0.0,100.0,1.0205138367741626,0.0,0.0,68.80193347910974,64.5658394438647,60.94071428571469,0.4446182879816765,1.0205138367741626,-0.0121847871690988
NIFTY,2026-08-02T22:07:01,24031.49,1.0,-33.41599125196117,24028.8741996046,TRENDING_BULL,-0.0099996365606784,0.25,-0.003096329219966,0.2689481070581827,0.2900837354542958,-0.003096329219966,0.2129684779375629,NEUTRAL,0.4409681574875214,0.0061430908944895,False,0.0,0.0,0.0,0.0,0.0,100.0,1.0205138367741626,0.0,0.0,68.80193347910974,64.5658394438647,60.94071428571469,0.4446182879816765,1.0205138367741626,-0.0121847871690988
NIFTY,2026-08-02 22:10:01,24031.49,1.0,-33.41599125196117,24029.48149525373,TRENDING_BULL,-0.0099996365606784,0.25,-0.0036808199873911,0.268943184522428,0.2963548838251723,-0.0036808199873911,0.230673809531189,NEUTRAL,0.4347019316523998,,,0.0,0.0,0.0,0.0,0.0,100.0,1.0205138367741626,0.0,0.0,68.80193347910974,64.5658394438647,60.94071428571469,0.4446182879816765,1.0205138367741626,-0.0121847871690988
NIFTY,2026-08-02T22:10:00,24031.49,1.0,-33.41599125196117,24029.06641532824,TRENDING_BULL,-0.0099996365606784,0.25,-0.0042549888548698,0.2689415474027438,0.3065069177194706,-0.0042549888548698,0.2491071060023691,NEUTRAL,0.4245515348777854,0.003427659057166,True,0.0,0.0,0.0,0.0,0.0,100.0,1.0205138367741626,0.0,0.0,68.80193347910974,64.5658394438647,60.94071428571469,0.4446182879816765,1.0205138367741626,-0.0121847871690988
NIFTY,2026-08-02T22:10:01,24031.49,1.0,-33.41599125196117,24028.264669530887,TRENDING_BULL,-0.0099996365606784,0.25,-0.0042038226145139,0.2689487646071336,0.3130393665393218,-0.0042038226145139,0.25,NEUTRAL,0.4180118688535446,0.0014114968886897,True,0.0,0.0,0.0,0.0,0.0,100.0,1.0205138367741626,0.0,0.0,68.80193347910974,64.5658394438647,60.94071428571469,0.4446182879816765,1.0205138367741626,-0.0121847871690988
NIFTY,2026-07-31 04:00:00,25373.85,1.5,456.04825601845926,25168.77781598297,TRANSITION,-0.0077181323431432,0.2,-0.0097754487741867,0.2750271105827155,0.3388603761764456,-0.0097754487741867,0.2177482669488294,NEUTRAL,0.3861125132408388,0.0018632582340178,True,0.0008333333333333,0.1666666666666666,16.666666666666664,16.666666666666664,0.0,83.33333333333334,1.0,0.0,0.0,,,,,1.0,-0.0127687465399503
NIFTY,2026-07-31 09:55:00,24366.7,1.0000000000000469,-11.930899050687344,24372.621070312507,TRENDING_BEAR,-0.0091673424467444,0.2,-8.457507027565843e-05,0.268941457939871,0.2689434944536601,-8.457507027565843e-05,0.0056147253821492,NEUTRAL,0.4621150476064689,,,0.0,0.0,0.0,0.0,0.0,100.0,0.9978469664782932,0.0,0.0,39.11397198030598,27.2864431847,15.85357142857174,0.0,0.9978469664782932,-0.0142802618443965
NIFTY,2026-08-01 23:00:00,95.39,1.0,-0.3408082751159828,95.54080566140728,TRANSITION,-0.0103393821045756,0.2,-0.0052482612034274,0.2691003443432186,0.320908132859877,-0.0052482612034274,0.2433172144974495,NEUTRAL,0.4099915227969044,,,0.0,0.0,0.0,0.0,0.0,100.0,1.0,0.0,0.0,,,,,1.0,-0.0043495863676071
NIFTY,2026-08-01 23:00:00,95.39,1.0,-29182.03525909396,25582.915590528766,TRANSITION,-0.0117459995672106,0.2,-0.0006847215425533,0.3049912658071238,0.3086290730638555,-0.0006847215425533,0.0159612910146893,NEUTRAL,0.3863796611290206,,,-0.0008333333333333,0.1666666666666666,16.666666666666664,0.0,16.666666666666664,83.33333333333334,1.0,0.0,0.0,,,,,1.0,-0.0012044051662087
NIFTY,2026-08-02T22:15:12,24031.49,1.0,-33.41599125196117,24031.00026872361,TRENDING_BULL,-0.0099996365606784,0.25,-0.0034524296762347,0.2689414979751445,0.2869893097986671,-0.0034524296762347,0.215876263674113,NEUTRAL,0.4440691922261883,0.0068379455913875,False,0.0,0.0,16.666666666666664,16.666666666666664,16.666666666666664,66.66666666666667,1.0205138367741626,0.0,0.0,68.80193347910974,64.5658394438647,60.94071428571469,0.4446182879816765,1.0205138367741626,-0.0121847871690988
NIFTY,2026-07-31 09:55:00,24366.7,1.0000000000000469,-11.930899050687344,24372.35269086594,TRENDING_BEAR,-0.0091673424467444,0.2,-0.000114814040296,0.2689414591751488,0.2689434874171283,-0.000114814040296,0.0469362350850797,NEUTRAL,0.4621150534077228,,,0.0016666666666666,0.3333333333333333,33.33333333333333,33.33333333333333,0.0,66.66666666666667,0.9978469664782932,0.0,0.0,39.11397198030598,27.2864431847,15.85357142857174,0.0,0.9978469664782932,-0.0142802618443965
NIFTY,2026-07-31 09:55:00,24366.7,1.0000000000000469,-11.930899050687344,24372.20042801925,TRENDING_BEAR,-0.0091673424467444,0.2,-2.731627694355388e-05,0.2689414737451989,0.2689443556229348,-2.731627694355388e-05,0.0002757429446149,NEUTRAL,0.4621141706318663,,,0.0008333333333333,0.1666666666666666,16.666666666666664,16.666666666666664,0.0,83.33333333333334,0.9978469664782932,0.0,0.0,39.11397198030598,27.2864431847,15.85357142857174,0.0,0.9978469664782932,-0.0142802618443965
NIFTY,2026-07-30 22:00:00,25629.24,1.5,29.92311499378519,25589.50401542629,TRANSITION,-0.0103983441367745,0.2,0.0029665062719683,0.289189770595416,0.2689484699631791,0.0029665062719683,0.213626383982527,NEUTRAL,0.4418617594414047,,,0.0008333333333333,0.1666666666666666,16.666666666666664,16.666666666666664,0.0,83.33333333333334,1.0,0.0,0.0,,,,,1.0,-0.0123101770877838
NIFTY,2026-07-31 09:55:00,24366.7,1.0000000000000469,-11.930899050687344,24371.83723378808,TRENDING_BEAR,-0.0091673424467444,0.2,0.000285998622852,0.2689414645170623,0.2689438673044327,0.000285998622852,0.0,NEUTRAL,0.4621146681785049,,,0.0,0.0,0.0,0.0,0.0,100.0,0.9978469664782932,0.0,0.0,39.11397198030598,27.2864431847,15.85357142857174,0.0,0.9978469664782932,-0.0142802618443965
NIFTY,2026-07-30T15:00:00,64362.02,1.5,3310.1897054763394,63351.13874392272,TRANSITION,-0.0095012234523892,0.2,-0.0079431835923219,0.2777191455125,0.3328743597273811,-0.0079431835923219,0.2004288251324449,NEUTRAL,0.3894064947601187,-0.0001337456815577,True,0.0008333333333333,0.1666666666666666,16.666666666666664,16.666666666666664,0.0,83.33333333333334,1.0,0.0,0.0,,,,,1.0,-0.0094869073480367
NIFTY,2026-07-31 09:55:00,24366.7,1.0000000000000469,-11.930899050687344,24372.44277330253,TRENDING_BEAR,-0.0091673424467444,0.2,-3.0665701418278364e-05,0.2689414617214659,0.2689437088263681,-3.0665701418278364e-05,0.0,NEUTRAL,0.4621148294521659,,,0.0,0.0,0.0,0.0,0.0,100.0,0.9978469664782932,0.0,0.0,39.11397198030598,27.2864431847,15.85357142857174,0.0,0.9978469664782932,-0.0142802618443965
NIFTY,2026-07-31 09:55:00,24366.7,1.0000000000000469,-11.930899050687344,24371.74871979693,TRENDING_BEAR,-0.0091673424467444,0.2,0.0001691588275467,0.268941467182399,0.2689440183983233,0.0001691588275467,0.0,NEUTRAL,0.4621145144192776,,,0.0,0.0,0.0,0.0,0.0,100.0,0.9978469664782932,0.0,0.0,39.11397198030598,27.2864431847,15.85357142857174,0.0,0.9978469664782932,-0.0142802618443965
NIFTY,2026-07-31 09:55:00,24366.7,1.0000000000000469,-11.930899050687344,24372.2278041471,TRENDING_BEAR,-0.0091673424467444,0.2,-4.998975030350278e-05,0.2689414599124346,0.2689436062751976,-4.998975030350278e-05,0.0,NEUTRAL,0.4621149338123677,,,0.0,0.0,0.0,0.0,0.0,100.0,0.9978469664782932,0.0,0.0,39.11397198030598,27.2864431847,15.85357142857174,0.0,0.9978469664782932,-0.0142802618443965
NIFTY,2026-07-31 09:55:00,24366.7,1.0000000000000469,-11.930899050687344,24372.25469659176,TRENDING_BEAR,-0.0091673424467444,0.2,0.0002362714160419,0.2689414650914455,0.268943899865338,0.0002362714160419,0.0,NEUTRAL,0.4621146350432165,,,0.0,0.0,0.0,0.0,0.0,100.0,0.9978469664782932,0.0,0.0,39.11397198030598,27.2864431847,15.85357142857174,0.0,0.9978469664782932,-0.0142802618443965
NIFTY,2026-07-31 09:55:00,24366.7,1.0000000000000469,-11.930899050687344,24371.56200038913,TRENDING_BEAR,-0.0091673424467444,0.2,0.0001642311852146,0.2689414651422122,0.2689438135173321,0.0001642311852146,0.0,NEUTRAL,0.4621147213404557,,,0.0016666666666666,0.3333333333333333,33.33333333333333,33.33333333333333,0.0,66.66666666666667,0.9978469664782932,0.0,0.0,39.11397198030598,27.2864431847,15.85357142857174,0.0,0.9978469664782932,-0.0142802618443965
NIFTY,2026-07-30 23:00:00,10868.1,1.5,-49.77106634247757,10876.402921718,TRANSITION,-0.0101755680516362,0.2,-0.0158155620525065,0.2697086368046253,0.3732276333733912,-0.0158155620525065,0.25,NEUTRAL,0.3570637298219835,,,0.0,0.0,0.0,0.0,0.0,100.0,1.0,0.0,0.0,,,,,1.0,-0.0118483565747737
NIFTY,2026-08-02T22:23:11,24031.49,1.0,-33.41599125196117,24029.54304080985,TRENDING_BULL,-0.0099996365606784,0.25,-0.0027061586345226,0.2689463929654231,0.2706043518012655,-0.0027061586345226,0.1816462887863079,NEUTRAL,0.4604492552333112,,,0.0,0.0,16.666666666666664,16.666666666666664,16.666666666666664,66.66666666666667,1.0205138367741626,0.0,0.0,68.80193347910974,64.5658394438647,60.94071428571469,0.4446182879816765,1.0205138367741626,-0.0121847871690988
NIFTY,2026-07-31 09:55:00,24366.7,1.0000000000000469,-11.930899050687344,24372.419070937405,TRENDING_BEAR,-0.0091673424467444,0.2,-0.0001872920838092,0.2689414566218888,0.268943419739332,-0.0001872920838092,0.0427101504439035,NEUTRAL,0.4621151236387791,,,0.0,0.0,0.0,0.0,0.0,100.0,0.9978469664782932,0.0,0.0,39.11397198030598,27.2864431847,15.85357142857174,0.0,0.9978469664782932,-0.0142802618443965
NIFTY,2026-07-31 09:55:00,24366.7,1.0000000000000469,-11.930899050687344,24371.97814563865,TRENDING_BEAR,-0.0091673424467444,0.2,-0.0001005261169057,0.2689414552171945,0.268943340109446,-0.0001005261169057,0.0,NEUTRAL,0.4621152046733595,,,0.0,0.0,0.0,0.0,0.0,100.0,0.9978469664782932,0.0,0.0,39.11397198030598,27.2864431847,15.85357142857174,0.0,0.9978469664782932,-0.0142802618443965
NIFTY,2026-08-02T22:26:11,24031.49,1.0,-33.41599125196117,24027.96084876,TRENDING_BULL,-0.0099996365606784,0.25,-0.0033875798107851,0.2689415272916131,0.294308621514412,-0.0033875798107851,0.2254521440299834,NEUTRAL,0.4367498511939748,,,-0.0016666666666666,0.3333333333333333,33.33333333333333,0.0,33.33333333333333,66.66666666666667,1.0205138367741626,0.0,0.0,68.80193347910974,64.5658394438647,60.94071428571469,0.4446182879816765,1.0205138367741626,-0.0121847871690988
NIFTY,2026-07-31 09:55:00,24366.7,1.0000000000000469,-11.930899050687344,24372.027528422044,TRENDING_BEAR,-0.0091673424467444,0.2,-0.0001418741791063,0.2689414575011032,0.2689434695806098,-0.0001418741791063,0.0259786280727809,NEUTRAL,0.4621150729182869,,,0.0,0.0,0.0,0.0,0.0,100.0,0.9978469664782932,0.0,0.0,39.11397198030598,27.2864431847,15.85357142857174,0.0,0.9978469664782932,-0.0142802618443965
NIFTY,2026-07-31 09:55:00,24366.7,1.0000000000000469,-11.930899050687344,24372.88683943633,TRENDING_BEAR,-0.0091673424467444,0.2,-0.000108773440534,0.2689414559670469,0.26894338261739,-0.000108773440534,0.0130615496149824,NEUTRAL,0.4621151614155631,,,0.0,0.0,0.0,0.0,0.0,100.0,0.9978469664782932,0.0,0.0,39.11397198030598,27.2864431847,15.85357142857174,0.0,0.9978469664782932,-0.0142802618443965
NIFTY,2026-07-31 09:55:00,24366.7,1.0000000000000469,-11.930899050687344,24372.65487846317,TRENDING_BEAR,-0.0091673424467444,0.2,-0.0001489240489707,0.2689414582949453,0.2689434900404313,-0.0001489240489707,0.03477820598428,NEUTRAL,0.4621150516646233,,,0.0008333333333333,0.1666666666666666,16.666666666666664,16.666666666666664,0.0,83.33333333333334,0.9978469664782932,0.0,0.0,39.11397198030598,27.2864431847,15.85357142857174,0.0,0.9978469664782932,-0.0142802618443965
NIFTY,2026-07-31 04:00:00,7489.72,1.5,93.45164651057593,7451.133210672525,TRANSITION,-0.0056268046610057,0.2,-0.006216867696279,0.2818417161952121,0.3254712665741903,-0.006216867696279,0.1669967757220916,NEUTRAL,0.3926870172305977,,,0.0,0.0,0.0,0.0,0.0,100.0,1.0,0.0,0.0,,,,,1.0,-0.0123278517276048
NIFTY,2026-07-31 09:55:00,24366.7,1.0000000000000469,-11.930899050687344,24372.368052149475,TRENDING_BEAR,-0.0091673424467444,0.2,-9.966640524202886e-05,0.2689414590165846,0.2689435785123866,-9.966640524202886e-05,0.0173924995573233,NEUTRAL,0.4621149624710287,,,-0.0008333333333333,0.1666666666666666,16.666666666666664,0.0,16.666666666666664,83.33333333333334,0.9978469664782932,0.0,0.0,39.11397198030598,27.2864431847,15.85357142857174,0.0,0.9978469664782932,-0.0142802618443965
NIFTY,2026-07-31 04:00:00,52485.03,1.5,548.2202428985888,52318.47040258505,TRANSITION,-0.0076015945523977,0.2,-0.0077918718719993,0.2806539623492167,0.3298694114087055,-0.0077918718719993,0.1979094542456038,NEUTRAL,0.3894766262420777,0.0018632582340178,True,0.0008333333333333,0.1666666666666666,16.666666666666664,16.666666666666664,0.0,83.33333333333334,1.0,0.0,0.0,,,,,1.0,-0.0129538491368293
NIFTY,2026-07-31 09:55:00,24366.7,1.0000000000000469,-11.930899050687344,24372.37446332677,TRENDING_BEAR,-0.0091673424467444,0.2,0.0001212018022496,0.2689414621654734,0.2689437589435949,0.0001212018022496,0.0,NEUTRAL,0.4621147788909316,,,-0.0008333333333333,0.1666666666666666,16.666666666666664,0.0,16.666666666666664,83.33333333333334,0.9978469664782932,0.0,0.0,39.11397198030598,27.2864431847,15.85357142857174,0.0,0.9978469664782932,-0.0142802618443965
NIFTY,2026-07-31 09:55:00,24366.7,1.0000000000000469,-11.930899050687344,24372.28549711172,TRENDING_BEAR,-0.0091673424467444,0.2,0.0002185220708782,0.2689414653516465,0.2689439146157341,0.0002185220708782,0.0,NEUTRAL,0.4621146200326195,,,0.0,0.0,0.0,0.0,0.0,100.0,0.9978469664782932,0.0,0.0,39.11397198030598,27.2864431847,15.85357142857174,0.0,0.9978469664782932,-0.0142802618443965
NIFTY,2026-07-31 09:55:00,24366.7,1.0000000000000469,-11.930899050687344,24372.298855963767,TRENDING_BEAR,-0.0091673424467444,0.2,-0.0001347994995282,0.2689414545286493,0.2689433213539829,-0.0001347994995282,0.0069397111442202,NEUTRAL,0.4621152241173678,,,-0.0008333333333333,0.1666666666666666,16.666666666666664,0.0,16.666666666666664,83.33333333333334,0.9978469664782932,0.0,0.0,39.11397198030598,27.2864431847,15.85357142857174,0.0,0.9978469664782932,-0.0142802618443965
NIFTY,2026-07-31 04:00:00,52485.03,1.5,548.2202428985888,52332.27631923244,TRANSITION,-0.0076015945523977,0.2,-0.0090467834701262,0.2779962660202924,0.3366888305482479,-0.0090467834701262,0.2083842485759316,NEUTRAL,0.3853149034314597,,,0.0,0.0,0.0,0.0,0.0,100.0,1.0,0.0,0.0,,,,,1.0,-0.0129538491368293
NIFTY,2026-07-31 04:00:00,25373.85,1.5,456.04825601845926,25148.392888194445,TRANSITION,-0.0077181323431432,0.2,-0.0094982549095478,0.2773581179436657,0.3381605420758941,-0.0094982549095478,0.2122961906570262,NEUTRAL,0.3844813399804401,0.0018632582340178,True,0.0008333333333333,0.1666666666666666,16.666666666666664,16.666666666666664,0.0,83.33333333333334,1.0,0.0,0.0,,,,,1.0,-0.0127687465399503
NIFTY,2026-07-31 09:55:00,24366.7,1.0000000000000469,-11.930899050687344,24372.32674643136,TRENDING_BEAR,-0.0091673424467444,0.2,0.0002074227987955,0.2689414649647076,0.2689439193396779,0.0002074227987955,0.0,NEUTRAL,0.4621146156956143,,,-0.0008333333333333,0.1666666666666666,16.666666666666664,0.0,16.666666666666664,83.33333333333334,0.9978469664782932,0.0,0.0,39.11397198030598,27.2864431847,15.85357142857174,0.0,0.9978469664782932,-0.0142802618443965
NIFTY,2026-08-02T22:37:00,24031.49,1.0,-33.41599125196117,24028.833726782505,TRENDING_BULL,-0.0099996365606784,0.25,-0.0036007545352969,0.2689414894760007,0.3006919692124829,-0.0036007545352969,0.2361508695332073,NEUTRAL,0.4303665413115163,,,-0.0016666666666666,0.3333333333333333,33.33333333333333,0.0,33.33333333333333,66.66666666666667,1.0205138367741626,0.0,0.0,68.80193347910974,64.5658394438647,60.94071428571469,0.4446182879816765,1.0205138367741626,-0.0121847871690988
NIFTY,2026-07-31 09:55:00,24366.7,1.0000000000000469,-11.930899050687344,24371.9135200418,TRENDING_BEAR,-0.0091673424467444,0.2,4.032629861690549e-05,0.2689414596242718,0.2689436133328314,4.032629861690549e-05,0.0,NEUTRAL,0.4621149270428967,,,-0.0008333333333333,0.1666666666666666,16.666666666666664,0.0,16.666666666666664,83.33333333333334,0.9978469664782932,0.0,0.0,39.11397198030598,27.2864431847,15.85357142857174,0.0,0.9978469664782932,-0.0142802618443965
NIFTY,2026-07-30 22:00:00,25629.24,1.5,29.92311499378519,25585.604519294684,TRANSITION,-0.0103983441367745,0.2,0.0023294481346003,0.2692472269320244,0.2689516063911542,0.0023294481346003,0.1711507037152894,NEUTRAL,0.4618011666768214,,,0.0,0.0,0.0,0.0,0.0,100.0,1.0,0.0,0.0,,,,,1.0,-0.0123101770877838
NIFTY,2026-07-31 09:55:00,24366.7,1.0000000000000469,-11.930899050687344,24371.394761915533,TRENDING_BEAR,-0.0091673424467444,0.2,-0.000216310909904,0.2689414544960105,0.2689432772097834,-0.000216310909904,0.0180361452113001,NEUTRAL,0.4621152682942061,,,0.0008333333333333,0.1666666666666666,16.666666666666664,16.666666666666664,0.0,83.33333333333334,0.9978469664782932,0.0,0.0,39.11397198030598,27.2864431847,15.85357142857174,0.0,0.9978469664782932,-0.0142802618443965
NIFTY,2026-08-02 22:40:12,24031.49,1.0,-33.41599125196117,24030.44190989425,TRENDING_BULL,-0.0099996365606784,0.25,-0.0038738071189502,0.2689414929634516,0.3066170059575123,-0.0038738071189502,0.2464423869592422,NEUTRAL,0.4244415010790361,,,0.0,0.0,0.0,0.0,0.0,100.0,1.0205138367741626,0.0,0.0,68.80193347910974,64.5658394438647,60.94071428571469,0.4446182879816765,1.0205138367741626,-0.0121847871690988
NIFTY,2026-08-02 22:40:24,24031.49,1.0,-33.41599125196117,24029.991487464773,TRENDING_BULL,-0.0099996365606784,0.25,-0.0029826390793619,0.2689571133676257,0.2691962997374728,-0.0029826390793619,0.1902693214098477,NEUTRAL,0.4618465868949015,,,0.0,0.0,0.0,0.0,0.0,100.0,1.0205138367741626,0.0,0.0,68.80193347910974,64.5658394438647,60.94071428571469,0.4446182879816765,1.0205138367741626,-0.0121847871690988
NIFTY,2026-08-01 23:00:00,95.39,1.0,-0.3408082751159828,95.53961892356104,TRANSITION,-0.0103393821045756,0.2,-0.0078212246995524,0.2690563278552861,0.3428929832331339,-0.0078212246995524,0.25,NEUTRAL,0.38805068891158,,,0.0,0.0,0.0,0.0,0.0,100.0,1.0,0.0,0.0,,,,,1.0,-0.0043495863676071
NIFTY,2026-07-31 04:00:00,25373.85,1.5,456.04825601845926,25172.235133133006,TRANSITION,-0.0077181323431432,0.2,-0.008422603382861,0.2782081263651347,0.3352550395943469,-0.008422603382861,0.1972766968968886,NEUTRAL,0.3865368340405183,,,0.0016666666666666,0.3333333333333333,33.33333333333333,33.33333333333333,0.0,66.66666666666667,1.0,0.0,0.0,,,,,1.0,-0.0127687465399503
NIFTY,2026-08-02 22:42:18,24031.49,1.0,-33.41599125196117,24027.715354844586,TRENDING_BULL,-0.0099996365606784,0.25,-0.003313183549113,0.2689426654064862,0.2981076736438222,-0.003313183549113,0.2264945060373505,NEUTRAL,0.4329496609496916,,,0.0,0.0,0.0,0.0,0.0,100.0,1.0205138367741626,0.0,0.0,68.80193347910974,64.5658394438647,60.94071428571469,0.4446182879816765,1.0205138367741626,-0.0121847871690988
NIFTY,2026-08-02T22:44:00,24031.49,1.0,-33.41599125196117,24028.998543496546,TRENDING_BULL,-0.0099996365606784,0.25,-0.0030319943871413,0.2689415081465942,0.2691751877183806,-0.0030319943871413,0.1884827958905771,NEUTRAL,0.4618833041350251,,,-0.0016666666666666,0.3333333333333333,33.33333333333333,0.0,33.33333333333333,66.66666666666667,1.0205138367741626,0.0,0.0,68.80193347910974,64.5658394438647,60.94071428571469,0.4446182879816765,1.0205138367741626,-0.0121847871690988
NIFTY,2026-08-02T22:42:12,24031.49,1.0,-33.41599125196117,24029.54377392013,TRENDING_BULL,-0.0099996365606784,0.25,-0.0030293724038835,0.2689467914186735,0.2705555612237869,-0.0030293724038835,0.1914272558934047,NEUTRAL,0.4604976473575396,,,0.0,0.0,0.0,0.0,0.0,100.0,1.0205138367741626,0.0,0.0,68.80193347910974,64.5658394438647,60.94071428571469,0.4446182879816765,1.0205138367741626,-0.0121847871690988
NIFTY,2026-08-02T22:42:18,24031.49,1.0,-33.41599125196117,24028.157611517632,TRENDING_BULL,-0.0099996365606784,0.25,-0.0035428945458331,0.2689484966324535,0.289845710656414,-0.0035428945458331,0.2252713695327754,NEUTRAL,0.4412057927111324,,,0.0,0.0,0.0,0.0,0.0,100.0,1.0205138367741626,0.0,0.0,68.80193347910974,64.5658394438647,60.94071428571469,0.4446182879816765,1.0205138367741626,-0.0121847871690988
NIFTY,2026-08-02 22:44:02,24031.49,1.0,-33.41599125196117,24027.96084876,TRENDING_BULL,-0.0099996365606784,0.25,-0.0033897851033354,0.2689415372422962,0.2944006716444902,-0.0033897851033354,0.2254467950251918,NEUTRAL,0.4366577911132135,,,0.0,0.0,0.0,0.0,0.0,100.0,1.0205138367741626,0.0,0.0,68.80193347910974,64.5658394438647,60.94071428571469,0.4446182879816765,1.0205138367741626,-0.0121847871690988
NIFTY,2026-08-02T22:44:02,24031.49,1.0,-33.41599125196117,24029.06641532824,TRENDING_BULL,-0.0099996365606784,0.25,-0.0042549888548698,0.2689415474027438,0.3065069177194706,-0.0042549888548698,0.2491071060023691,NEUTRAL,0.4245515348777854,,,0.0,0.0,0.0,0.0,0.0,100.0,1.0205138367741626,0.0,0.0,68.80193347910974,64.5658394438647,60.94071428571469,0.4446182879816765,1.0205138367741626,-0.0121847871690988
NIFTY,2026-07-30 16:00:00,25884.43,1.5,-62.06413367993668,25811.44831899656,TRANSITION,-0.0098585989326238,0.2,-0.0109302782825308,0.268942559082711,0.3769468806335984,-0.0109302782825308,0.25,NEUTRAL,0.3541105602836905,,,0.0008333333333333,0.1666666666666666,16.666666666666664,16.666666666666664,0.0,83.33333333333334,1.0,0.0,0.0,,,,,1.0,-0.011887178197503
NIFTY,2026-08-02 22:45:04,24031.49,1.0,-33.41599125196117,24029.454894140643,TRENDING_BULL,-0.0099996365606784,0.25,-0.0030843753357354,0.2689415063515287,0.2691752240429243,-0.0030843753357354,0.1927035985434373,NEUTRAL,0.461883269605547,,,0.0,0.0,0.0,0.0,0.0,100.0,1.0205138367741626,0.0,0.0,68.80193347910974,64.5658394438647,60.94071428571469,0.4446182879816765,1.0205138367741626,-0.0121847871690988
NIFTY,2026-08-02T22:45:04,24031.49,1.0,-33.41599125196117,24029.340676528267,TRENDING_BULL,-0.0099996365606784,0.25,-0.0040161268840281,0.2689430669562578,0.3026917256579811,-0.0040161268840281,0.2430955404054631,NEUTRAL,0.4283652073857611,,,0.0,0.0,0.0,0.0,0.0,100.0,1.0205138367741626,0.0,0.0,68.80193347910974,64.5658394438647,60.94071428571469,0.4446182879816765,1.0205138367741626,-0.0121847871690988
NIFTY,2026-07-31 04:00:00,84.67,1.5,,,TRANSITION,-0.0062033669091761,0.2,-0.0082404089800579,0.2762562600663096,0.3359499166906786,-0.0082404089800579,0.212672848463378,NEUTRAL,0.3877938232430117,0.0018632582340178,True,-0.0008333333333333,0.1666666666666666,16.666666666666664,0.0,16.666666666666664,83.33333333333334,1.0,0.0,0.0,,,,,1.0,-0.0095419898629188
NIFTY,2026-08-01 23:00:00,95.39,1.0,,,TRANSITION,-0.0127728981897234,0.2,-0.0037823899905804,0.2881022028490732,0.315491944214476,-0.0037823899905804,0.1105927429999467,NEUTRAL,0.3964058529364508,,,0.0,0.0,0.0,0.0,0.0,100.0,1.0,0.0,0.0,,,,,1.0,-0.0049200005829334
NIFTY,2026-08-01 23:00:00,95.39,1.0,-0.3408082751159828,95.54050977404866,TRANSITION,-0.0103393821045756,0.2,-0.0046766397172167,0.2690928405989811,0.3356268956645111,-0.0046766397172167,0.25,NEUTRAL,0.3952802637365077,,,0.0,0.0,0.0,0.0,0.0,100.0,1.0,0.0,0.0,,,,,1.0,-0.0043495863676071
NIFTY,2026-08-01T23:00:00,95.39,1.0,-0.3408082751159828,95.5472263513114,TRANSITION,-0.0103393821045756,0.2,-0.001313026461111,0.2694219542060759,0.2689509442291066,-0.001313026461111,0.0,NEUTRAL,0.4616271015648174,,,0.0,0.0,0.0,0.0,0.0,100.0,1.0,0.0,0.0,,,,,1.0,-0.0043495863676071
NIFTY,2026-07-31 09:55:00,24366.7,1.0000000000000469,-11.930899050687344,24371.553157015856,TRENDING_BEAR,-0.0091673424467444,0.2,-1.4559103777619537e-05,0.2689414600576616,0.2689436145078877,-1.4559103777619537e-05,0.0,NEUTRAL,0.4621149254344507,,,0.0,0.0,0.0,0.0,0.0,100.0,0.9978469664782932,0.0,0.0,39.11397198030598,27.2864431847,15.85357142857174,0.0,0.9978469664782932,-0.0142802618443965
NIFTY,2026-07-31 09:55:00,24366.7,1.0000000000000469,-11.930899050687344,24372.20504999933,TRENDING_BEAR,-0.0091673424467444,0.2,0.0001591420368714,0.2689414738112281,0.268944394176817,0.0001591420368714,0.0,NEUTRAL,0.4621141320119549,,,0.0,0.0,0.0,0.0,0.0,100.0,0.9978469664782932,0.0,0.0,39.11397198030598,27.2864431847,15.85357142857174,0.0,0.9978469664782932,-0.0142802618443965
NIFTY,2026-08-02 22:48:43,24031.49,1.0,-33.41599125196117,24028.03936961404,TRENDING_BULL,-0.0099996365606784,0.25,-0.0036325803504523,0.2689416039035694,0.3001357266471427,-0.0036325803504523,0.2327715360749463,NEUTRAL,0.4309226694492878,,,0.0,0.0,0.0,0.0,0.0,100.0,1.0205138367741626,0.0,0.0,68.80193347910974,64.5658394438647,60.94071428571469,0.4446182879816765,1.0205138367741626,-0.0121847871690988
NIFTY,2026-08-02 22:48:31,24031.49,1.0,-33.41599125196117,24029.574100991544,TRENDING_BULL,-0.0099996365606784,0.25,-0.0039946098070463,0.2689442706277684,0.2997455671996289,-0.0039946098070463,0.2409153049591203,NEUTRAL,0.4313101621726026,,,0.0,0.0,0.0,0.0,0.0,100.0,1.0205138367741626,0.0,0.0,68.80193347910974,64.5658394438647,60.94071428571469,0.4446182879816765,1.0205138367741626,-0.0121847871690988
NIFTY,2026-08-02 22:48:43,24031.49,1.0,-33.41599125196117,24028.74679904084,TRENDING_BULL,-0.0099996365606784,0.25,-0.0030908453170516,0.2689415389318157,0.2769017397442792,-0.0030908453170516,0.2006946508790029,NEUTRAL,0.454156721323905,,,0.0,0.0,0.0,0.0,0.0,100.0,1.0205138367741626,0.0,0.0,68.80193347910974,64.5658394438647,60.94071428571469,0.4446182879816765,1.0205138367741626,-0.0121847871690988
NIFTY,2026-08-02T22:48:43,24031.49,1.0,-33.41599125196117,24030.348496240047,TRENDING_BULL,-0.0099996365606784,0.25,-0.004009130156349,0.2689469429087143,0.2990260494510395,-0.004009130156349,0.2388578558758066,NEUTRAL,0.4320270076402461,,,0.0,0.0,0.0,0.0,0.0,100.0,1.0205138367741626,0.0,0.0,68.80193347910974,64.5658394438647,60.94071428571469,0.4446182879816765,1.0205138367741626,-0.0121847871690988
NIFTY,2026-07-30T22:00:00,25629.24,1.5,29.92311499378519,25587.25358385984,TRANSITION,-0.0103983441367745,0.2,0.002393215069125,0.2717623390969679,0.2689495304005734,0.002393215069125,0.1754347148132032,NEUTRAL,0.4592881305024587,,,0.0016666666666666,0.3333333333333333,33.33333333333333,33.33333333333333,0.0,66.66666666666667,1.0,0.0,0.0,,,,,1.0,-0.0123101770877838
NIFTY,2026-07-31 09:55:00,24366.7,1.0000000000000469,-11.930899050687344,24371.49852389132,TRENDING_BEAR,-0.0091673424467444,0.2,0.0002110634386796,0.2689414648528214,0.2689438863381041,0.0002110634386796,0.0,NEUTRAL,0.4621146488090744,,,0.0,0.0,0.0,0.0,0.0,100.0,0.9978469664782932,0.0,0.0,39.11397198030598,27.2864431847,15.85357142857174,0.0,0.9978469664782932,-0.0142802618443965
NIFTY,2026-07-31 09:55:00,24366.7,1.0000000000000469,-11.930899050687344,24371.69295944333,TRENDING_BEAR,-0.0091673424467444,0.2,-0.0001807776020961,0.2689414559556702,0.2689433819724592,-0.0001807776020961,0.0285326873936074,NEUTRAL,0.4621151620718706,,,0.0,0.0,0.0,0.0,0.0,100.0,0.9978469664782932,0.0,0.0,39.11397198030598,27.2864431847,15.85357142857174,0.0,0.9978469664782932,-0.0142802618443965
NIFTY,2026-07-31 09:55:00,24366.7,1.0000000000000469,-11.930899050687344,24372.554114211787,TRENDING_BEAR,-0.0091673424467444,0.2,2.018112396994142e-05,0.2689414732915491,0.2689443647169743,2.018112396994142e-05,0.0,NEUTRAL,0.4621141619914765,,,0.0,0.0,0.0,0.0,0.0,100.0,0.9978469664782932,0.0,0.0,39.11397198030598,27.2864431847,15.85357142857174,0.0,0.9978469664782932,-0.0142802618443965
NIFTY,2026-07-31 09:55:00,24366.7,1.0000000000000469,-11.930899050687344,24372.07691090396,TRENDING_BEAR,-0.0091673424467444,0.2,0.0002294064146862,0.2689414635622567,0.268943727172687,0.0002294064146862,0.0,NEUTRAL,0.4621148092650563,,,0.0016666666666666,0.3333333333333333,33.33333333333333,33.33333333333333,0.0,66.66666666666667,0.9978469664782932,0.0,0.0,39.11397198030598,27.2864431847,15.85357142857174,0.0,0.9978469664782932,-0.0142802618443965
NIFTY,2026-07-30T16:00:00,25884.43,1.5,-62.06413367993668,25816.3030557182,TRANSITION,-0.0098585989326238,0.2,-0.0110794738712114,0.2689419028999346,0.3769293014478396,-0.0110794738712114,0.25,NEUTRAL,0.3541287956522257,,,0.0,0.0,0.0,0.0,0.0,100.0,1.0,0.0,0.0,,,,,1.0,-0.011887178197503
NIFTY,2026-07-30 23:00:00,10868.1,1.5,-49.77106634247757,10876.569364374896,TRANSITION,-0.0101755680516362,0.2,-0.0004113454613235,0.2847078745967447,0.2897249882506182,-0.0004113454613235,0.0574474309656451,NEUTRAL,0.4255671371526371,,,0.0,0.0,0.0,0.0,0.0,100.0,1.0,0.0,0.0,,,,,1.0,-0.0118483565747737
NIFTY,2026-07-30 23:00:00,10868.1,1.5,-49.77106634247757,10875.483886300875,TRANSITION,-0.0101755680516362,0.2,-0.0171542713580576,0.2692982249517352,0.375207394616475,-0.0171542713580576,0.25,NEUTRAL,0.3554943804317897,,,0.0,0.0,0.0,0.0,0.0,100.0,1.0,0.0,0.0,,,,,1.0,-0.0118483565747737
NIFTY,2026-07-30T23:00:00,10868.1,1.5,-49.77106634247757,10877.64983285572,TRANSITION,-0.0101755680516362,0.2,0.0001745270638138,0.2861201828984789,0.2849638576286156,0.0001745270638138,0.0,NEUTRAL,0.4289159594729054,,,0.0,0.0,0.0,0.0,0.0,100.0,1.0,0.0,0.0,,,,,1.0,-0.0118483565747737
NIFTY,2026-07-31 04:00:00,84.67,1.5,,,TRANSITION,-0.0062033669091761,0.2,-0.0083871957794895,0.2762997632233786,0.3364189823107167,-0.0083871957794895,0.213566802077714,NEUTRAL,0.3872812544659046,,,0.0,0.0,0.0,0.0,0.0,100.0,1.0,0.0,0.0,,,,,1.0,-0.0095419898629188
NIFTY,2026-07-31 04:00:00,7489.72,1.5,93.45164651057593,7458.290089752199,TRANSITION,-0.0056268046610057,0.2,-0.0062791729852836,0.27940757058947,0.3250644095064368,-0.0062791729852836,0.183782472018409,NEUTRAL,0.3955280199040931,0.0018632582340178,True,-0.0008333333333333,0.1666666666666666,16.666666666666664,0.0,16.666666666666664,83.33333333333334,1.0,0.0,0.0,,,,,1.0,-0.0123278517276048
NIFTY,2026-08-02 22:54:56,24031.49,1.0,-33.41599125196117,24027.67467827168,TRENDING_BULL,-0.0099996365606784,0.25,-0.0041761116132944,0.268942218849768,0.2993664740957158,-0.0041761116132944,0.2443316816404184,NEUTRAL,0.4316913070545162,,,0.0,0.0,0.0,0.0,0.0,100.0,1.0205138367741626,0.0,0.0,68.80193347910974,64.5658394438647,60.94071428571469,0.4446182879816765,1.0205138367741626,-0.0121847871690988
NIFTY,2026-08-02 22:54:56,24031.49,1.0,-33.41599125196117,24030.404686828304,TRENDING_BULL,-0.0099996365606784,0.25,-0.0030686810665151,0.2689418237821274,0.2855449962673481,-0.0030686810665151,0.2069214175947493,NEUTRAL,0.4455131799505244,,,0.0,0.0,0.0,0.0,0.0,100.0,1.0205138367741626,0.0,0.0,68.80193347910974,64.5658394438647,60.94071428571469,0.4446182879816765,1.0205138367741626,-0.0121847871690988
NIFTY,2026-07-31 09:55:00,24366.7,1.0000000000000469,-11.930899050687344,24372.425400783108,TRENDING_BEAR,-0.0091673424467444,0.2,0.0003245388355965,0.2689414656136137,0.2689439294662623,0.0003245388355965,0.0,NEUTRAL,0.4621146049201239,,,0.0,0.0,0.0,0.0,0.0,100.0,0.9978469664782932,0.0,0.0,39.11397198030598,27.2864431847,15.85357142857174,0.0,0.9978469664782932,-0.0142802618443965
NIFTY,2026-07-31 09:55:00,24366.7,1.0000000000000469,-11.930899050687344,24371.87121387633,TRENDING_BEAR,-0.0091673424467444,0.2,-0.0002037608304854,0.2689414564619662,0.2689434106735773,-0.0002037608304854,0.0457901399583126,NEUTRAL,0.4621151328644563,,,0.0,0.0,0.0,0.0,0.0,100.0,0.9978469664782932,0.0,0.0,39.11397198030598,27.2864431847,15.85357142857174,0.0,0.9978469664782932,-0.0142802618443965
NIFTY,2026-07-31 04:00:00,7489.72,1.5,93.45164651057593,7454.146218846509,TRANSITION,-0.0056268046610057,0.2,-0.0071575202145562,0.2787941559418106,0.3293503076545314,-0.0071575202145562,0.1820226926586597,NEUTRAL,0.391855536403658,,,0.0,0.0,0.0,0.0,0.0,100.0,1.0,0.0,0.0,,,,,1.0,-0.0123278517276048
NIFTY,2026-07-31 04:00:00,28404.25,1.5,,,TRANSITION,-0.0062033669091761,0.2,-0.0080989485272802,0.276474561444688,0.3353023447340719,-0.0080989485272802,0.210250874857646,NEUTRAL,0.38822309382124,0.0018632582340178,True,0.0008333333333333,0.1666666666666666,16.666666666666664,16.666666666666664,0.0,83.33333333333334,1.0,0.0,0.0,,,,,1.0,-0.0095419898629188
NIFTY,2026-07-31 09:55:00,24366.7,1.0000000000000469,-11.930899050687344,24372.6035339248,TRENDING_BEAR,-0.0091673424467444,0.2,0.0001229902816813,0.2689414647914048,0.2689438539968158,0.0001229902816813,0.0,NEUTRAL,0.4621146812117794,,,0.0008333333333333,0.1666666666666666,16.666666666666664,16.666666666666664,0.0,83.33333333333334,0.9978469664782932,0.0,0.0,39.11397198030598,27.2864431847,15.85357142857174,0.0,0.9978469664782932,-0.0142802618443965
NIFTY,2026-07-31 09:55:00,24366.7,1.0000000000000469,-11.930899050687344,24372.44773638115,TRENDING_BEAR,-0.0091673424467444,0.2,-0.000152368830632,0.2689414571563692,0.2689434500381799,-0.000152368830632,0.0313441286565831,NEUTRAL,0.4621150928054509,,,0.0,0.0,0.0,0.0,0.0,100.0,0.9978469664782932,0.0,0.0,39.11397198030598,27.2864431847,15.85357142857174,0.0,0.9978469664782932,-0.0142802618443965
NIFTY,2026-07-31 09:55:00,24366.7,1.0000000000000469,-11.930899050687344,24371.58957755963,TRENDING_BEAR,-0.0091673424467444,0.2,9.379887205671274e-05,0.2689414594311872,0.2689435789940339,9.379887205671274e-05,0.0,NEUTRAL,0.4621149615747789,,,0.0,0.0,0.0,0.0,0.0,100.0,0.9978469664782932,0.0,0.0,39.11397198030598,27.2864431847,15.85357142857174,0.0,0.9978469664782932,-0.0142802618443965
NIFTY,2026-07-31 09:55:00,24366.7,1.0000000000000469,-11.930899050687344,24372.717720657765,TRENDING_BEAR,-0.0091673424467444,0.2,0.0001527701726666,0.2689414629788679,0.2689437801065482,0.0001527701726666,0.0,NEUTRAL,0.4621147569145838,,,0.0,0.0,0.0,0.0,0.0,100.0,0.9978469664782932,0.0,0.0,39.11397198030598,27.2864431847,15.85357142857174,0.0,0.9978469664782932,-0.0142802618443965
NIFTY,2026-07-31 09:55:00,24366.7,1.0000000000000469,-11.930899050687344,24372.032382024936,TRENDING_BEAR,-0.0091673424467444,0.2,0.0002468688417933,0.268941463701186,0.2689438210536503,0.0002468688417933,0.0,NEUTRAL,0.4621147152451637,,,0.0,0.0,0.0,0.0,0.0,100.0,0.9978469664782932,0.0,0.0,39.11397198030598,27.2864431847,15.85357142857174,0.0,0.9978469664782932,-0.0142802618443965
NIFTY,2026-07-31 09:55:00,24366.7,1.0000000000000469,-11.930899050687344,24372.211855773763,TRENDING_BEAR,-0.0091673424467444,0.2,0.0003538055941373,0.2689414645482311,0.2689438690713456,0.0003538055941373,0.0,NEUTRAL,0.4621146663804233,,,0.0,0.0,0.0,0.0,0.0,100.0,0.9978469664782932,0.0,0.0,39.11397198030598,27.2864431847,15.85357142857174,0.0,0.9978469664782932,-0.0142802618443965
NIFTY,2026-07-31 09:55:00,24366.7,1.0000000000000469,-11.930899050687344,24372.11618645405,TRENDING_BEAR,-0.0091673424467444,0.2,0.0002054856172743,0.2689414653222408,0.268943912948772,0.0002054856172743,0.0,NEUTRAL,0.4621146217289871,,,0.0,0.0,0.0,0.0,0.0,100.0,0.9978469664782932,0.0,0.0,39.11397198030598,27.2864431847,15.85357142857174,0.0,0.9978469664782932,-0.0142802618443965
NIFTY,2026-07-31 09:55:00,24366.7,1.0000000000000469,-11.930899050687344,24372.27717343893,TRENDING_BEAR,-0.0091673424467444,0.2,-0.0001282958576991,0.2689414558234299,0.2689433744759641,-0.0001282958576991,0.0144337753630541,NEUTRAL,0.4621151697006059,,,0.0,0.0,0.0,0.0,0.0,100.0,0.9978469664782932,0.0,0.0,39.11397198030598,27.2864431847,15.85357142857174,0.0,0.9978469664782932,-0.0142802618443965
NIFTY,2026-07-31 04:00:00,7489.72,1.5,,,TRANSITION,-0.0051832259632647,0.2,-0.0086712468648825,0.2795814912255392,0.3351068219260264,-0.0086712468648825,0.197469274701376,NEUTRAL,0.3853116868484343,,,-0.0008333333333333,0.1666666666666666,16.666666666666664,0.0,16.666666666666664,83.33333333333334,1.0,0.0,0.0,,,,,1.0,-0.0108196344226598
NIFTY,2026-07-31 09:55:00,24366.7,1.0000000000000469,-11.930899050687344,24371.865496950573,TRENDING_BEAR,-0.0091673424467444,0.2,0.0003212378965546,0.2689414655154632,0.2689439239022566,0.0003212378965546,0.0,NEUTRAL,0.4621146105822802,,,0.0,0.0,0.0,0.0,0.0,100.0,0.9978469664782932,0.0,0.0,39.11397198030598,27.2864431847,15.85357142857174,0.0,0.9978469664782932,-0.0142802618443965
NIFTY,2026-07-31 09:55:00,24366.7,1.0000000000000469,-11.930899050687344,24371.68787063213,TRENDING_BEAR,-0.0091673424467444,0.2,-0.0001854802991357,0.2689414555603139,0.2689433595603421,-0.0001854802991357,0.0222198929464881,NEUTRAL,0.4621151848793439,-0.0001519036192063,True,0.0,0.0,0.0,0.0,0.0,100.0,0.9978469664782932,0.0,0.0,39.11397198030598,27.2864431847,15.85357142857174,0.0,0.9978469664782932,-0.0142802618443965
NIFTY,2026-07-31T15:25:00,24366.7,1.0000000000000469,-11.930899050687344,24372.18782556639,TRENDING_BEAR,-0.0091673424467444,0.2,5.695821514308477e-05,0.2689414626616678,0.268943762124962,5.695821514308477e-05,0.0120246125221856,NEUTRAL,0.4621147752133702,,,0.0,0.0,0.0,0.0,0.0,100.0,0.9978469664782932,0.0,0.0,39.11397198030598,27.2864431847,15.85357142857174,0.0,0.9978469664782932,-0.0142802618443965
NIFTY,2026-07-31 09:55:00,24366.7,1.0000000000000469,-11.930899050687344,24372.06695488198,TRENDING_BEAR,-0.0091673424467444,0.2,-0.0001377681693681,0.2689414572180671,0.2689434754574291,-0.0001377681693681,0.0321240566932279,NEUTRAL,0.4621150673245038,,,-0.0008333333333333,0.1666666666666666,16.666666666666664,0.0,16.666666666666664,83.33333333333334,0.9978469664782932,0.0,0.0,39.11397198030598,27.2864431847,15.85357142857174,0.0,0.9978469664782932,-0.0142802618443965
NIFTY,2026-07-31 09:55:00,24366.7,1.0000000000000469,-11.930899050687344,24371.831530487936,TRENDING_BEAR,-0.0091673424467444,0.2,-9.246527576501924e-05,0.2689414559341774,0.2689433577812988,-9.246527576501924e-05,0.0003559103030743,NEUTRAL,0.4621151862845237,,,0.0008333333333333,0.1666666666666666,16.666666666666664,16.666666666666664,0.0,83.33333333333334,0.9978469664782932,0.0,0.0,39.11397198030598,27.2864431847,15.85357142857174,0.0,0.9978469664782932,-0.0142802618443965
NIFTY,2026-07-31 04:00:00,7519.25,1.5,,,TRANSITION,-0.0063698599115014,0.2,-0.0079907830737807,0.2779411444889676,0.3339975411730763,-0.0079907830737807,0.2011354494011361,NEUTRAL,0.388061314337956,,,-0.0008333333333333,0.1666666666666666,16.666666666666664,0.0,16.666666666666664,83.33333333333334,1.0,0.0,0.0,,,,,1.0,-0.0094448894262313
NIFTY,2026-07-31 09:55:00,24366.7,1.0000000000000469,-11.930899050687344,24372.29420627567,TRENDING_BEAR,-0.0091673424467444,0.2,-2.332786084326309e-05,0.2689414627518787,0.2689437672388803,-2.332786084326309e-05,0.0173265976278521,NEUTRAL,0.4621147700092409,,,0.0,0.0,0.0,0.0,0.0,100.0,0.9978469664782932,0.0,0.0,39.11397198030598,27.2864431847,15.85357142857174,0.0,0.9978469664782932,-0.0142802618443965
NIFTY,2026-07-31 09:55:00,24366.7,1.0000000000000469,-11.930899050687344,24372.35397309498,TRENDING_BEAR,-0.0091673424467444,0.2,-6.94022396281807e-05,0.2689414571761945,0.2689434511620499,-6.94022396281807e-05,0.0,NEUTRAL,0.4621150916617556,,,0.0,0.0,0.0,0.0,0.0,100.0,0.9978469664782932,0.0,0.0,39.11397198030598,27.2864431847,15.85357142857174,0.0,0.9978469664782932,-0.0142802618443965
NIFTY,2026-07-31 09:55:00,24366.7,1.0000000000000469,-11.930899050687344,24371.949990249777,TRENDING_BEAR,-0.0091673424467444,0.2,0.0001446421597729,0.2689414692910593,0.2689441379351155,0.0001446421597729,0.0,NEUTRAL,0.4621143927738251,,,0.0,0.0,0.0,0.0,0.0,100.0,0.9978469664782932,0.0,0.0,39.11397198030598,27.2864431847,15.85357142857174,0.0,0.9978469664782932,-0.0142802618443965
NIFTY,2026-07-31 09:55:00,24366.7,1.0000000000000469,-11.930899050687344,24371.98591051953,TRENDING_BEAR,-0.0091673424467444,0.2,0.0002161707903037,0.2689414636605032,0.2689438187474069,0.0002161707903037,0.0,NEUTRAL,0.4621147175920899,,,0.0,0.0,0.0,0.0,0.0,100.0,0.9978469664782932,0.0,0.0,39.11397198030598,27.2864431847,15.85357142857174,0.0,0.9978469664782932,-0.0142802618443965
NIFTY,2026-07-31 09:55:00,24366.7,1.0000000000000469,-11.930899050687344,24371.640753343767,TRENDING_BEAR,-0.0091673424467444,0.2,-0.0001059846495723,0.268941458058342,0.2689435011695948,-0.0001059846495723,0.0145431981025391,NEUTRAL,0.4621150407720631,,,0.0,0.0,0.0,0.0,0.0,100.0,0.9978469664782932,0.0,0.0,39.11397198030598,27.2864431847,15.85357142857174,0.0,0.9978469664782932,-0.0142802618443965
NIFTY,2026-07-31 09:55:00,24366.7,1.0000000000000469,-11.930899050687344,24372.421923783622,TRENDING_BEAR,-0.0091673424467444,0.2,3.857602124957589e-05,0.2689414616646281,0.2689437056043249,3.857602124957589e-05,0.0,NEUTRAL,0.4621148327310469,,,0.0,0.0,0.0,0.0,0.0,100.0,0.9978469664782932,0.0,0.0,39.11397198030598,27.2864431847,15.85357142857174,0.0,0.9978469664782932,-0.0142802618443965
NIFTY,2026-07-31 09:55:00,24366.7,1.0000000000000469,-11.930899050687344,24372.16542063605,TRENDING_BEAR,-0.0091673424467444,0.2,-0.0002102906218103,0.2689414563919264,0.2689434067031354,-0.0002102906218103,0.0384909915628479,NEUTRAL,0.4621151369049381,,,0.0,0.0,0.0,0.0,0.0,100.0,0.9978469664782932,0.0,0.0,39.11397198030598,27.2864431847,15.85357142857174,0.0,0.9978469664782932,-0.0142802618443965
BANKNIFTY,2026-07-31 09:55:00,57214.1,1.0000000000000469,-37.6642058206711,57230.74699564516,TRENDING_BULL,-112.9926174620133,0.25,0.0002770448096367,0.2689424913764565,0.2690131488072874,0.0002770448096367,0.0,NEUTRAL,0.4620443598162562,,,-0.0008333333333333,0.1666666666666666,16.666666666666664,0.0,16.666666666666664,83.33333333333334,0.9955444404110356,0.0,0.0,38.98628710293069,22.40317301207975,38.1464285714293,0.0,0.9955444404110356,-188.3210291033555
NIFTY,2026-07-31 09:55:00,24366.7,1.0000000000000469,-11.930899050687344,24371.97086084335,TRENDING_BEAR,-0.0091673424467444,0.2,-0.0001401157137021,0.2689414562951527,0.2689434012171839,-0.0001401157137021,0.0275037609122686,NEUTRAL,0.4621151424876633,,,0.0,0.0,0.0,0.0,0.0,100.0,0.9978469664782932,0.0,0.0,39.11397198030598,27.2864431847,15.85357142857174,0.0,0.9978469664782932,-0.0142802618443965
NIFTY,2026-07-31 09:55:00,24366.7,1.0000000000000469,-11.930899050687344,24371.236038866533,TRENDING_BEAR,-0.0091673424467444,0.2,-1.866853426883376e-05,0.268941458949317,0.2689435516775667,-1.866853426883376e-05,0.0,NEUTRAL,0.4621149893731162,,,0.0,0.0,0.0,0.0,0.0,100.0,0.9978469664782932,0.0,0.0,39.11397198030598,27.2864431847,15.85357142857174,0.0,0.9978469664782932,-0.0142802618443965
NIFTY,2026-07-31 09:55:00,24366.7,1.0000000000000469,-11.930899050687344,24372.07400196844,TRENDING_BEAR,-0.0091673424467444,0.2,-0.0002238930609431,0.2689414559940161,0.2689433841462272,-0.0002238930609431,0.0441051534405563,NEUTRAL,0.4621151598597566,,,0.0,0.0,0.0,0.0,0.0,100.0,0.9978469664782932,0.0,0.0,39.11397198030598,27.2864431847,15.85357142857174,0.0,0.9978469664782932,-0.0142802618443965
NIFTY,2026-07-31 09:55:00,24366.7,1.0000000000000469,-11.930899050687344,24372.25481907364,TRENDING_BEAR,-0.0091673424467444,0.2,0.0002337014826526,0.2689414690837313,0.2689441261820011,0.0002337014826526,0.0,NEUTRAL,0.4621144047342675,,,0.0,0.0,0.0,0.0,0.0,100.0,0.9978469664782932,0.0,0.0,39.11397198030598,27.2864431847,15.85357142857174,0.0,0.9978469664782932,-0.0142802618443965
NIFTY,2026-07-31 09:55:00,24366.7,1.0000000000000469,-11.930899050687344,24372.45321379065,TRENDING_BEAR,-0.0091673424467444,0.2,0.0001055677678904,0.2689414612680397,0.2689436831223403,0.0001055677678904,0.0,NEUTRAL,0.4621148556096199,,,0.0,0.0,0.0,0.0,0.0,100.0,0.9978469664782932,0.0,0.0,39.11397198030598,27.2864431847,15.85357142857174,0.0,0.9978469664782932,-0.0142802618443965
NIFTY,2026-07-31 09:45:00,24366.7,1.00000000761499,-19.6593863277661,24366.46468341649,TRENDING_BULL,-0.0087578343227505,0.25,-0.0007273504050857,0.268941581545101,0.2690530637226638,-0.0007273504050857,0.0710504249149797,NEUTRAL,0.4620053547322351,,,0.0,0.0,0.0,0.0,0.0,100.0,0.9955803980305415,0.0,0.0,50.56861258528832,37.05901296264293,25.678571428571427,0.0,0.9955803980305415,-0.0149629052728414
NIFTY,2026-07-31 09:55:00,24366.7,1.0000000000000469,-11.930899050687344,24372.76416474544,TRENDING_BEAR,-0.0091673424467444,0.2,1.6833976148840998e-05,0.2689414573614156,0.2689434616619397,1.6833976148840998e-05,0.0,NEUTRAL,0.4621150809766445,,,0.0,0.0,0.0,0.0,0.0,100.0,0.9978469664782932,0.0,0.0,39.11397198030598,27.2864431847,15.85357142857174,0.0,0.9978469664782932,-0.0142802618443965
NIFTY,2026-07-31 09:55:00,24366.7,1.0000000000000469,-11.930899050687344,24372.650874291267,TRENDING_BEAR,-0.0091673424467444,0.2,0.0002427049988374,0.2689414690261841,0.2689441229197337,0.0002427049988374,0.0,NEUTRAL,0.4621144080540821,,,0.0,0.0,0.0,0.0,0.0,100.0,0.9978469664782932,0.0,0.0,39.11397198030598,27.2864431847,15.85357142857174,0.0,0.9978469664782932,-0.0142802618443965
NIFTY,2026-07-31 09:55:00,24366.7,1.0000000000000469,-11.930899050687344,24371.665600801265,TRENDING_BEAR,-0.0091673424467444,0.2,0.0001115884452386,0.2689414641995507,0.2689438493051804,0.0001115884452386,0.0,NEUTRAL,0.4621146864952689,,,0.0,0.0,0.0,0.0,0.0,100.0,0.9978469664782932,0.0,0.0,39.11397198030598,27.2864431847,15.85357142857174,0.0,0.9978469664782932,-0.0142802618443965
NIFTY,2026-07-31 09:55:00,24366.7,1.0000000000000469,-11.930899050687344,24371.69435607464,TRENDING_BEAR,-0.0091673424467444,0.2,-0.0001053155084149,0.2689414569133234,0.2689434362602975,-0.0001053155084149,0.0,NEUTRAL,0.4621151068263791,,,0.0,0.0,0.0,0.0,0.0,100.0,0.9978469664782932,0.0,0.0,39.11397198030598,27.2864431847,15.85357142857174,0.0,0.9978469664782932,-0.0142802618443965
NIFTY,2026-07-31 09:55:00,24366.7,1.0000000000000469,-11.930899050687344,24373.03777498873,TRENDING_BEAR,-0.0091673424467444,0.2,8.625988693114512e-05,0.2689414704937222,0.2689442061122822,8.625988693114512e-05,0.0,NEUTRAL,0.4621143233939956,,,0.0,0.0,0.0,0.0,0.0,100.0,0.9978469664782932,0.0,0.0,39.11397198030598,27.2864431847,15.85357142857174,0.0,0.9978469664782932,-0.0142802618443965
NIFTY,2026-07-31 09:55:00,24366.7,1.0000000000000469,-11.930899050687344,24372.57398549053,TRENDING_BEAR,-0.0091673424467444,0.2,-8.743560292219178e-05,0.268941459167154,0.2689435640264044,-8.743560292219178e-05,0.0163583054688052,NEUTRAL,0.4621149768064416,,,0.0,0.0,0.0,0.0,0.0,100.0,0.9978469664782932,0.0,0.0,39.11397198030598,27.2864431847,15.85357142857174,0.0,0.9978469664782932,-0.0142802618443965
NIFTY,2026-07-31 09:55:00,24366.7,1.0000000000000469,-11.930899050687344,24371.60791209819,TRENDING_BEAR,-0.0091673424467444,0.2,0.0002791919845871,0.2689414652095324,0.2689439065595038,0.0002791919845871,0.0,NEUTRAL,0.4621146282309638,,,0.0,0.0,0.0,0.0,0.0,100.0,0.9978469664782932,0.0,0.0,39.11397198030598,27.2864431847,15.85357142857174,0.0,0.9978469664782932,-0.0142802618443965
NIFTY,2026-07-31 09:55:00,24366.7,1.0000000000000469,-11.930899050687344,24372.21274819056,TRENDING_BEAR,-0.0091673424467444,0.2,0.0001990697481953,0.2689414659063192,0.2689439460592898,0.0001990697481953,0.0,NEUTRAL,0.462114588034391,,,0.0,0.0,0.0,0.0,0.0,100.0,0.9978469664782932,0.0,0.0,39.11397198030598,27.2864431847,15.85357142857174,0.0,0.9978469664782932,-0.0142802618443965
NIFTY,2026-07-31 09:55:00,24366.7,1.0000000000000469,-11.930899050687344,24372.30750711161,TRENDING_BEAR,-0.0091673424467444,0.2,-6.61337173929633e-05,0.2689414583041384,0.2689435151034068,-6.61337173929633e-05,0.0,NEUTRAL,0.4621150265924548,,,0.0,0.0,0.0,0.0,0.0,100.0,0.9978469664782932,0.0,0.0,39.11397198030598,27.2864431847,15.85357142857174,0.0,0.9978469664782932,-0.0142802618443965
NIFTY,2026-07-31 09:55:00,24366.7,1.0000000000000469,-11.930899050687344,24372.34671137932,TRENDING_BEAR,-0.0091673424467444,0.2,0.0002139274867236,0.2689414661199955,0.2689439581722751,0.0002139274867236,0.0,NEUTRAL,0.4621145757077293,,,0.0,0.0,0.0,0.0,0.0,100.0,0.9978469664782932,0.0,0.0,39.11397198030598,27.2864431847,15.85357142857174,0.0,0.9978469664782932,-0.0142802618443965
NIFTY,2026-07-31 09:55:00,24366.7,1.0000000000000469,-11.930899050687344,24371.611347008064,TRENDING_BEAR,-0.0091673424467444,0.2,-0.0001173946683897,0.268941458193738,0.2689435088449833,-0.0001173946683897,0.0304260178632142,NEUTRAL,0.4621150329612786,,,0.0,0.0,0.0,0.0,0.0,100.0,0.9978469664782932,0.0,0.0,39.11397198030598,27.2864431847,15.85357142857174,0.0,0.9978469664782932,-0.0142802618443965
NIFTY,2026-07-31 09:55:00,24366.7,1.0000000000000469,-11.930899050687344,24372.284124672948,TRENDING_BEAR,-0.0091673424467444,0.2,0.0002114045303685,0.2689414653771929,0.2689439160639229,0.0002114045303685,0.0,NEUTRAL,0.4621146185588842,,,0.0,0.0,0.0,0.0,0.0,100.0,0.9978469664782932,0.0,0.0,39.11397198030598,27.2864431847,15.85357142857174,0.0,0.9978469664782932,-0.0142802618443965
NIFTY,2026-07-31 09:55:00,24366.7,1.0000000000000469,-11.930899050687344,24371.789128320263,TRENDING_BEAR,-0.0091673424467444,0.2,0.0002722750972639,0.2689414657319233,0.268943936173049,0.0002722750972639,0.0,NEUTRAL,0.4621145980950276,,,0.0,0.0,0.0,0.0,0.0,100.0,0.9978469664782932,0.0,0.0,39.11397198030598,27.2864431847,15.85357142857174,0.0,0.9978469664782932,-0.0142802618443965
NIFTY,2026-07-31 09:55:00,24366.7,1.0000000000000469,-11.930899050687344,24372.51751052718,TRENDING_BEAR,-0.0091673424467444,0.2,0.0002522094091463,0.2689414651477953,0.2689439030597218,0.0002522094091463,0.0,NEUTRAL,0.4621146317924829,,,0.0,0.0,0.0,0.0,0.0,100.0,0.9978469664782932,0.0,0.0,39.11397198030598,27.2864431847,15.85357142857174,0.0,0.9978469664782932,-0.0142802618443965
NIFTY,2026-07-31 09:55:00,24366.7,1.0000000000000469,-11.930899050687344,24372.037025586564,TRENDING_BEAR,-0.0091673424467444,0.2,0.0002754057736498,0.2689414650609061,0.2689438981341091,0.0002754057736498,0.0,NEUTRAL,0.4621146368049847,,,0.0,0.0,0.0,0.0,0.0,100.0,0.9978469664782932,0.0,0.0,39.11397198030598,27.2864431847,15.85357142857174,0.0,0.9978469664782932,-0.0142802618443965
NIFTY,2026-07-31 09:55:00,24366.7,1.0000000000000469,-11.930899050687344,24373.01366223073,TRENDING_BEAR,-0.0091673424467444,0.2,0.0002022202548545,0.2689414634760108,0.2689438082888161,0.0002022202548545,0.0,NEUTRAL,0.4621147282351731,,,0.0,0.0,0.0,0.0,0.0,100.0,0.9978469664782932,0.0,0.0,39.11397198030598,27.2864431847,15.85357142857174,0.0,0.9978469664782932,-0.0142802618443965
NIFTY,2026-07-31 09:55:00,24366.7,1.0000000000000469,-11.930899050687344,24372.596257866,TRENDING_BEAR,-0.0091673424467444,0.2,-0.0001882830404842,0.2689414563444262,0.2689433807649797,-0.0001882830404842,0.0395436788609465,NEUTRAL,0.4621151628905942,,,0.0008333333333333,0.1666666666666666,16.666666666666664,16.666666666666664,0.0,83.33333333333334,0.9978469664782932,0.0,0.0,39.11397198030598,27.2864431847,15.85357142857174,0.0,0.9978469664782932,-0.0142802618443965
NIFTY,2026-07-31T04:00:00,84.67,1.5,,,TRANSITION,-0.0069276373833417,0.2,-0.0077941948391172,0.279952909068146,0.3322782836822461,-0.0077941948391172,0.189067976149041,NEUTRAL,0.3877688072496077,,,-0.0008333333333333,0.1666666666666666,16.666666666666664,0.0,16.666666666666664,83.33333333333334,1.0,0.0,0.0,,,,,1.0,-0.0094869073480367
NIFTY,2026-07-31 09:55:00,24366.7,1.0000000000000469,-11.930899050687344,24372.68853158745,TRENDING_BEAR,-0.0091673424467444,0.2,0.0001973454879892,0.2689414665704301,0.268943983706735,0.0001973454879892,0.0,NEUTRAL,0.4621145497228348,,,0.0,0.0,0.0,0.0,0.0,100.0,0.9978469664782932,0.0,0.0,39.11397198030598,27.2864431847,15.85357142857174,0.0,0.9978469664782932,-0.0142802618443965
NIFTY,2026-07-31 09:55:00,24366.7,1.0000000000000469,-11.930899050687344,24371.50650415723,TRENDING_BEAR,-0.0091673424467444,0.2,-6.90381179446605e-05,0.2689414555042566,0.2689433563825416,-6.90381179446605e-05,0.0,NEUTRAL,0.4621151881132018,,,0.0,0.0,0.0,0.0,0.0,100.0,0.9978469664782932,0.0,0.0,39.11397198030598,27.2864431847,15.85357142857174,0.0,0.9978469664782932,-0.0142802618443965
NIFTY,2026-07-31 09:55:00,24366.7,1.0000000000000469,-11.930899050687344,24372.57503706036,TRENDING_BEAR,-0.0091673424467444,0.2,0.0002144751792866,0.2689414636732705,0.2689438194711659,0.0002144751792866,0.0,NEUTRAL,0.4621147168555635,,,0.0,0.0,0.0,0.0,0.0,100.0,0.9978469664782932,0.0,0.0,39.11397198030598,27.2864431847,15.85357142857174,0.0,0.9978469664782932,-0.0142802618443965
NIFTY,2026-07-31 09:55:00,24366.7,1.0000000000000469,-11.930899050687344,24371.278606306703,TRENDING_BEAR,-0.0091673424467444,0.2,0.0001769951775389,0.2689414622491478,0.2689437387398375,0.0001769951775389,0.0,NEUTRAL,0.4621147990110147,,,0.0,0.0,0.0,0.0,0.0,100.0,0.9978469664782932,0.0,0.0,39.11397198030598,27.2864431847,15.85357142857174,0.0,0.9978469664782932,-0.0142802618443965
NIFTY,2026-07-31 09:55:00,24366.7,1.0000000000000469,-11.930899050687344,24372.27749421168,TRENDING_BEAR,-0.0091673424467444,0.2,0.0001988845048396,0.268941464363469,0.2689438585974588,0.0001988845048396,0.0,NEUTRAL,0.4621146770390721,,,0.0,0.0,0.0,0.0,0.0,100.0,0.9978469664782932,0.0,0.0,39.11397198030598,27.2864431847,15.85357142857174,0.0,0.9978469664782932,-0.0142802618443965
NIFTY,2026-07-31 09:55:00,24366.7,1.0000000000000469,-11.930899050687344,24372.228558278748,TRENDING_BEAR,-0.0091673424467444,0.2,0.0001217353654217,0.2689414623921353,0.2689437468455808,0.0001217353654217,0.0,NEUTRAL,0.4621147907622838,,,0.0,0.0,0.0,0.0,0.0,100.0,0.9978469664782932,0.0,0.0,39.11397198030598,27.2864431847,15.85357142857174,0.0,0.9978469664782932,-0.0142802618443965
NIFTY,2026-07-31 09:55:00,24366.7,1.0000000000000469,-11.930899050687344,24372.41582088817,TRENDING_BEAR,-0.0091673424467444,0.2,0.0002694376725599,0.2689414678462698,0.268944056032159,0.0002694376725599,0.0,NEUTRAL,0.4621144761215711,,,0.0,0.0,0.0,0.0,0.0,100.0,0.9978469664782932,0.0,0.0,39.11397198030598,27.2864431847,15.85357142857174,0.0,0.9978469664782932,-0.0142802618443965
NIFTY,2026-07-31 09:55:00,24366.7,1.0000000000000469,-11.930899050687344,24372.10183619799,TRENDING_BEAR,-0.0091673424467444,0.2,0.0001986287161226,0.2689414669497555,0.2689440052101165,0.0001986287161226,0.0,NEUTRAL,0.4621145278401279,,,0.0,0.0,0.0,0.0,0.0,100.0,0.9978469664782932,0.0,0.0,39.11397198030598,27.2864431847,15.85357142857174,0.0,0.9978469664782932,-0.0142802618443965
NIFTY,2026-07-31 09:55:00,24366.7,1.0000000000000469,-11.930899050687344,24372.163619139104,TRENDING_BEAR,-0.0091673424467444,0.2,0.0002542665814315,0.2689414640619521,0.2689438415049272,0.0002542665814315,0.0,NEUTRAL,0.4621146944331207,,,0.0,0.0,0.0,0.0,0.0,100.0,0.9978469664782932,0.0,0.0,39.11397198030598,27.2864431847,15.85357142857174,0.0,0.9978469664782932,-0.0142802618443965
NIFTY,2026-07-31 09:55:00,24366.7,1.0000000000000469,-11.930899050687344,24371.86685366116,TRENDING_BEAR,-0.0091673424467444,0.2,0.000238624619341,0.268941463072596,0.2689437854198452,0.000238624619341,0.0,NEUTRAL,0.4621147515075589,,,0.0,0.0,0.0,0.0,0.0,100.0,0.9978469664782932,0.0,0.0,39.11397198030598,27.2864431847,15.85357142857174,0.0,0.9978469664782932,-0.0142802618443965
NIFTY,2026-07-31 09:55:00,24366.7,1.0000000000000469,-11.930899050687344,24372.022437774704,TRENDING_BEAR,-0.0091673424467444,0.2,0.0002627005496288,0.2689414631273722,0.2689437885250271,0.0002627005496288,0.0,NEUTRAL,0.4621147483476007,,,0.0,0.0,0.0,0.0,0.0,100.0,0.9978469664782932,0.0,0.0,39.11397198030598,27.2864431847,15.85357142857174,0.0,0.9978469664782932,-0.0142802618443965
NIFTY,2026-07-31 09:55:00,24366.7,1.0000000000000469,-11.930899050687344,24371.74227822976,TRENDING_BEAR,-0.0091673424467444,0.2,0.0003094725804236,0.2689414642513979,0.2689438522443211,0.0003094725804236,0.0,NEUTRAL,0.462114683504281,,,0.0,0.0,0.0,0.0,0.0,100.0,0.9978469664782932,0.0,0.0,39.11397198030598,27.2864431847,15.85357142857174,0.0,0.9978469664782932,-0.0142802618443965
NIFTY,2026-07-31 09:59:00,24366.7,1.150597105956101,2.867869154466576,24367.958063004306,TRENDING_BEAR,-0.0087210936471819,0.2,8.450635770488087e-05,0.2689418048768551,0.2689418068585245,8.450635770488087e-05,3.1531019900128014e-05,NEUTRAL,0.4621163882646205,,,0.0,0.0,0.0,0.0,0.0,100.0,0.9983818604298224,0.0,0.0,24.943566591408896,47.42776707788455,6.296428571428415,0.0,0.9983818604298224,-0.0137210860848426
NIFTY,2026-07-31 09:59:00,24366.7,1.150597105956101,2.867869154466576,24367.79072279164,TRENDING_BEAR,-0.0087210936471819,0.2,0.0001326082834957,0.2689418311355271,0.2689418332528813,0.0001326082834957,5.412716362206789e-05,NEUTRAL,0.4621163356115915,,,0.0,0.0,0.0,0.0,0.0,100.0,0.9983818604298224,0.0,0.0,24.943566591408896,47.42776707788455,6.296428571428415,0.0,0.9983818604298224,-0.0137210860848426
NIFTY,2026-07-31 09:59:00,24366.7,1.150597105956101,2.867869154466576,24368.34407881806,TRENDING_BEAR,-0.0087210936471819,0.2,0.0001167601297817,0.2689418219782243,0.2689418240482605,0.0001167601297817,4.604289995136181e-05,NEUTRAL,0.4621163539735151,,,0.0,0.0,0.0,0.0,0.0,100.0,0.9983818604298224,0.0,0.0,24.943566591408896,47.42776707788455,6.296428571428415,0.0,0.9983818604298224,-0.0137210860848426
NIFTY,2026-07-31 09:45:00,24366.7,1.00000000761499,-19.6593863277661,24367.457137962418,TRENDING_BULL,-0.0087578343227505,0.25,-0.0010618537898917,0.2689415488634112,0.2690302821483588,-0.0010618537898917,0.0995760805783758,NEUTRAL,0.4620281689882299,,,0.0,0.0,0.0,0.0,0.0,100.0,0.9955803980305415,0.0,0.0,50.56861258528832,37.05901296264293,25.678571428571427,0.0,0.9955803980305415,-0.0149629052728414
NIFTY,2026-07-31 09:45:00,24366.7,1.00000000761499,-19.6593863277661,24365.727361077727,TRENDING_BULL,-0.0087578343227505,0.25,-0.0006569899573701,0.26894159728192,0.2690640338929591,-0.0006569899573701,0.0779568578949866,NEUTRAL,0.4619943688251209,,,0.0,0.0,0.0,0.0,0.0,100.0,0.9955803980305415,0.0,0.0,50.56861258528832,37.05901296264293,25.678571428571427,0.0,0.9955803980305415,-0.0149629052728414
NIFTY,2026-07-31 09:45:00,24366.7,1.00000000761499,-19.6593863277661,24365.57328182726,TRENDING_BULL,-0.0087578343227505,0.25,-0.0006823433342049,0.2689416225873706,0.2690816749685585,-0.0006823433342049,0.1159776272876074,NEUTRAL,0.4619767024440708,,,0.0,0.0,0.0,0.0,0.0,100.0,0.9955803980305415,0.0,0.0,50.56861258528832,37.05901296264293,25.678571428571427,0.0,0.9955803980305415,-0.0149629052728414
NIFTY,2026-07-31 09:45:00,24366.7,1.00000000761499,-19.6593863277661,24366.622489433383,TRENDING_BULL,-0.0087578343227505,0.25,-0.0010763323975595,0.2689415580399834,0.2690366787804312,-0.0010763323975595,0.1267053809576383,NEUTRAL,0.4620217631795854,,,0.0,0.0,0.0,0.0,0.0,100.0,0.9955803980305415,0.0,0.0,50.56861258528832,37.05901296264293,25.678571428571427,0.0,0.9955803980305415,-0.0149629052728414
NIFTY,2026-07-31 09:55:00,24366.7,1.0000000000000469,-11.930899050687344,24371.915041263288,TRENDING_BEAR,-0.0091673424467444,0.2,-0.0001004499432783,0.2689414549510765,0.2689433250236426,-0.0001004499432783,0.0010645933270645,NEUTRAL,0.4621152200252809,,,0.0,0.0,0.0,0.0,0.0,100.0,0.9978469664782932,0.0,0.0,39.11397198030598,27.2864431847,15.85357142857174,0.0,0.9978469664782932,-0.0142802618443965
BANKNIFTY,2026-07-31 09:59:00,57214.1,1.5136618612236463,-16.298086042613917,57224.007733959945,TRENDING_BEAR,-48.89425812784175,0.2,0.0005021874271074,0.2689417575620128,0.2689434344375651,0.0005021874271074,0.2258954915522922,NEUTRAL,0.4621148080004221,,,0.0,0.0,0.0,0.0,0.0,100.0,0.998042844329707,0.0,0.0,24.875896304464703,30.484159290294347,17.975000000000623,0.0,0.998042844329707,-97.7885162556835
FINNIFTY,2026-07-31T09:59:00,29054.55,1.000000000000001,3.868636414413571,29053.547129410235,TRANSITION,11.605909243240712,0.2,-4.7812608176737225e-05,7.456378834320625e-08,2.129058716497457e-08,-4.7812608176737225e-05,5.3273315305641074e-08,NEUTRAL,0.9999999041456245,,,-0.0008333333333333,0.1666666666666666,16.666666666666664,0.0,16.666666666666664,83.33333333333334,0.9993599614600448,0.0,0.0,40.638297872328366,16.10814958397962,8.199999999999429,0.0,0.9993599614600448,19.34318207206785
FINNIFTY,2026-07-31T09:55:00,26583.15,1.0000000000000469,-10.364010374482962,26584.20574313989,TRANSITION,-31.092031123448887,0.2,-0.0002205418503296,3.712433487774759e-09,1.514432986601789e-07,-0.0002205418503296,1.478664760058241e-07,NEUTRAL,0.9999998448442678,,,-0.0008333333333333,0.1666666666666666,16.666666666666664,0.0,16.666666666666664,83.33333333333334,0.998443430543728,0.0,0.0,49.42385549672615,8.430759860502548,20.63571428571387,0.0,0.998443430543728,-51.82005187241481
MIDCPNIFTY,2026-07-31 09:55:00,18090.25,1.0,0.411589532239077,18093.27073917982,TRANSITION,1.234768596717231,0.2,0.000412854433843,3.620968684757165e-08,2.88809323683764e-08,0.000412854433843,1.834977077211162e-08,NEUTRAL,0.9999999349093808,,,0.0008333333333333,0.1666666666666666,16.666666666666664,16.666666666666664,0.0,83.33333333333334,0.9946861196257664,0.0,0.0,39.525514771704735,25.04380987398031,14.6464285714293,0.0,0.9946861196257664,2.057947661195385
NIFTY,2026-07-31T09:45:00,24366.7,1.00000000761499,-19.6593863277661,24367.98773767933,TRENDING_BULL,-0.0087578343227505,0.25,-0.0008486188314139,0.2689415830017223,0.2690540791246158,-0.0008486188314139,0.101003809192466,NEUTRAL,0.4620043378736618,,,0.0,0.0,0.0,0.0,0.0,100.0,0.9955803980305415,0.0,0.0,50.56861258528832,37.05901296264293,25.678571428571427,0.0,0.9955803980305415,-0.0149629052728414
NIFTY,2026-07-31 09:55:00,24366.7,1.0000000000000469,-11.930899050687344,24371.87894411008,TRENDING_BEAR,-0.0091673424467444,0.2,-4.021440518917531e-06,0.2689414580175008,0.268943498854373,-4.021440518917531e-06,0.0,NEUTRAL,0.462115043128126,,,0.0,0.0,0.0,0.0,0.0,100.0,0.9978469664782932,0.0,0.0,39.11397198030598,27.2864431847,15.85357142857174,0.0,0.9978469664782932,-0.0142802618443965
NIFTY,2026-07-31 09:55:00,24366.7,1.0000000000000469,-11.930899050687344,24371.80718182024,TRENDING_BEAR,-0.0091673424467444,0.2,0.0002006972996648,0.2689414655400849,0.2689439252980249,0.0002006972996648,0.0,NEUTRAL,0.46211460916189,,,0.0,0.0,0.0,0.0,0.0,100.0,0.9978469664782932,0.0,0.0,39.11397198030598,27.2864431847,15.85357142857174,0.0,0.9978469664782932,-0.0142802618443965
NIFTY,2026-07-31 09:55:00,24366.7,1.0000000000000469,-11.930899050687344,24372.32304358083,TRENDING_BEAR,-0.0091673424467444,0.2,0.0001904067828895,0.2689414688769005,0.2689441144570743,0.0001904067828895,0.0,NEUTRAL,0.4621144166660252,,,0.0,0.0,0.0,0.0,0.0,100.0,0.9978469664782932,0.0,0.0,39.11397198030598,27.2864431847,15.85357142857174,0.0,0.9978469664782932,-0.0142802618443965
NIFTY,2026-07-31 09:55:00,24366.7,1.0000000000000469,-11.930899050687344,24372.57889380143,TRENDING_BEAR,-0.0091673424467444,0.2,0.0002839352257016,0.2689414657407329,0.2689439366724531,0.0002839352257016,0.0,NEUTRAL,0.4621145975868139,,,0.0,0.0,0.0,0.0,0.0,100.0,0.9978469664782932,0.0,0.0,39.11397198030598,27.2864431847,15.85357142857174,0.0,0.9978469664782932,-0.0142802618443965
NIFTY,2026-07-31 09:55:00,24366.7,1.0000000000000469,-11.930899050687344,24372.145453825466,TRENDING_BEAR,-0.0091673424467444,0.2,-0.0001013641422776,0.2689414558030903,0.2689433733229511,-0.0001013641422776,0.002911789006944,NEUTRAL,0.4621151708739585,,,0.0,0.0,0.0,0.0,0.0,100.0,0.9978469664782932,0.0,0.0,39.11397198030598,27.2864431847,15.85357142857174,0.0,0.9978469664782932,-0.0142802618443965
NIFTY,2026-07-31 09:55:00,24366.7,1.0000000000000469,-11.930899050687344,24372.35936507161,TRENDING_BEAR,-0.0091673424467444,0.2,0.0003626102371868,0.2689414665498433,0.2689439825396996,0.0003626102371868,0.0,NEUTRAL,0.462114550910457,,,0.0,0.0,0.0,0.0,0.0,100.0,0.9978469664782932,0.0,0.0,39.11397198030598,27.2864431847,15.85357142857174,0.0,0.9978469664782932,-0.0142802618443965
NIFTY,2026-07-31 09:59:00,24366.7,1.150597105956101,2.867869154466576,24367.83692242723,TRENDING_BEAR,-0.0087210936471819,0.2,6.911156707121718e-05,0.2689417978034437,0.2689417997485631,6.911156707121718e-05,2.537277414981679e-05,NEUTRAL,0.4621164024479931,,,0.0,0.0,0.0,0.0,0.0,100.0,0.9983818604298224,0.0,0.0,24.943566591408896,47.42776707788455,6.296428571428415,0.0,0.9983818604298224,-0.0137210860848426
NIFTY,2026-07-31 09:55:00,24366.7,1.0000000000000469,-11.930899050687344,24372.0803423404,TRENDING_BEAR,-0.0091673424467444,0.2,0.0001830486186368,0.2689414658692359,0.2689439439570924,0.0001830486186368,0.0,NEUTRAL,0.4621145901736716,,,0.0,0.0,0.0,0.0,0.0,100.0,0.9978469664782932,0.0,0.0,39.11397198030598,27.2864431847,15.85357142857174,0.0,0.9978469664782932,-0.0142802618443965
NIFTY,2026-07-31 09:59:00,24366.7,1.150597105956101,2.867869154466576,24367.825442875324,TRENDING_BEAR,-0.0087210936471819,0.2,7.048573419081956e-05,0.2689417983977337,0.2689418003459239,7.048573419081956e-05,2.590505914428437e-05,NEUTRAL,0.4621164012563422,,,0.0,0.0,0.0,0.0,0.0,100.0,0.9983818604298224,0.0,0.0,24.943566591408896,47.42776707788455,6.296428571428415,0.0,0.9983818604298224,-0.0137210860848426
NIFTY,2026-07-31T09:59:00,24366.7,1.150597105956101,2.867869154466576,24368.02878904545,TRENDING_BEAR,-0.0087210936471819,0.2,8.706097580143629e-05,0.2689418061310686,0.2689418081192188,8.706097580143629e-05,3.25967258702254e-05,NEUTRAL,0.4621163857497125,,,0.0,0.0,0.0,0.0,0.0,100.0,0.9983818604298224,0.0,0.0,24.943566591408896,47.42776707788455,6.296428571428415,0.0,0.9983818604298224,-0.0137210860848426
BANKNIFTY,2026-07-31T09:55:00,57214.1,1.0000000000000469,-37.6642058206711,57232.58675936448,TRENDING_BULL,-112.9926174620133,0.25,0.0002562923228706,0.2689424521697954,0.2690057578939497,0.0002562923228706,0.0,NEUTRAL,0.4620517899362549,,,0.0,0.0,0.0,0.0,0.0,100.0,0.9955444404110356,0.0,0.0,38.98628710293069,22.40317301207975,38.1464285714293,0.0,0.9955444404110356,-225.9852349240266
NIFTY,2026-08-06 09:45:00,24636.0,1.0,10.488333968248256,24633.472463417336,TRENDING_BULL,-0.0102535039186477,0.25,0.0008331245614857,0.270710710468004,0.268969231885268,0.0008331245614857,0.0881131315911511,NEUTRAL,0.4603200576467279,,,0.0,0.0,0.0,0.0,0.0,100.0,0.9981623538097694,0.0,0.0,40.260798696001686,35.5464583594677,26.18928571428582,0.0,0.9981623538097694,-0.0059863150119781
BANKNIFTY,2026-08-06T09:45:00,58063.65,1.0,61.311647391477536,58028.19179768165,TRENDING_BULL,183.9349421744326,0.25,0.0023911222242789,0.2875625062938383,0.268978972683397,0.0023911222242789,0.1831381933776834,NEUTRAL,0.4434585210227647,,,0.0008333333333333,0.1666666666666666,16.666666666666664,16.666666666666664,0.0,83.33333333333334,1.0004909209763644,0.0,0.0,71.71112320812502,36.84007220514074,64.83214285714348,0.0,1.0004909209763644,306.5582369573877
NIFTY,2026-08-06 09:55:00,24636.0,1.0,9.083015830877295,24631.44963463753,TRENDING_BEAR,-0.0106921959668397,0.2,-0.0002619775668808,0.268942339674087,0.2689415364682549,-0.0002619775668808,0.0,NEUTRAL,0.462116123857658,,,0.0008333333333333,0.1666666666666666,16.666666666666664,16.666666666666664,0.0,83.33333333333334,1.0017423654743578,0.0,0.0,36.302395209573625,36.23887088630688,13.221428571428207,0.0,1.0017423654743578,-0.0060953864827752
NIFTY,2026-08-06 09:55:00,24636.0,1.0,9.083015830877295,24631.684867518303,TRENDING_BEAR,-0.0106921959668397,0.2,8.426594105475943e-05,0.2689421464140839,0.2689415135796049,8.426594105475943e-05,0.0188052981652577,NEUTRAL,0.4621163400063111,,,0.0,0.0,0.0,0.0,0.0,100.0,1.0017423654743578,0.0,0.0,36.302395209573625,36.23887088630688,13.221428571428207,0.0,1.0017423654743578,-0.0060953864827752
NIFTY,2026-08-06 09:55:00,24636.0,1.0,9.083015830877295,24632.10690558415,TRENDING_BEAR,-0.0106921959668397,0.2,0.0002317604001662,0.2689421179322487,0.2689415099573465,0.0002317604001662,0.0653555597763424,NEUTRAL,0.4621163721104047,,,0.0,0.0,0.0,0.0,0.0,100.0,1.0017423654743578,0.0,0.0,36.302395209573625,36.23887088630688,13.221428571428207,0.0,1.0017423654743578,-0.0060953864827752
NIFTY,2026-08-06 09:55:00,24636.0,1.0,9.083015830877295,24631.95960552337,TRENDING_BEAR,-0.0106921959668397,0.2,-2.872421833607467e-06,0.2689421652925847,0.2689415159805318,-2.872421833607467e-06,0.0,NEUTRAL,0.4621163187268834,,,0.0,0.0,0.0,0.0,0.0,100.0,1.0017423654743578,0.0,0.0,36.302395209573625,36.23887088630688,13.221428571428207,0.0,1.0017423654743578,-0.0060953864827752
NIFTY,2026-08-06 09:59:00,24636.0,1.1505971059618008,1.0362994407505273,24634.711448609705,TRENDING_BEAR,-0.0107284989207983,0.2,-6.99937695162666e-05,0.2689417792822339,0.2689418220666286,-6.99937695162666e-05,0.0,NEUTRAL,0.4621163986511374,,,0.0,0.0,0.0,0.0,0.0,100.0,1.000980593187821,0.0,0.0,99.99999999982607,45.32418949674491,0.574999999999948,0.0,1.000980593187821,-0.0080014636740088
NIFTY,2026-08-06 09:59:00,24636.0,1.1505971059618008,1.0362994407505273,24634.750315021687,TRENDING_BEAR,-0.0107284989207983,0.2,-5.865723187224075e-05,0.2689417749551041,0.2689418172222388,-5.865723187224075e-05,0.0,NEUTRAL,0.4621164078226571,,,0.0,0.0,0.0,0.0,0.0,100.0,1.000980593187821,0.0,0.0,99.99999999982607,45.32418949674491,0.574999999999948,0.0,1.000980593187821,-0.0080014636740088
FINNIFTY,2026-08-06T09:59:00,58063.65,1.150597105956101,7.170430270257313,58053.11095022555,TRANSITION,21.51129081077194,0.2,-0.0005024973537866,1.245699851458711e-07,3.8986459211956376e-08,-0.0005024973537866,9.873566870935017e-08,NEUTRAL,0.9999998364435556,,,-0.0008333333333333,0.1666666666666666,16.666666666666664,0.0,16.666666666666664,83.33333333333334,1.0028806396364638,0.0,0.0,99.99999999997486,45.13387534561331,3.978571428571741,0.0,1.0028806396364638,35.852151351286565
BANKNIFTY,2026-08-06T09:59:00,58063.65,1.150597105956101,7.170430270257313,58053.91968001644,TRENDING_BULL,21.51129081077194,0.25,-4.66150676128629e-05,0.2689555023950445,0.2689474495512951,-4.66150676128629e-05,0.0015972978376316,NEUTRAL,0.4620970480536603,,,0.0008333333333333,0.1666666666666666,16.666666666666664,16.666666666666664,0.0,83.33333333333334,1.0028806396364638,0.0,0.0,99.99999999997486,45.13387534561331,3.978571428571741,0.0,1.0028806396364638,35.852151351286565
BANKNIFTY,2026-08-06 09:55:00,58063.65,1.5,64.6479752803568,58034.334699323386,TRENDING_BULL,193.9439258410704,0.25,0.0002317601071056,0.2694407878278074,0.2689436205961594,0.0002317601071056,0.0804175148169548,NEUTRAL,0.4616155915760332,,,0.0,0.0,0.0,0.0,0.0,100.0,1.0031187853804997,0.0,0.0,51.42948923867328,28.43925336572966,39.58928571428675,0.0,1.0031187853804997,323.23987640178404
FINNIFTY,2026-08-06 09:55:00,58063.65,1.5,64.6479752803568,58033.47726756237,TRANSITION,193.9439258410704,0.2,2.766481178587181e-05,1.089747368483771e-05,1.9640371153288037e-09,2.766481178587181e-05,1.0894766649234128e-05,NEUTRAL,0.999989100562278,,,0.0,0.0,0.0,0.0,0.0,100.0,1.0031187853804997,0.0,0.0,51.42948923867328,28.43925336572966,39.58928571428675,0.0,1.0031187853804997,323.23987640178404
MIDCPNIFTY,2026-08-06 09:59:00,18125.25,1.150597113571105,1.0427387407342137,18125.032075027822,TRANSITION,3.1282162222026404,0.2,1.0132784250202664e-05,5.0572601742846486e-08,2.89981623008146e-08,1.0132784250202664e-05,2.1574483209516525e-08,NEUTRAL,0.999999920429236,,,0.0008333333333333,0.1666666666666666,16.666666666666664,16.666666666666664,0.0,83.33333333333334,1.0013412705640783,0.0,0.0,99.99999999982715,53.55992794656868,0.5785714285713246,0.0,1.0013412705640783,5.213693703671067
MIDCPNIFTY,2026-08-06T09:55:00,14812.6,1.00000000761499,5.239329621559175,14813.412370769976,TRANSITION,15.717988864677526,0.2,0.0004123198816964,1.432394335722975e-07,5.049117937371377e-09,0.0004123198816964,1.3979067893762466e-07,NEUTRAL,0.9999998517114486,,,-0.0008333333333333,0.1666666666666666,16.666666666666664,0.0,16.666666666666664,83.33333333333334,0.9969853313100658,0.0,0.0,14.798534798532302,70.76626898870892,9.64642857142878,0.0,0.9969853313100658,26.19664810779588
MIDCPNIFTY,2026-08-06T09:59:00,18125.25,1.150597113571105,1.0427387407342137,18124.9362785386,TRANSITION,3.1282162222026404,0.2,0.0004144660240596,7.803329613689288e-08,4.520632842181173e-08,0.0004144660240596,3.2825386153031644e-08,NEUTRAL,0.9999998767603754,,,0.0,0.0,0.0,0.0,0.0,100.0,1.0013412705640783,0.0,0.0,99.99999999982715,53.55992794656868,0.5785714285713246,0.0,1.0013412705640783,5.213693703671067
FINNIFTY,2026-08-06T09:55:00,58063.65,1.5,64.6479752803568,58033.98460436677,TRANSITION,193.9439258410704,0.2,7.761347178232718e-05,1.199744606266509e-05,2.1622836666276902e-09,7.761347178232718e-05,1.199534464814313e-05,NEUTRAL,0.9999880003916536,,,0.0,0.0,0.0,0.0,0.0,100.0,1.0031187853804997,0.0,0.0,51.42948923867328,28.43925336572966,39.58928571428675,0.0,1.0031187853804997,323.23987640178404
BANKNIFTY,2026-08-06 09:55:00,58063.65,1.5,64.6479752803568,58033.10168635807,TRENDING_BULL,193.9439258410704,0.25,-0.0002811229106208,0.2696589781619153,0.2689445807092416,-0.0002811229106208,0.0,NEUTRAL,0.461396441128843,,,0.0,0.0,0.0,0.0,0.0,100.0,1.0031187853804997,0.0,0.0,51.42948923867328,28.43925336572966,39.58928571428675,0.0,1.0031187853804997,323.23987640178404
NIFTY,2026-08-06 09:55:00,24636.0,1.0,9.083015830877295,24631.58995195657,TRENDING_BEAR,-0.0106921959668397,0.2,-0.0002115175450014,0.2689421943897953,0.268941519681052,-0.0002115175450014,0.0,NEUTRAL,0.4621162859291526,,,0.0,0.0,0.0,0.0,0.0,100.0,1.0017423654743578,0.0,0.0,36.302395209573625,36.23887088630688,13.221428571428207,0.0,1.0017423654743578,-0.0060953864827752
SENSEX,2026-08-05 18:30:00,12.16,1.0,0.0410655960324102,12.143920599959491,HIGH_VOLATILITY,0.1231967880972308,0.2,0.0511874999573722,0.9981773752415226,0.0001999587749966,0.0511874999573722,0.25,STRONG_BUY,0.9981773752415226,,,-0.0008333333333333,0.1666666666666666,16.666666666666664,0.0,16.666666666666664,83.33333333333334,1.0,0.0,0.0,40.499040306992896,20.0,1.2228571428571429,0.0,1.0,0.2053279801620514
SENSEX,2026-08-06T09:55:00,78954.76,1.5012393760883331,-441.755306439429,78939.74650580312,TRANSITION,-1325.265919318287,0.2,-0.0001716855404102,0.0356996354377467,0.0153938843503886,-0.0001716855404102,0.0184734900286754,NEUTRAL,0.9489064802118644,,,0.0008333333333333,0.1666666666666666,16.666666666666664,16.666666666666664,0.0,83.33333333333334,1.008571721435629,0.0,0.0,52.531018983544726,37.748864006362666,164.02214285714166,0.0,1.008571721435629,-2208.7765321971447
NIFTY,2026-08-06 09:59:00,24636.0,1.1505971059618008,1.0362994407505273,24634.980164314053,TRENDING_BEAR,-0.0107284989207983,0.2,-5.680543487509056e-05,0.2689417743039302,0.2689418164932244,-5.680543487509056e-05,0.0,NEUTRAL,0.4621164092028454,,,0.0,0.0,0.0,0.0,0.0,100.0,1.000980593187821,0.0,0.0,99.99999999982607,45.32418949674491,0.574999999999948,0.0,1.000980593187821,-0.0080014636740088
BANKNIFTY,2026-08-06 09:55:00,58063.65,1.5,64.6479752803568,58033.38298629377,TRENDING_BULL,193.9439258410704,0.25,-4.445893353187935e-05,0.2694738116635198,0.2689437659438425,-4.445893353187935e-05,0.0,NEUTRAL,0.4615824223926377,,,0.0,0.0,0.0,0.0,0.0,100.0,1.0031187853804997,0.0,0.0,51.42948923867328,28.43925336572966,39.58928571428675,0.0,1.0031187853804997,323.23987640178404
FINNIFTY,2026-08-06 09:45:00,58063.65,1.0,61.311647391477536,58033.615494238256,TRANSITION,183.9349421744326,0.2,0.0028967130942406,0.1497080978483234,3.252760488433994e-05,0.0028967130942406,0.1496988751924635,NEUTRAL,0.8502593745467921,,,0.0,0.0,0.0,0.0,0.0,100.0,1.0004909209763644,0.0,0.0,71.71112320812502,36.84007220514074,64.83214285714348,0.0,1.0004909209763644,306.5582369573877
BANKNIFTY,2026-08-06T09:55:00,58063.65,1.5,64.6479752803568,58033.02988912264,TRENDING_BULL,193.9439258410704,0.25,-0.0001230663094391,0.2695366745993331,0.2689440425913178,-0.0001230663094391,0.0,NEUTRAL,0.4615192828093491,,,0.0,0.0,0.0,0.0,0.0,100.0,1.0031187853804997,0.0,0.0,51.42948923867328,28.43925336572966,39.58928571428675,0.0,1.0031187853804997,323.23987640178404
SENSEX,2026-08-05T18:30:00,12.16,1.0,0.0410655960324102,12.147634365418488,HIGH_VOLATILITY,0.1231967880972308,0.2,0.0553456215887776,0.9988369521531056,0.0001216770861079,0.0553456215887776,0.25,STRONG_BUY,0.9988369521531056,,,0.0,0.0,0.0,0.0,0.0,100.0,1.0,0.0,0.0,40.499040306992896,20.0,1.2228571428571429,0.0,1.0,0.2053279801620514
NIFTY,2026-08-06 09:55:00,24636.0,1.0,9.083015830877295,24631.18256471261,TRENDING_BEAR,-0.0106921959668397,0.2,0.0001344738641715,0.2689421634092758,0.2689415157410166,0.0001344738641715,0.0313942375525618,NEUTRAL,0.4621163208497074,,,0.0,0.0,0.0,0.0,0.0,100.0,1.0017423654743578,0.0,0.0,36.302395209573625,36.23887088630688,13.221428571428207,0.0,1.0017423654743578,-0.0060953864827752
NIFTY,2026-08-06 09:55:00,24636.0,1.0,9.083015830877295,24631.4505439739,TRENDING_BEAR,-0.0106921959668397,0.2,-0.0001113984694971,0.2689422192845084,0.2689415228471074,-0.0001113984694971,0.0,NEUTRAL,0.4621162578683841,,,0.0,0.0,0.0,0.0,0.0,100.0,1.0017423654743578,0.0,0.0,36.302395209573625,36.23887088630688,13.221428571428207,0.0,1.0017423654743578,-0.0060953864827752
NIFTY,2026-08-06 09:55:00,24636.0,1.0,9.083015830877295,24632.18670019957,TRENDING_BEAR,-0.0106921959668397,0.2,-0.0002274169200829,0.2689423166899639,0.2689415352349198,-0.0002274169200829,0.0,NEUTRAL,0.4621161480751163,,,0.0,0.0,0.0,0.0,0.0,100.0,1.0017423654743578,0.0,0.0,36.302395209573625,36.23887088630688,13.221428571428207,0.0,1.0017423654743578,-0.0060953864827752
NIFTY,2026-08-06 09:59:00,24636.0,1.1505971059618008,1.0362994407505273,24634.70799622559,TRENDING_BEAR,-0.0107284989207983,0.2,-4.851372949944967e-05,0.2689417711343017,0.2689418129447021,-4.851372949944967e-05,0.0005672479932922,NEUTRAL,0.4621164159209961,,,0.0,0.0,0.0,0.0,0.0,100.0,1.000980593187821,0.0,0.0,99.99999999982607,45.32418949674491,0.574999999999948,0.0,1.000980593187821,-0.0080014636740088
NIFTY,2026-08-06 09:59:00,24636.0,1.1505971059618008,1.0362994407505273,24634.571751854983,TRENDING_BEAR,-0.0107284989207983,0.2,-8.103628935390176e-05,0.2689417836393433,0.2689418220029463,-8.103628935390176e-05,0.0,NEUTRAL,0.4621163943577104,,,0.0008333333333333,0.1666666666666666,16.666666666666664,16.666666666666664,0.0,83.33333333333334,1.000980593187821,0.0,0.0,99.99999999982607,45.32418949674491,0.574999999999948,0.0,1.000980593187821,-0.0080014636740088
NIFTY,2026-08-06 09:30:00,24636.0,1.0,-2.6639420480113145,24631.29895720441,TRENDING_BULL,-0.0108255883678793,0.25,-0.0006552116844427,0.2690433742164728,0.271861758213266,-0.0006552116844427,0.0721949967190775,NEUTRAL,0.4590948675702611,,,0.0,0.0,0.0,0.0,0.0,100.0,1.0008465612762163,0.0,0.0,71.83593749999625,36.169235647724,42.96428571428597,0.0,1.0008465612762163,-0.005817905254662
NIFTY,2026-08-06 09:45:00,24636.0,1.0,2.8657278948145155,24624.00301922306,TRENDING_BULL,-0.0118798110634088,0.25,-3.047880487204381e-05,0.2721057655606963,0.2717852479979729,-3.047880487204381e-05,0.0166514886492372,NEUTRAL,0.4561089864413308,,,0.0,0.0,0.0,0.0,0.0,100.0,0.9979981705672256,0.0,0.0,52.9119514214717,24.60870729015828,58.91785714285652,0.0,0.9979981705672256,-0.0119993638247251
NIFTY,2026-08-06 00:00:00,26334.85,1.5,-230.48810948067216,26322.2261544419,TRANSITION,-0.0105646606534719,0.2,-0.0411265843910519,0.2694722930197417,0.3760578244338591,-0.0411265843910519,0.25,NEUTRAL,0.3544698825463991,,,0.0008333333333333,0.1666666666666666,16.666666666666664,16.666666666666664,0.0,83.33333333333334,1.0,0.0,0.0,,,,,1.0,-0.0047746399417519
NIFTY,2026-08-06 04:00:00,7733.75,1.5,,,TRANSITION,-0.0066139786504209,0.2,-0.0013991500777452,0.2979997046686871,0.3073664392015943,-0.0013991500777452,0.0408600576733828,NEUTRAL,0.3946338561297186,,,-0.0008333333333333,0.1666666666666666,16.666666666666664,0.0,16.666666666666664,83.33333333333334,1.0,0.0,0.0,,,,,1.0,-0.0016583070158958
NIFTY,2026-08-06 09:59:00,24636.0,1.1505971059618008,1.0362994407505273,24634.691304560227,TRENDING_BEAR,-0.0107284989207983,0.2,-0.0003352436662125,0.2689419254043642,0.2689419911792872,-0.0003352436662125,0.0,NEUTRAL,0.4621160834163487,,,-0.0008333333333333,0.1666666666666666,16.666666666666664,0.0,16.666666666666664,83.33333333333334,1.000980593187821,0.0,0.0,99.99999999982607,45.32418949674491,0.574999999999948,0.0,1.000980593187821,-0.0080014636740088
NIFTY,2026-08-06 04:00:00,26335.63,1.5,-229.59733905914527,26299.756464956823,TRANSITION,-0.0105646606534719,0.2,-0.0413501492656856,0.2694175132060382,0.3763015328407958,-0.0413501492656856,0.25,NEUTRAL,0.354280953953166,,,0.0008333333333333,0.1666666666666666,16.666666666666664,16.666666666666664,0.0,83.33333333333334,1.0,0.0,0.0,,,,,1.0,-0.0047746399417519
NIFTY,2026-08-06 09:55:00,24636.0,1.0,9.083015830877295,24631.3384783566,TRENDING_BEAR,-0.0106921959668397,0.2,-0.0002618491233932,0.2689423261742834,0.2689415364411146,-0.0002618491233932,0.0,NEUTRAL,0.462116137384602,,,0.0,0.0,0.0,0.0,0.0,100.0,1.0017423654743578,0.0,0.0,36.302395209573625,36.23887088630688,13.221428571428207,0.0,1.0017423654743578,-0.0060953864827752
BANKNIFTY,2026-08-05 23:00:00,10867.89,1.0,-25.03687480423261,10874.92704515728,TRANSITION,-75.11062441269783,0.2,-0.0045446898043707,0.2690578545898481,0.3123889904278125,-0.0045446898043707,0.1615749393252658,NEUTRAL,0.4185531549823394,,,-0.0008333333333333,0.1666666666666666,16.666666666666664,0.0,16.666666666666664,83.33333333333334,1.0,0.0,0.0,,,,,1.0,-125.18437402116304
NIFTY,2026-08-06T09:55:00,24636.0,1.0,9.083015830877295,24631.67535013032,TRENDING_BEAR,-0.0106921959668397,0.2,4.364076610729067e-05,0.2689421614946701,0.2689415154975212,4.364076610729067e-05,0.010698720970271,NEUTRAL,0.4621163230078086,,,0.0,0.0,0.0,0.0,0.0,100.0,1.0017423654743578,0.0,0.0,36.302395209573625,36.23887088630688,13.221428571428207,0.0,1.0017423654743578,-0.0060953864827752
NIFTY,2026-08-07 09:45:00,24570.65,1.0,14.275203496007483,24562.71926906877,TRENDING_BEAR,-0.0089000379666686,0.2,0.0005045512983177,0.2689424154148608,0.2690251834007646,0.0005045512983177,0.0,NEUTRAL,0.4620324011843745,,,0.0,0.0,0.0,0.0,0.0,100.0,1.0053573940395937,0.0,0.0,52.70345596432155,31.05812457804124,26.83571428571434,0.0,1.0053573940395937,-0.0048129128292202
BANKNIFTY,2026-08-07 09:45:00,57746.45,1.0,-20.92885271472484,57764.74186185143,TRENDING_BEAR,-62.78655814417452,0.2,-0.0005190174604752,0.2691771625257082,0.2689419458252426,-0.0005190174604752,0.0,NEUTRAL,0.4618808916490491,,,0.0016666666666666,0.3333333333333333,33.33333333333333,33.33333333333333,0.0,66.66666666666667,0.9962874883254348,0.0,0.0,48.17922973175358,35.75261704715643,101.91428571428592,0.0,0.9962874883254348,-125.57311628834904
NIFTY,2026-08-07 09:55:00,24570.65,1.0,15.480317682802752,24565.238620412674,TRENDING_BEAR,-0.0094581227749586,0.2,-0.0002436872408373,0.2689439659736721,0.2689414872736787,-0.0002436872408373,0.0,NEUTRAL,0.4621145467526492,,,0.0,0.0,0.0,0.0,0.0,100.0,1.002505076343729,0.0,0.0,64.31846602750477,15.686829124884142,14.060714285714182,0.0,1.002505076343729,-0.0060228992253541
NIFTY,2026-08-07 09:59:00,24570.65,1.5,15.586688733517638,24563.85114816216,TRENDING_BEAR,-0.010177444666624,0.2,-0.0005016576254153,0.2689473371468522,0.268941566426925,-0.0005016576254153,0.2332646100927275,NEUTRAL,0.4621110964262227,,,0.0,0.0,0.0,0.0,0.0,100.0,1.001667548967708,0.0,0.0,99.99999999989744,41.07214634211077,0.975000000000104,0.0,1.001667548967708,-0.0052657635882496
NIFTY,2026-08-07 09:59:00,24570.65,1.5,15.586688733517638,24563.13122811052,TRENDING_BEAR,-0.010177444666624,0.2,-0.0001981840470023,0.2689455497528077,0.2689415225996016,-0.0001981840470023,0.0008333928617433,NEUTRAL,0.4621129276475906,,,0.0,0.0,0.0,0.0,0.0,100.0,1.001667548967708,0.0,0.0,99.99999999989744,41.07214634211077,0.975000000000104,0.0,1.001667548967708,-0.0052657635882496
BANKNIFTY,2026-08-07 09:55:00,57746.45,1.0,-62.802194635367314,57771.80597807238,TRENDING_BULL,-188.406583906102,0.25,-0.0004534076256459,0.2689425245491538,0.26921806016451,-0.0004534076256459,0.038791257600186,NEUTRAL,0.4618394152863361,,,0.0,0.0,0.0,0.0,0.0,100.0,0.9977392282401798,0.0,0.0,40.07174265216235,16.39240314422387,52.94642857142857,0.0,0.9977392282401798,-314.01097317683656
NIFTY,2026-08-07 09:59:00,24570.65,1.5,15.586688733517638,24563.829044441794,TRENDING_BEAR,-0.010177444666624,0.2,-0.0005016576254153,0.2689473371468522,0.268941566426925,-0.0005016576254153,0.2332646100927275,NEUTRAL,0.4621110964262227,,,0.0,0.0,0.0,0.0,0.0,100.0,1.001667548967708,0.0,0.0,99.99999999989744,41.07214634211077,0.975000000000104,0.0,1.001667548967708,-0.0052657635882496
NIFTY,2026-08-07 09:59:00,24570.65,1.5,15.586688733517638,24563.89507422209,TRENDING_BEAR,-0.010177444666624,0.2,-0.000489055983889,0.2689472629074335,0.2689415646065605,-0.000489055983889,0.0260902477695673,NEUTRAL,0.4621111724860059,,,0.0,0.0,0.0,0.0,0.0,100.0,1.001667548967708,0.0,0.0,99.99999999989744,41.07214634211077,0.975000000000104,0.0,1.001667548967708,-0.0052657635882496
NIFTY,2026-08-07 09:45:00,24570.65,1.0,14.275203496007483,24561.56725481202,TRENDING_BEAR,-0.0089000379666686,0.2,0.0003901925810394,0.2689425071165984,0.2689414566953839,0.0003901925810394,0.0363658493077554,NEUTRAL,0.4621160361880176,,,0.0,0.0,0.0,0.0,0.0,100.0,1.0053573940395937,0.0,0.0,52.70345596432155,31.05812457804124,26.83571428571434,0.0,1.0053573940395937,-0.0048129128292202
NIFTY,2026-08-07 04:00:00,29796.0,1.5,287.9010335913679,29666.51652716633,TRANSITION,-0.0067289685830473,0.2,-0.0045267910837542,0.2892896222461008,0.3196659696104119,-0.0045267910837542,0.1335447846087646,NEUTRAL,0.3910444081434873,,,0.0008333333333333,0.1666666666666666,16.666666666666664,16.666666666666664,0.0,83.33333333333334,1.0,0.0,0.0,,,,,1.0,-0.0062998859211802
NIFTY,2026-08-07 09:30:00,24570.65,1.0,39.1126741373326,24556.07492283961,TRENDING_BEAR,-0.0086748301982879,0.2,0.0009192951380149,0.2689869868936401,0.2689415479815865,0.0009192951380149,0.0613463972574091,NEUTRAL,0.4620714651247734,,,0.0,0.0,0.0,0.0,0.0,100.0,1.0019609360364252,0.0,0.0,37.99807507218302,60.37700792295402,41.55714285714281,0.0,1.0019609360364252,-0.0049928806722164
NIFTY,2026-08-07 15:15:00,24570.65,1.0,14.275203496007483,24563.60441992233,TRENDING_BEAR,-0.0089000379666686,0.2,0.000550597779133,0.2689424364771803,0.2691677148668017,0.000550597779133,0.0,NEUTRAL,0.461889848656018,,,0.0,0.0,0.0,0.0,0.0,100.0,1.0053573940395937,0.0,0.0,52.70345596432155,31.05812457804124,26.83571428571434,0.0,1.0053573940395937,-0.0048129128292202
NIFTY,2026-08-07 00:00:00,24570.65,1.0,-64.43976383635199,24571.510516467715,TRENDING_BULL,-0.0016896519809961,0.25,-0.0112782073488395,0.2690915300413612,0.3762021003324811,-0.0112782073488395,0.200186073027556,NEUTRAL,0.3547063696261576,,,0.0,0.0,0.0,0.0,0.0,100.0,1.0230134188552966,0.0,0.0,59.51746468380141,23.302688533926464,201.6071428571426,0.0,1.0230134188552966,0.0008746356703341
BANKNIFTY,2026-08-07 00:00:00,57746.45,1.0,-271.93316189543214,57779.88520673757,TRENDING_BEAR,-815.7994856862964,0.2,-0.0215094807223628,0.2694803696691786,0.3764070749743507,-0.0215094807223628,0.2480609742525527,NEUTRAL,0.3541125553564706,,,0.0,0.0,0.0,0.0,0.0,100.0,1.025230136811674,0.0,0.0,47.98950960438231,11.723854918709986,592.4285714285714,0.0,1.025230136811674,-1631.5989713725926
NIFTY,2026-08-07 00:00:00,24570.65,1.0,-64.43976383635567,24571.314303590527,TRENDING_BULL,-0.0016896519809961,0.25,-0.0114560120025677,0.2690813317627177,0.375901900777545,-0.0114560120025677,0.2199111148849937,NEUTRAL,0.3550167674597372,,,0.0,0.0,0.0,0.0,0.0,100.0,1.0230134188552966,0.0,0.0,59.51746468380141,23.302688533926464,201.6071428571426,0.0,1.0230134188552966,0.0008746356703341
NIFTY,2026-08-07 09:59:00,24570.65,1.5,15.586688733517638,24563.497542868565,TRENDING_BEAR,-0.010177444666624,0.2,-0.0005016576254153,0.2689473371468522,0.268941566426925,-0.0005016576254153,0.2332646100927275,NEUTRAL,0.4621110964262227,,,0.0,0.0,0.0,0.0,0.0,100.0,1.001667548967708,0.0,0.0,99.99999999989744,41.07214634211077,0.975000000000104,0.0,1.001667548967708,-0.0052657635882496
BANKNIFTY,2026-08-07 09:45:00,57746.45,1.0,-20.92885271472484,57761.36653825094,TRENDING_BEAR,-62.78655814417452,0.2,-0.0003475954906745,0.2689702080656674,0.2689420011369977,-0.0003475954906745,0.0,NEUTRAL,0.4620877907973348,,,0.0,0.0,0.0,0.0,0.0,100.0,0.9962874883254348,0.0,0.0,48.17922973175358,35.75261704715643,101.91428571428592,0.0,0.9962874883254348,-125.57311628834904
BANKNIFTY,2026-08-07 09:55:00,57746.45,1.0,-62.802194635367314,57773.61799275836,TRENDING_BULL,-188.406583906102,0.25,0.0001975178243786,0.2689431743965858,0.2693811029554407,0.0001975178243786,0.0,NEUTRAL,0.4616757226479735,,,0.0,0.0,0.0,0.0,0.0,100.0,0.9977392282401798,0.0,0.0,40.07174265216235,16.39240314422387,52.94642857142857,0.0,0.9977392282401798,-376.8131678122039
BANKNIFTY,2026-08-07 00:00:00,57746.45,1.0,-271.93316189543214,57787.94597374913,TRENDING_BEAR,-815.7994856862964,0.2,-0.0213923311067749,0.2694706857730147,0.3764543695626111,-0.0213923311067749,0.2447414547516063,NEUTRAL,0.3540749446643742,,,0.0,0.0,0.0,0.0,0.0,100.0,1.025230136811674,0.0,0.0,47.98950960438231,11.723854918709986,592.4285714285714,0.0,1.025230136811674,-1631.5989713725926
BANKNIFTY,2026-08-07 09:55:00,57746.45,1.0,-62.802194635367314,57773.68283095059,TRENDING_BULL,-188.406583906102,0.25,-8.128381665390955e-05,0.2689428481866164,0.2692992510866088,-8.128381665390955e-05,0.0,NEUTRAL,0.4617579007267747,,,0.0,0.0,0.0,0.0,0.0,100.0,0.9977392282401798,0.0,0.0,40.07174265216235,16.39240314422387,52.94642857142857,0.0,0.9977392282401798,-376.8131678122039
BANKNIFTY,2026-08-07 09:55:00,57746.45,1.0,-62.802194635367314,57773.45480333849,TRENDING_BULL,-188.406583906102,0.25,0.00024874884529,0.2689430366949225,0.2694082663104969,0.00024874884529,0.0,NEUTRAL,0.4616486969945805,,,-0.0008333333333333,0.1666666666666666,16.666666666666664,0.0,16.666666666666664,83.33333333333334,0.9977392282401798,0.0,0.0,40.07174265216235,16.39240314422387,52.94642857142857,0.0,0.9977392282401798,-314.01097317683656
NIFTY,2026-08-07 09:55:00,24570.65,1.0,15.480317682802752,24565.975792409823,TRENDING_BEAR,-0.0094581227749586,0.2,-0.0002518799534921,0.2689437363078077,0.2689414813254887,-0.0002518799534921,0.0,NEUTRAL,0.4621147823667035,,,0.0,0.0,0.0,0.0,0.0,100.0,1.002505076343729,0.0,0.0,64.31846602750477,15.686829124884142,14.060714285714182,0.0,1.002505076343729,-0.0060228992253541
NIFTY,2026-08-07 09:55:00,24570.65,1.0,15.480317682802752,24565.099765702234,TRENDING_BEAR,-0.0094581227749586,0.2,-4.075738830280225e-05,0.2689436248060957,0.2689414784376688,-4.075738830280225e-05,0.0,NEUTRAL,0.4621148967562354,,,0.0,0.0,0.0,0.0,0.0,100.0,1.002505076343729,0.0,0.0,64.31846602750477,15.686829124884142,14.060714285714182,0.0,1.002505076343729,-0.0060228992253541
NIFTY,2026-08-07 09:55:00,24570.65,1.0,15.480317682802752,24565.379948057613,TRENDING_BEAR,-0.0094581227749586,0.2,-0.0001611960721109,0.2689440305301641,0.2689414889456475,-0.0001611960721109,0.0,NEUTRAL,0.4621144805241884,,,0.0,0.0,0.0,0.0,0.0,100.0,1.002505076343729,0.0,0.0,64.31846602750477,15.686829124884142,14.060714285714182,0.0,1.002505076343729,-0.0060228992253541
NIFTY,2026-08-07 09:55:00,24570.65,1.0,15.480317682802752,24564.995946945848,TRENDING_BEAR,-0.0094581227749586,0.2,-0.0001858701282951,0.2689438905870688,0.2689414853212172,-0.0001858701282951,0.0,NEUTRAL,0.4621146240917139,,,0.0,0.0,0.0,0.0,0.0,100.0,1.002505076343729,0.0,0.0,64.31846602750477,15.686829124884142,14.060714285714182,0.0,1.002505076343729,-0.0060228992253541
NIFTY,2026-08-07 09:55:00,24570.65,1.0,15.480317682802752,24565.305253844977,TRENDING_BEAR,-0.0094581227749586,0.2,0.0001152434981676,0.2689434456197929,0.2689414737968618,0.0001152434981676,0.0329472306666104,NEUTRAL,0.4621150805833452,,,0.0,0.0,0.0,0.0,0.0,100.0,1.002505076343729,0.0,0.0,64.31846602750477,15.686829124884142,14.060714285714182,0.0,1.002505076343729,-0.0060228992253541
NIFTY,2026-08-07 09:59:00,24570.65,1.5,15.586688733517638,24563.962084995565,TRENDING_BEAR,-0.010177444666624,0.2,-5.318229795301896e-05,0.2689447128364261,0.2689415020781528,-5.318229795301896e-05,0.0004372618940477,NEUTRAL,0.4621137850854209,,,0.0,0.0,0.0,0.0,0.0,100.0,1.001667548967708,0.0,0.0,99.99999999989744,41.07214634211077,0.975000000000104,0.0,1.001667548967708,-0.0052657635882496
NIFTY,2026-08-07 09:55:00,24570.65,1.0,15.480317682802752,24564.909184087424,TRENDING_BEAR,-0.0094581227749586,0.2,7.434027051188215e-05,0.2689435357106266,0.2689414761301552,7.434027051188215e-05,0.0368826790216812,NEUTRAL,0.4621149881592181,,,0.0,0.0,0.0,0.0,0.0,100.0,1.002505076343729,0.0,0.0,64.31846602750477,15.686829124884142,14.060714285714182,0.0,1.002505076343729,-0.0060228992253541
NIFTY,2026-08-07 09:55:00,24570.65,1.0,15.480317682802752,24565.28921302044,TRENDING_BEAR,-0.0094581227749586,0.2,0.0001217115826619,0.2689433793588613,0.2689414720807468,0.0001217115826619,0.0223862119168548,NEUTRAL,0.4621151485603917,,,0.0,0.0,0.0,0.0,0.0,100.0,1.002505076343729,0.0,0.0,64.31846602750477,15.686829124884142,14.060714285714182,0.0,1.002505076343729,-0.0060228992253541
NIFTY,2026-08-07 09:55:00,24570.65,1.0,15.480317682802752,24564.669952550725,TRENDING_BEAR,-0.0094581227749586,0.2,-0.0001832598797802,0.2689436565180558,0.2689414792589875,-0.0001832598797802,0.0,NEUTRAL,0.4621148642229566,,,0.0,0.0,0.0,0.0,0.0,100.0,1.002505076343729,0.0,0.0,64.31846602750477,15.686829124884142,14.060714285714182,0.0,1.002505076343729,-0.0060228992253541
NIFTY,2026-08-07 09:55:00,24570.65,1.0,15.480317682802752,24565.73490407486,TRENDING_BEAR,-0.0094581227749586,0.2,2.1642057389186702e-05,0.2689435699721459,0.2689414771763034,2.1642057389186702e-05,0.019710270627717,NEUTRAL,0.4621149528515506,,,-0.0008333333333333,0.1666666666666666,16.666666666666664,0.0,16.666666666666664,83.33333333333334,1.002505076343729,0.0,0.0,64.31846602750477,15.686829124884142,14.060714285714182,0.0,1.002505076343729,-0.0060228992253541
NIFTY,2026-08-07 09:55:00,24570.65,1.0,15.480317682802752,24565.07419894379,TRENDING_BEAR,-0.0094581227749586,0.2,0.000153976415517,0.2689433217369744,0.2689414705883774,0.000153976415517,0.0404755154677619,NEUTRAL,0.4621152076746481,,,0.0,0.0,0.0,0.0,0.0,100.0,1.002505076343729,0.0,0.0,64.31846602750477,15.686829124884142,14.060714285714182,0.0,1.002505076343729,-0.0060228992253541
NIFTY,2026-08-07 09:55:00,24570.65,1.0,15.480317682802752,24565.34243897028,TRENDING_BEAR,-0.0094581227749586,0.2,0.0001586089118201,0.2689432516122569,0.2689414689074608,0.0001586089118201,0.029839963558493,NEUTRAL,0.4621152794802822,,,-0.0008333333333333,0.1666666666666666,16.666666666666664,0.0,16.666666666666664,83.33333333333334,1.002505076343729,0.0,0.0,64.31846602750477,15.686829124884142,14.060714285714182,0.0,1.002505076343729,-0.0060228992253541
NIFTY,2026-08-07 09:59:00,24570.65,1.5,15.586688733517638,24563.6783559436,TRENDING_BEAR,-0.010177444666624,0.2,-0.0005014835935994,0.2689473361215872,0.2689415664017853,-0.0005014835935994,0.2104867079507949,NEUTRAL,0.4621110974766274,,,0.0,0.0,0.0,0.0,0.0,100.0,1.001667548967708,0.0,0.0,99.99999999989744,41.07214634211077,0.975000000000104,0.0,1.001667548967708,-0.0052657635882496
NIFTY,2026-08-07 09:55:00,24570.65,1.0,15.480317682802752,24565.211300854848,TRENDING_BEAR,-0.0094581227749586,0.2,-0.0001809625753895,0.2689438448368,0.2689414841363163,-0.0001809625753895,0.0,NEUTRAL,0.4621146710268836,,,0.0,0.0,0.0,0.0,0.0,100.0,1.002505076343729,0.0,0.0,64.31846602750477,15.686829124884142,14.060714285714182,0.0,1.002505076343729,-0.0060228992253541
NIFTY,2026-08-07 09:55:00,24570.65,1.0,15.480317682802752,24565.63437601251,TRENDING_BEAR,-0.0094581227749586,0.2,0.0001603262871875,0.2689433208232861,0.2689414705647134,0.0001603262871875,0.0441815559913383,NEUTRAL,0.4621152086120004,,,0.0,0.0,0.0,0.0,0.0,100.0,1.002505076343729,0.0,0.0,64.31846602750477,15.686829124884142,14.060714285714182,0.0,1.002505076343729,-0.0060228992253541
NIFTY,2026-08-07 09:55:00,24570.65,1.0,15.480317682802752,24565.018219932925,TRENDING_BEAR,-0.0094581227749586,0.2,-0.0002121643044937,0.2689440035023773,0.2689414882456465,-0.0002121643044937,0.0,NEUTRAL,0.4621145082519761,,,0.0,0.0,0.0,0.0,0.0,100.0,1.002505076343729,0.0,0.0,64.31846602750477,15.686829124884142,14.060714285714182,0.0,1.002505076343729,-0.0060228992253541
NIFTY,2026-08-07 09:55:00,24570.65,1.0,15.480317682802752,24565.36897144274,TRENDING_BEAR,-0.0094581227749586,0.2,-0.0001501860084132,0.2689438962118854,0.2689414854668961,-0.0001501860084132,0.0,NEUTRAL,0.4621146183212185,,,0.0,0.0,0.0,0.0,0.0,100.0,1.002505076343729,0.0,0.0,64.31846602750477,15.686829124884142,14.060714285714182,0.0,1.002505076343729,-0.0060228992253541
NIFTY,2026-08-07 09:59:00,24570.65,1.5,15.586688733517638,24563.582273476164,TRENDING_BEAR,-0.010177444666624,0.2,-0.000124035212583,0.2689451156751322,0.2689415119558875,-0.000124035212583,0.000592103830883,NEUTRAL,0.4621133723689803,,,0.0,0.0,0.0,0.0,0.0,100.0,1.001667548967708,0.0,0.0,99.99999999989744,41.07214634211077,0.975000000000104,0.0,1.001667548967708,-0.0052657635882496
NIFTY,2026-08-07 09:59:00,24570.65,1.5,15.586688733517638,24564.01546072151,TRENDING_BEAR,-0.010177444666624,0.2,-0.0005016576254153,0.2689473371468522,0.268941566426925,-0.0005016576254153,0.2332646100927275,NEUTRAL,0.4621110964262227,,,0.0,0.0,0.0,0.0,0.0,100.0,1.001667548967708,0.0,0.0,99.99999999989744,41.07214634211077,0.975000000000104,0.0,1.001667548967708,-0.0052657635882496
NIFTY,2026-08-07 09:59:00,24570.65,1.5,15.586688733517638,24563.51703368056,TRENDING_BEAR,-0.010177444666624,0.2,-0.0005013773943915,0.2689473354959411,0.2689415663864444,-0.0005013773943915,0.1986462862317185,NEUTRAL,0.4621110981176145,,,0.0,0.0,0.0,0.0,0.0,100.0,1.001667548967708,0.0,0.0,99.99999999989744,41.07214634211077,0.975000000000104,0.0,1.001667548967708,-0.0052657635882496
NIFTY,2026-08-07 04:00:00,78.4,1.5,,,TRANSITION,-0.006498955655843,0.2,-0.0022017402812308,0.2912090623436014,0.308096304634611,-0.0022017402812308,0.072671544162788,NEUTRAL,0.4006946330217875,,,-0.0008333333333333,0.1666666666666666,16.666666666666664,0.0,16.666666666666664,83.33333333333334,1.0,0.0,0.0,,,,,1.0,-0.0025067855603992
NIFTY,2026-08-07 09:55:00,24570.65,1.0,15.480317682802752,24565.22047299218,TRENDING_BEAR,-0.0094581227749586,0.2,-0.0001630948261025,0.2689438309111404,0.2689414823408997,-0.0001630948261025,0.0,NEUTRAL,0.4621146867479598,,,0.0008333333333333,0.1666666666666666,16.666666666666664,16.666666666666664,0.0,83.33333333333334,1.002505076343729,0.0,0.0,64.31846602750477,15.686829124884142,14.060714285714182,0.0,1.002505076343729,-0.0060228992253541
NIFTY,2026-08-07 04:00:00,99.53,1.0,-0.4247888760839827,99.69129692112683,TRANSITION,-0.0103393821045756,0.2,-0.0049750106796929,0.2690626344471439,0.33744606939569,-0.0049750106796929,0.25,NEUTRAL,0.393491296157166,,,-0.0008333333333333,0.1666666666666666,16.666666666666664,0.0,16.666666666666664,83.33333333333334,1.0,0.0,0.0,,,,,1.0,-0.0058597784489393
NIFTY,2026-08-07 09:59:00,24570.65,1.5,15.586688733517638,24563.745740353617,TRENDING_BEAR,-0.010177444666624,0.2,-0.0005016576254153,0.2689473371468522,0.268941566426925,-0.0005016576254153,0.2332646100927275,NEUTRAL,0.4621110964262227,,,0.0,0.0,0.0,0.0,0.0,100.0,1.001667548967708,0.0,0.0,99.99999999989744,41.07214634211077,0.975000000000104,0.0,1.001667548967708,-0.0052657635882496
NIFTY,2026-08-07 09:59:00,24570.65,1.5,15.586688733517638,24563.799336065324,TRENDING_BEAR,-0.010177444666624,0.2,-0.0005016576254153,0.2689473371468522,0.268941566426925,-0.0005016576254153,0.2332646100927275,NEUTRAL,0.4621110964262227,,,0.0,0.0,0.0,0.0,0.0,100.0,1.001667548967708,0.0,0.0,99.99999999989744,41.07214634211077,0.975000000000104,0.0,1.001667548967708,-0.0052657635882496
NIFTY,2026-08-07 09:55:00,24570.65,1.0,15.480317682802752,24565.34178694716,TRENDING_BEAR,-0.0094581227749586,0.2,-0.0002265218225337,0.2689439630029218,0.2689414871967384,-0.0002265218225337,0.0,NEUTRAL,0.4621145498003398,,,0.0,0.0,0.0,0.0,0.0,100.0,1.002505076343729,0.0,0.0,64.31846602750477,15.686829124884142,14.060714285714182,0.0,1.002505076343729,-0.0060228992253541
NIFTY,2026-08-07 09:55:00,24570.65,1.0,15.480317682802752,24565.02147110922,TRENDING_BEAR,-0.0094581227749586,0.2,-0.0002173106084742,0.2689438013191913,0.2689414830092397,-0.0002173106084742,0.0,NEUTRAL,0.4621147156715689,,,0.0,0.0,0.0,0.0,0.0,100.0,1.002505076343729,0.0,0.0,64.31846602750477,15.686829124884142,14.060714285714182,0.0,1.002505076343729,-0.0060228992253541
NIFTY,2026-08-07 04:00:00,83.69,1.5,,,TRANSITION,-0.0054123532027006,0.2,-0.0038111490658362,0.2912949365602657,0.3162720799026759,-0.0038111490658362,0.1004693922488818,NEUTRAL,0.3924329835370583,,,0.0,0.0,0.0,0.0,0.0,100.0,1.0,0.0,0.0,0.0,20.0,,1.0,1.0,-0.004686667677015
NIFTY,2026-08-07 04:00:00,83.69,1.5,,,TRANSITION,-0.0054123532027006,0.2,-0.0038111490658362,0.2912949365602657,0.3162720799026759,-0.0038111490658362,0.1004693922488818,NEUTRAL,0.3924329835370583,,,0.0,0.0,0.0,0.0,0.0,100.0,1.0,0.0,0.0,0.0,20.0,,1.0,1.0,-0.004686667677015
NIFTY,2026-08-07 04:00:00,83.69,1.5,,,TRANSITION,-0.0054123532027006,0.2,-0.0038111490658362,0.2912949365602657,0.3162720799026759,-0.0038111490658362,0.1004693922488818,NEUTRAL,0.3924329835370583,,,0.0,0.0,0.0,0.0,0.0,100.0,1.0,0.0,0.0,0.0,20.0,,1.0,1.0,-0.004686667677015
NIFTY,2026-08-07 09:55:00,24570.65,1.0,15.480317682802752,24565.924428296297,TRENDING_BEAR,-0.0094581227749586,0.2,-0.000150468770886,0.2689437759898182,0.268941482353226,-0.000150468770886,0.0,NEUTRAL,0.4621147416569557,,,0.0,0.0,0.0,0.0,0.0,100.0,1.002505076343729,0.0,0.0,64.31846602750477,15.686829124884142,14.060714285714182,0.0,1.002505076343729,-0.0060228992253541
NIFTY,2026-08-07 09:59:00,24570.65,1.5,15.586688733517638,24564.284025944475,TRENDING_BEAR,-0.010177444666624,0.2,-0.0004979828174333,0.2689473154976389,0.2689415658960823,-0.0004979828174333,0.0708241829193069,NEUTRAL,0.4621111186062787,,,0.0,0.0,0.0,0.0,0.0,100.0,1.001667548967708,0.0,0.0,99.99999999989744,41.07214634211077,0.975000000000104,0.0,1.001667548967708,-0.0052657635882496
NIFTY,2026-08-07 09:59:00,24570.65,1.5,15.586688733517638,24563.54646559316,TRENDING_BEAR,-0.010177444666624,0.2,-0.0001436706918675,0.2689452300931932,0.2689415147614535,-0.0001436706918675,0.0006462421008508,NEUTRAL,0.4621132551453532,,,0.0,0.0,0.0,0.0,0.0,100.0,1.001667548967708,0.0,0.0,99.99999999989744,41.07214634211077,0.975000000000104,0.0,1.001667548967708,-0.0052657635882496
NIFTY,2026-08-07 09:55:00,24570.65,1.0,15.480317682802752,24565.410746389727,TRENDING_BEAR,-0.0094581227749586,0.2,-0.0001086943747612,0.2689436518359664,0.2689414791377245,-0.0001086943747612,0.0,NEUTRAL,0.462114869026309,,,0.0,0.0,0.0,0.0,0.0,100.0,1.002505076343729,0.0,0.0,64.31846602750477,15.686829124884142,14.060714285714182,0.0,1.002505076343729,-0.0060228992253541
NIFTY,2026-08-07 09:55:00,24570.65,1.0,15.480317682802752,24565.145035172165,TRENDING_BEAR,-0.0094581227749586,0.2,-0.000259793750949,0.2689440772379872,0.2689414901553479,-0.000259793750949,0.0,NEUTRAL,0.4621144326066649,,,0.0,0.0,0.0,0.0,0.0,100.0,1.002505076343729,0.0,0.0,64.31846602750477,15.686829124884142,14.060714285714182,0.0,1.002505076343729,-0.0060228992253541
BANKNIFTY,2026-08-07 09:55:00,57746.45,1.0,-62.802194635367314,57773.29522743298,TRENDING_BULL,-188.406583906102,0.25,0.0001585719990747,0.2689431189690108,0.269367194090389,0.0001585719990747,0.0,NEUTRAL,0.4616896869406002,,,0.0,0.0,0.0,0.0,0.0,100.0,0.9977392282401798,0.0,0.0,40.07174265216235,16.39240314422387,52.94642857142857,0.0,0.9977392282401798,-314.01097317683656
BANKNIFTY,2026-08-07 09:55:00,57746.45,1.0,-62.802194635367314,57774.19972321044,TRENDING_BULL,-188.406583906102,0.25,-0.0004842994697409,0.2689425153452113,0.269215751396875,-0.0004842994697409,0.0479129308644952,NEUTRAL,0.4618417332579137,,,0.0,0.0,0.0,0.0,0.0,100.0,0.9977392282401798,0.0,0.0,40.07174265216235,16.39240314422387,52.94642857142857,0.0,0.9977392282401798,-314.01097317683656
BANKNIFTY,2026-08-07 09:59:00,57746.45,1.5000000076149895,-62.46093464139691,57773.0677347822,TRENDING_BEAR,-187.3828039241908,0.2,0.0003109056671437,0.2689415553245937,0.268963214056867,0.0003109056671437,0.0,NEUTRAL,0.4620952306185392,,,0.0,0.0,0.0,0.0,0.0,100.0,0.9971609561401458,0.0,0.0,0.0,34.67189367918216,3.907142857143169,0.0,0.9971609561401458,-374.7656078483814
BANKNIFTY,2026-08-07 09:59:00,57746.45,1.5000000076149895,-62.46093464139691,57772.18541032193,TRENDING_BEAR,-187.3828039241908,0.2,0.0001592691018089,0.2689415471931213,0.2689618911394827,0.0001592691018089,0.0,NEUTRAL,0.4620965616673959,,,0.0,0.0,0.0,0.0,0.0,100.0,0.9971609561401458,0.0,0.0,0.0,34.67189367918216,3.907142857143169,0.0,0.9971609561401458,-374.7656078483814
BANKNIFTY,2026-08-07 09:55:00,57746.45,1.0,-62.802194635367314,57773.002513143605,TRENDING_BULL,-188.406583906102,0.25,-9.497542963027015e-05,0.2689428552459765,0.2693010222397011,-9.497542963027015e-05,0.0,NEUTRAL,0.4617561225143223,,,0.0,0.0,0.0,0.0,0.0,100.0,0.9977392282401798,0.0,0.0,40.07174265216235,16.39240314422387,52.94642857142857,0.0,0.9977392282401798,-376.8131678122039
BANKNIFTY,2026-08-07 09:55:00,57746.45,1.0,-62.802194635367314,57774.69326124041,TRENDING_BULL,-188.406583906102,0.25,-0.0004345613481623,0.2689424874092502,0.2692087438628346,-0.0004345613481623,0.0189694604103629,NEUTRAL,0.4618487687279152,,,0.0,0.0,0.0,0.0,0.0,100.0,0.9977392282401798,0.0,0.0,40.07174265216235,16.39240314422387,52.94642857142857,0.0,0.9977392282401798,-376.8131678122039
BANKNIFTY,2026-08-07 09:45:00,57746.45,1.0,-20.92885271472484,57759.36617594297,TRENDING_BEAR,-62.78655814417452,0.2,-0.000156340381877,0.2693560921811987,0.2689420658770327,-0.000156340381877,0.0,NEUTRAL,0.4617018419417686,,,0.0,0.0,0.0,0.0,0.0,100.0,0.9962874883254348,0.0,0.0,48.17922973175358,35.75261704715643,101.91428571428592,0.0,0.9962874883254348,-125.57311628834904
BANKNIFTY,2026-08-07 09:55:00,57746.45,1.0,-62.802194635367314,57773.4142450552,TRENDING_BULL,-188.406583906102,0.25,-0.0004791550393512,0.2689424930688463,0.2692101635223733,-0.0004791550393512,0.039031730276349,NEUTRAL,0.4618473434087803,,,0.0,0.0,0.0,0.0,0.0,100.0,0.9977392282401798,0.0,0.0,40.07174265216235,16.39240314422387,52.94642857142857,0.0,0.9977392282401798,-376.8131678122039
BANKNIFTY,2026-08-07 09:45:00,57746.45,1.0,-20.92885271472484,57765.06096773429,TRENDING_BEAR,-62.78655814417452,0.2,8.277025588961044e-05,0.2693232678259339,0.2689420786335781,8.277025588961044e-05,0.0440351355708797,NEUTRAL,0.461734653540488,,,0.0,0.0,0.0,0.0,0.0,100.0,0.9962874883254348,0.0,0.0,48.17922973175358,35.75261704715643,101.91428571428592,0.0,0.9962874883254348,-125.57311628834904
BANKNIFTY,2026-08-07 09:55:00,57746.45,1.0,-62.802194635367314,57774.75008631127,TRENDING_BULL,-188.406583906102,0.25,-0.0002512510963606,0.2689428615807833,0.269302611612738,-0.0002512510963606,0.0399827082311205,NEUTRAL,0.4617545268064787,,,0.0,0.0,0.0,0.0,0.0,100.0,0.9977392282401798,0.0,0.0,40.07174265216235,16.39240314422387,52.94642857142857,0.0,0.9977392282401798,-376.8131678122039
BANKNIFTY,2026-08-07 09:55:00,57746.45,1.0,-62.802194635367314,57773.18505650906,TRENDING_BULL,-188.406583906102,0.25,-0.0004859404043018,0.2689424836894064,0.2692078107755427,-0.0004859404043018,0.0409530500260688,NEUTRAL,0.4618497055350509,,,0.0,0.0,0.0,0.0,0.0,100.0,0.9977392282401798,0.0,0.0,40.07174265216235,16.39240314422387,52.94642857142857,0.0,0.9977392282401798,-376.8131678122039
BANKNIFTY,2026-08-07 09:59:00,57746.45,1.5000000076149895,-62.46093464139691,57772.55498274338,TRENDING_BEAR,-187.3828039241908,0.2,0.0003259882673719,0.2689415690640584,0.2689654493534554,0.0003259882673719,0.0,NEUTRAL,0.4620929815824861,,,0.0,0.0,0.0,0.0,0.0,100.0,0.9971609561401458,0.0,0.0,0.0,34.67189367918216,3.907142857143169,0.0,0.9971609561401458,-374.7656078483814
BANKNIFTY,2026-08-07 09:59:00,57746.45,1.5000000076149895,-62.46093464139691,57772.76876182079,TRENDING_BEAR,-187.3828039241908,0.2,0.0004589259280781,0.2689415913748194,0.2689690791534419,0.0004589259280781,0.0,NEUTRAL,0.4620893294717386,,,0.0,0.0,0.0,0.0,0.0,100.0,0.9971609561401458,0.0,0.0,0.0,34.67189367918216,3.907142857143169,0.0,0.9971609561401458,-374.7656078483814
BANKNIFTY,2026-08-07 09:45:00,57746.45,1.0,-20.92885271472484,57765.97692085562,TRENDING_BEAR,-62.78655814417452,0.2,-6.33704498230627e-05,0.2689414926265577,0.2689421283050581,-6.33704498230627e-05,0.0,NEUTRAL,0.4621163790683841,,,0.0,0.0,0.0,0.0,0.0,100.0,0.9962874883254348,0.0,0.0,48.17922973175358,35.75261704715643,101.91428571428592,0.0,0.9962874883254348,-125.57311628834904
BANKNIFTY,2026-08-07T09:45:00,57746.45,1.0,-20.92885271472484,57767.25337005224,TRENDING_BEAR,-62.78655814417452,0.2,-0.0001204912883833,0.2690506986044277,0.2702770418159167,-0.0001204912883833,0.0057912285023232,NEUTRAL,0.4606722595796555,,,0.0,0.0,0.0,0.0,0.0,100.0,0.9962874883254348,0.0,0.0,48.17922973175358,35.75261704715643,101.91428571428592,0.0,0.9962874883254348,-125.57311628834904
BANKNIFTY,2026-08-07 09:55:00,57746.45,1.0,-62.802194635367314,57773.62917459042,TRENDING_BULL,-188.406583906102,0.25,0.0003725782932224,0.2689437295123284,0.2695204272978854,0.0003725782932224,0.0,NEUTRAL,0.4615358431897861,,,0.0,0.0,0.0,0.0,0.0,100.0,0.9977392282401798,0.0,0.0,40.07174265216235,16.39240314422387,52.94642857142857,0.0,0.9977392282401798,-376.8131678122039
BANKNIFTY,2026-08-07 09:59:00,57746.45,1.5000000076149895,-62.46093464139691,57774.78056466021,TRENDING_BEAR,-187.3828039241908,0.2,0.0002115411676315,0.2689415391385954,0.2689605807446281,0.0002115411676315,0.0,NEUTRAL,0.4620978801167764,,,0.0,0.0,0.0,0.0,0.0,100.0,0.9971609561401458,0.0,0.0,0.0,34.67189367918216,3.907142857143169,0.0,0.9971609561401458,-374.7656078483814
BANKNIFTY,2026-08-07 09:59:00,57746.45,1.5000000076149895,-62.46093464139691,57773.711974435486,TRENDING_BEAR,-187.3828039241908,0.2,0.0003057463848323,0.2689415602576007,0.2689640166147307,0.0003057463848323,0.0,NEUTRAL,0.4620944231276686,,,0.0,0.0,0.0,0.0,0.0,100.0,0.9971609561401458,0.0,0.0,0.0,34.67189367918216,3.907142857143169,0.0,0.9971609561401458,-374.7656078483814
BANKNIFTY,2026-08-07 09:59:00,57746.45,1.5000000076149895,-62.46093464139691,57773.71144097931,TRENDING_BEAR,-187.3828039241908,0.2,-2.762786541276632e-05,0.2689415441186133,0.268961390945767,-2.762786541276632e-05,0.0,NEUTRAL,0.4620970649356196,,,0.0,0.0,0.0,0.0,0.0,100.0,0.9971609561401458,0.0,0.0,0.0,34.67189367918216,3.907142857143169,0.0,0.9971609561401458,-374.7656078483814
BANKNIFTY,2026-08-07 09:55:00,57746.45,1.0,-62.802194635367314,57773.5951772715,TRENDING_BULL,-188.406583906102,0.25,-0.0004184189703556,0.2689425482757412,0.2692240119297919,-0.0004184189703556,0.0306175235460068,NEUTRAL,0.4618334397944668,,,0.0,0.0,0.0,0.0,0.0,100.0,0.9977392282401798,0.0,0.0,40.07174265216235,16.39240314422387,52.94642857142857,0.0,0.9977392282401798,-376.8131678122039
BANKNIFTY,2026-08-07 09:59:00,57746.45,1.5000000076149895,-62.46093464139691,57775.08920039158,TRENDING_BEAR,-187.3828039241908,0.2,0.0001308543791148,0.2689415954792107,0.2689697469116913,0.0001308543791148,0.0,NEUTRAL,0.462088657609098,,,0.0,0.0,0.0,0.0,0.0,100.0,0.9971609561401458,0.0,0.0,0.0,34.67189367918216,3.907142857143169,0.0,0.9971609561401458,-374.7656078483814
BANKNIFTY,2026-08-07 09:59:00,57746.45,1.5000000076149895,-62.46093464139691,57773.04996561828,TRENDING_BEAR,-187.3828039241908,0.2,0.0001685539421495,0.2689415371202601,0.2689602523812749,0.0001685539421495,0.0,NEUTRAL,0.4620982104984649,,,0.0,0.0,0.0,0.0,0.0,100.0,0.9971609561401458,0.0,0.0,0.0,34.67189367918216,3.907142857143169,0.0,0.9971609561401458,-374.7656078483814
BANKNIFTY,2026-08-07 09:55:00,57746.45,1.0,-62.802194635367314,57772.74428040835,TRENDING_BULL,-188.406583906102,0.25,-0.0004311967919377,0.2689424750001545,0.2692301621470252,-0.0004311967919377,0.0457393406636041,NEUTRAL,0.4618273628528202,,,0.0008333333333333,0.1666666666666666,16.666666666666664,16.666666666666664,0.0,83.33333333333334,0.9977392282401798,0.0,0.0,40.07174265216235,16.39240314422387,52.94642857142857,0.0,0.9977392282401798,-376.8131678122039
BANKNIFTY,2026-08-07 04:00:00,4393.8,1.5,,,TRANSITION,,0.2,-0.0004915168224973,0.3110642512127937,0.3127692184294371,-0.0004915168224973,0.0074106439818369,NEUTRAL,0.3761665303577692,,,-0.0008333333333333,0.1666666666666666,16.666666666666664,0.0,16.666666666666664,83.33333333333334,1.0,0.0,0.0,0.0,20.0,,1.0,1.0,
BANKNIFTY,2026-08-07 09:55:00,57746.45,1.0,-62.802194635367314,57773.62348452501,TRENDING_BULL,-188.406583906102,0.25,0.0002398200485105,0.2689433162611639,0.269416704175304,0.0002398200485105,0.0,NEUTRAL,0.461639979563532,,,0.0,0.0,0.0,0.0,0.0,100.0,0.9977392282401798,0.0,0.0,40.07174265216235,16.39240314422387,52.94642857142857,0.0,0.9977392282401798,-376.8131678122039
BANKNIFTY,2026-08-07 09:59:00,57746.45,1.5000000076149895,-62.46093464139691,57771.0442406384,TRENDING_BEAR,-187.3828039241908,0.2,0.0003797595439452,0.2689415818066309,0.2689675224743716,0.0003797595439452,0.0,NEUTRAL,0.4620908957189974,,,0.0,0.0,0.0,0.0,0.0,100.0,0.9971609561401458,0.0,0.0,0.0,34.67189367918216,3.907142857143169,0.0,0.9971609561401458,-374.7656078483814
BANKNIFTY,2026-08-07 09:55:00,57746.45,1.0,-62.802194635367314,57770.79715224478,TRENDING_BULL,-188.406583906102,0.25,-0.0003591316513087,0.2689425177341827,0.2692418772566123,-0.0003591316513087,0.0268246145031299,NEUTRAL,0.461815605009205,,,0.0008333333333333,0.1666666666666666,16.666666666666664,16.666666666666664,0.0,83.33333333333334,0.9977392282401798,0.0,0.0,40.07174265216235,16.39240314422387,52.94642857142857,0.0,0.9977392282401798,-376.8131678122039
BANKNIFTY,2026-08-07 09:55:00,57746.45,1.0,-62.802194635367314,57772.67847868729,TRENDING_BULL,-188.406583906102,0.25,-0.0004468017679346,0.2689424064996389,0.2692113840799332,-0.0004468017679346,0.0329736808005721,NEUTRAL,0.4618462094204279,,,0.0008333333333333,0.1666666666666666,16.666666666666664,16.666666666666664,0.0,83.33333333333334,0.9977392282401798,0.0,0.0,40.07174265216235,16.39240314422387,52.94642857142857,0.0,0.9977392282401798,-376.8131678122039
BANKNIFTY,2026-08-07 04:00:00,7769.5,1.5,27.72984498440488,7754.465148026989,TRANSITION,83.18953495321463,0.2,0.0144304286960312,0.3771407522458427,0.2691203350581568,0.0144304286960312,0.2347961319687962,NEUTRAL,0.3537389126960004,,,0.0008333333333333,0.1666666666666666,16.666666666666664,16.666666666666664,0.0,83.33333333333334,1.0,0.0,0.0,,,,,1.0,166.3790699064293
BANKNIFTY,2026-08-07 09:55:00,57746.45,1.0,-62.802194635367314,57774.31107709215,TRENDING_BULL,-188.406583906102,0.25,-9.028624190662128e-05,0.268942753743656,0.2693065826879829,-9.028624190662128e-05,0.0,NEUTRAL,0.4617506635683611,,,0.0008333333333333,0.1666666666666666,16.666666666666664,16.666666666666664,0.0,83.33333333333334,0.9977392282401798,0.0,0.0,40.07174265216235,16.39240314422387,52.94642857142857,0.0,0.9977392282401798,-376.8131678122039
BANKNIFTY,2026-08-07 04:00:00,4389.3,1.5,135.30760527542782,4306.127391992746,TRANSITION,405.92281582628345,0.2,-0.016171093391456,0.2797655775805137,0.3533581478403121,-0.016171093391456,0.1978227363459269,NEUTRAL,0.3668762745791741,,,0.0008333333333333,0.1666666666666666,16.666666666666664,16.666666666666664,0.0,83.33333333333334,1.0,0.0,0.0,,,,,1.0,811.8456316525669
BANKNIFTY,2026-08-06T23:00:00,95.2,1.0,0.1817888032267527,95.1755922272424,TRANSITION,0.5453664096802584,0.2,0.0010746448329988,0.2689632666554047,0.269359754520001,0.0010746448329988,0.0,NEUTRAL,0.4616769788245942,,,-0.0008333333333333,0.1666666666666666,16.666666666666664,0.0,16.666666666666664,83.33333333333334,1.0,0.0,0.0,,,,,1.0,1.0907328193605166
BANKNIFTY,2026-08-07 09:59:00,57746.45,1.5000000076149895,-62.46093464139691,57772.55779289424,TRENDING_BEAR,-187.3828039241908,0.2,0.0002321708414401,0.2689415553563935,0.2689632192304287,0.0002321708414401,0.0,NEUTRAL,0.4620952254131777,,,0.0,0.0,0.0,0.0,0.0,100.0,0.9971609561401458,0.0,0.0,0.0,34.67189367918216,3.907142857143169,0.0,0.9971609561401458,-374.7656078483814
BANKNIFTY,2026-08-07 09:55:00,57746.45,1.0,-62.802194635367314,57772.944774471885,TRENDING_BULL,-188.406583906102,0.25,0.0001747040136498,0.2689432232009566,0.2693933501830923,0.0001747040136498,0.0,NEUTRAL,0.461663426615951,,,0.0,0.0,0.0,0.0,0.0,100.0,0.9977392282401798,0.0,0.0,40.07174265216235,16.39240314422387,52.94642857142857,0.0,0.9977392282401798,-376.8131678122039
BANKNIFTY,2026-08-07 09:59:00,57746.45,1.5000000076149895,-62.46093464139691,57774.54209690918,TRENDING_BEAR,-187.3828039241908,0.2,0.0001504228879632,0.268941538527962,0.2689604814005347,0.0001504228879632,0.0,NEUTRAL,0.4620979800715031,,,0.0,0.0,0.0,0.0,0.0,100.0,0.9971609561401458,0.0,0.0,0.0,34.67189367918216,3.907142857143169,0.0,0.9971609561401458,-374.7656078483814
NIFTY,2026-08-07 09:55:00,24570.65,1.0,15.480317682802752,24565.31032151501,TRENDING_BEAR,-0.0094581227749586,0.2,-0.0001684881046533,0.2689438616592223,0.2689414845720057,-0.0001684881046533,0.0,NEUTRAL,0.462114653768772,,,0.0,0.0,0.0,0.0,0.0,100.0,1.002505076343729,0.0,0.0,64.31846602750477,15.686829124884142,14.060714285714182,0.0,1.002505076343729,-0.0060228992253541
NIFTY,2026-08-07 09:55:00,24570.65,1.0,15.480317682802752,24565.06030487572,TRENDING_BEAR,-0.0094581227749586,0.2,-0.0002169270474182,0.2689439059902971,0.2689414857201503,-0.0002169270474182,0.0,NEUTRAL,0.4621146082895525,,,0.0,0.0,0.0,0.0,0.0,100.0,1.002505076343729,0.0,0.0,64.31846602750477,15.686829124884142,14.060714285714182,0.0,1.002505076343729,-0.0060228992253541
NIFTY,2026-08-07 09:55:00,24570.65,1.0,15.480317682802752,24565.2126755376,TRENDING_BEAR,-0.0094581227749586,0.2,-4.652029016556858e-05,0.2689437982915184,0.268941482930825,-4.652029016556858e-05,0.0013708159257718,NEUTRAL,0.4621147187776566,,,0.0,0.0,0.0,0.0,0.0,100.0,1.002505076343729,0.0,0.0,64.31846602750477,15.686829124884142,14.060714285714182,0.0,1.002505076343729,-0.0060228992253541
NIFTY,2026-08-07 09:59:00,24570.65,1.5,15.586688733517638,24563.6435963386,TRENDING_BEAR,-0.010177444666624,0.2,-0.0002510985352254,0.268945861132,0.2689415302347057,-0.0002510985352254,0.0010925782582331,NEUTRAL,0.4621126086332942,,,0.0,0.0,0.0,0.0,0.0,100.0,1.001667548967708,0.0,0.0,99.99999999989744,41.07214634211077,0.975000000000104,0.0,1.001667548967708,-0.0052657635882496
NIFTY,2026-08-07 09:59:00,24570.65,1.5,15.586688733517638,24564.055621051422,TRENDING_BEAR,-0.010177444666624,0.2,-7.502765762171002e-05,0.2689448343754338,0.2689415050583293,-7.502765762171002e-05,0.0004791878858989,NEUTRAL,0.4621136605662368,,,0.0,0.0,0.0,0.0,0.0,100.0,1.001667548967708,0.0,0.0,99.99999999989744,41.07214634211077,0.975000000000104,0.0,1.001667548967708,-0.0052657635882496
NIFTY,2026-08-07 09:59:00,24570.65,1.5,15.586688733517638,24563.071805796066,TRENDING_BEAR,-0.010177444666624,0.2,-0.0004968048261246,0.2689473085577976,0.2689415657259161,-0.0004968048261246,0.0578446406671803,NEUTRAL,0.4621111257162863,,,0.0,0.0,0.0,0.0,0.0,100.0,1.001667548967708,0.0,0.0,99.99999999989744,41.07214634211077,0.975000000000104,0.0,1.001667548967708,-0.0052657635882496
NIFTY,2026-08-07 09:55:00,24570.65,1.0,15.480317682802752,24565.154948420488,TRENDING_BEAR,-0.0094581227749586,0.2,-9.817396079313788e-05,0.2689436862260279,0.2689414800284041,-9.817396079313788e-05,0.0,NEUTRAL,0.4621148337455679,,,0.0,0.0,0.0,0.0,0.0,100.0,1.002505076343729,0.0,0.0,64.31846602750477,15.686829124884142,14.060714285714182,0.0,1.002505076343729,-0.0060228992253541
NIFTY,2026-08-07 09:55:00,24570.65,1.0,15.480317682802752,24565.49687256279,TRENDING_BEAR,-0.0094581227749586,0.2,-0.0002827515796855,0.2689441193595845,0.2689414912462681,-0.0002827515796855,0.0,NEUTRAL,0.4621143893941474,,,0.0,0.0,0.0,0.0,0.0,100.0,1.002505076343729,0.0,0.0,64.31846602750477,15.686829124884142,14.060714285714182,0.0,1.002505076343729,-0.0060228992253541
NIFTY,2026-08-07 04:00:00,4397.1,1.5,,,TRANSITION,-0.005409502889961,0.2,-0.0035442364064526,0.2913173279169405,0.3151161221895937,-0.0035442364064526,0.0965635825466012,NEUTRAL,0.3935665498934657,,,0.0008333333333333,0.1666666666666666,16.666666666666664,16.666666666666664,0.0,83.33333333333334,1.0,0.0,0.0,,,,,1.0,-0.0046481092460453
NIFTY,2026-08-07 09:55:00,24570.65,1.0,15.480317682802752,24564.92666391021,TRENDING_BEAR,-0.0094581227749586,0.2,-0.0003069153216433,0.2689438160509227,0.2689414833907816,-0.0003069153216433,0.0,NEUTRAL,0.4621147005582956,,,0.0,0.0,0.0,0.0,0.0,100.0,1.002505076343729,0.0,0.0,64.31846602750477,15.686829124884142,14.060714285714182,0.0,1.002505076343729,-0.0060228992253541
NIFTY,2026-08-07 04:00:00,4397.1,1.5,,,TRANSITION,-0.005409502889961,0.2,-0.0037969054177586,0.2910983266810821,0.3161734063545123,-0.0037969054177586,0.1009155807235368,NEUTRAL,0.3927282669644056,,,0.0,0.0,0.0,0.0,0.0,100.0,1.0,0.0,0.0,,,,,1.0,-0.0046481092460453
NIFTY,2026-08-07 04:00:00,99.56,1.0,-0.3905284752561324,99.71329011428185,TRANSITION,-0.0103393821045756,0.2,-0.0043699269451494,0.2690291697335538,0.3221125235784063,-0.0043699269451494,0.2427410021977356,NEUTRAL,0.4088583066880398,,,-0.0008333333333333,0.1666666666666666,16.666666666666664,0.0,16.666666666666664,83.33333333333334,1.0,0.0,0.0,,,,,1.0,-0.0058597784489393
NIFTY,2026-08-07 09:59:00,24570.65,1.5,15.586688733517638,24563.326573804883,TRENDING_BEAR,-0.010177444666624,0.2,-0.0005016384814353,0.2689473370340702,0.2689415664241596,-0.0005016384814353,0.2305209418954,NEUTRAL,0.4621110965417701,,,0.0,0.0,0.0,0.0,0.0,100.0,1.001667548967708,0.0,0.0,99.99999999989744,41.07214634211077,0.975000000000104,0.0,1.001667548967708,-0.0052657635882496
NIFTY,2026-08-07 09:55:00,24570.65,1.0,15.480317682802752,24565.47460569129,TRENDING_BEAR,-0.0094581227749586,0.2,-0.0001812435414657,0.2689439240762949,0.2689414861885653,-0.0001812435414657,0.0,NEUTRAL,0.4621145897351397,,,0.0,0.0,0.0,0.0,0.0,100.0,1.002505076343729,0.0,0.0,64.31846602750477,15.686829124884142,14.060714285714182,0.0,1.002505076343729,-0.0060228992253541
NIFTY,2026-08-07 09:55:00,24570.65,1.0,15.480317682802752,24565.37723557254,TRENDING_BEAR,-0.0094581227749586,0.2,-0.0001829787532631,0.2689438280116147,0.2689414837005554,-0.0001829787532631,0.0,NEUTRAL,0.4621146882878298,,,0.0,0.0,0.0,0.0,0.0,100.0,1.002505076343729,0.0,0.0,64.31846602750477,15.686829124884142,14.060714285714182,0.0,1.002505076343729,-0.0060228992253541
NIFTY,2026-08-07 09:55:00,24570.65,1.0,15.480317682802752,24565.769216724315,TRENDING_BEAR,-0.0094581227749586,0.2,-0.0002896644484359,0.268943869987195,0.2689414847876945,-0.0002896644484359,0.0,NEUTRAL,0.4621146452251105,,,0.0,0.0,0.0,0.0,0.0,100.0,1.002505076343729,0.0,0.0,64.31846602750477,15.686829124884142,14.060714285714182,0.0,1.002505076343729,-0.0060228992253541
NIFTY,2026-08-07 09:59:00,24570.65,1.5,15.586688733517638,24563.637078920456,TRENDING_BEAR,-0.010177444666624,0.2,-0.000500495751602,0.2689473303019628,0.268941566259087,-0.000500495751602,0.1353649238566541,NEUTRAL,0.4621111034389502,,,0.0,0.0,0.0,0.0,0.0,100.0,1.001667548967708,0.0,0.0,99.99999999989744,41.07214634211077,0.975000000000104,0.0,1.001667548967708,-0.0052657635882496
NIFTY,2026-08-07 09:59:00,24570.65,1.5,15.586688733517638,24563.46327726123,TRENDING_BEAR,-0.010177444666624,0.2,-0.0005016660181311,0.2689472565077812,0.2689415645918565,-0.0005016660181311,0.233140024112704,NEUTRAL,0.4621111789003623,,,-0.0008333333333333,0.1666666666666666,16.666666666666664,0.0,16.666666666666664,83.33333333333334,1.001667548967708,0.0,0.0,99.99999999989744,41.07214634211077,0.975000000000104,0.0,1.001667548967708,-0.0052657635882496
NIFTY,2026-08-06 22:00:00,26319.45,1.0,201.10741770432173,26231.368421479063,TRANSITION,-0.0097627202048897,0.2,-0.0040726434987418,0.2691147052135479,0.3067581691631514,-0.0040726434987418,0.2183233742036673,NEUTRAL,0.4241271256233005,,,0.0008333333333333,0.1666666666666666,16.666666666666664,16.666666666666664,0.0,83.33333333333334,1.0,0.0,0.0,,,,,1.0,-0.00536440461874
NIFTY,2026-08-07 09:59:00,24570.65,1.5,15.586688733517638,24563.676102531183,TRENDING_BEAR,-0.010177444666624,0.2,-0.0005016576254153,0.2689473371468522,0.268941566426925,-0.0005016576254153,0.2332646100927275,NEUTRAL,0.4621110964262227,,,0.0,0.0,0.0,0.0,0.0,100.0,1.001667548967708,0.0,0.0,99.99999999989744,41.07214634211077,0.975000000000104,0.0,1.001667548967708,-0.0052657635882496
NIFTY,2026-08-07 09:59:00,24570.65,1.5,15.586688733517638,24563.571621825573,TRENDING_BEAR,-0.010177444666624,0.2,-0.0005016576254153,0.2689473371468522,0.268941566426925,-0.0005016576254153,0.2332646100927275,NEUTRAL,0.4621110964262227,,,0.0,0.0,0.0,0.0,0.0,100.0,1.001667548967708,0.0,0.0,99.99999999989744,41.07214634211077,0.975000000000104,0.0,1.001667548967708,-0.0052657635882496
NIFTY,2026-08-07 09:55:00,24570.65,1.0,15.480317682802752,24564.732997212224,TRENDING_BEAR,-0.0094581227749586,0.2,0.0001459628178735,0.2689434433453692,0.2689414737379557,0.0001459628178735,0.0590636792831542,NEUTRAL,0.4621150829166751,,,0.0,0.0,0.0,0.0,0.0,100.0,1.002505076343729,0.0,0.0,64.31846602750477,15.686829124884142,14.060714285714182,0.0,1.002505076343729,-0.0060228992253541
NIFTY,2026-08-07 09:59:00,24570.65,1.5,15.586688733517638,24563.88055680241,TRENDING_BEAR,-0.010177444666624,0.2,-0.0005016576254153,0.2689473371468522,0.268941566426925,-0.0005016576254153,0.2332646100927275,NEUTRAL,0.4621110964262227,,,0.0,0.0,0.0,0.0,0.0,100.0,1.001667548967708,0.0,0.0,99.99999999989744,41.07214634211077,0.975000000000104,0.0,1.001667548967708,-0.0052657635882496
NIFTY,2026-08-07 09:45:00,24570.65,1.0,14.275203496007483,24562.877017272924,TRENDING_BEAR,-0.0089000379666686,0.2,-3.6330811216088e-05,0.2689427369630377,0.268943109648509,-3.6330811216088e-05,0.0568926398370162,NEUTRAL,0.4621141533884533,,,0.0,0.0,0.0,0.0,0.0,100.0,1.0053573940395937,0.0,0.0,52.70345596432155,31.05812457804124,26.83571428571434,0.0,1.0053573940395937,-0.0048129128292202
NIFTY,2026-08-07 09:55:00,24570.65,1.0,15.480317682802752,24565.22821184771,TRENDING_BEAR,-0.0094581227749586,0.2,-0.0001546871362086,0.268943883573555,0.2689414851395719,-0.0001546871362086,0.0,NEUTRAL,0.4621146312868731,,,0.0,0.0,0.0,0.0,0.0,100.0,1.002505076343729,0.0,0.0,64.31846602750477,15.686829124884142,14.060714285714182,0.0,1.002505076343729,-0.0060228992253541
NIFTY,2026-08-07 09:55:00,24570.65,1.0,15.480317682802752,24564.9811891196,TRENDING_BEAR,-0.0094581227749586,0.2,-0.0001988036823134,0.2689438991117905,0.2689414855420017,-0.0001988036823134,0.0,NEUTRAL,0.4621146153462078,,,0.0,0.0,0.0,0.0,0.0,100.0,1.002505076343729,0.0,0.0,64.31846602750477,15.686829124884142,14.060714285714182,0.0,1.002505076343729,-0.0060228992253541
NIFTY,2026-08-07 09:55:00,24570.65,1.0,15.480317682802752,24565.065226399165,TRENDING_BEAR,-0.0094581227749586,0.2,-0.0002219228395889,0.2689439315707348,0.2689414863826662,-0.0002219228395889,0.0,NEUTRAL,0.4621145820465989,,,0.0,0.0,0.0,0.0,0.0,100.0,1.002505076343729,0.0,0.0,64.31846602750477,15.686829124884142,14.060714285714182,0.0,1.002505076343729,-0.0060228992253541
NIFTY,2026-08-07 09:55:00,24570.65,1.0,15.480317682802752,24564.806774003933,TRENDING_BEAR,-0.0094581227749586,0.2,1.0313273874786396e-05,0.268943656117793,0.2689414792486209,1.0313273874786396e-05,0.0220817731551081,NEUTRAL,0.462114864633586,,,0.0,0.0,0.0,0.0,0.0,100.0,1.002505076343729,0.0,0.0,64.31846602750477,15.686829124884142,14.060714285714182,0.0,1.002505076343729,-0.0060228992253541
NIFTY,2026-08-07 09:55:00,24570.65,1.0,15.480317682802752,24565.233723729467,TRENDING_BEAR,-0.0094581227749586,0.2,-0.0001875815225584,0.268943817610311,0.2689414834311687,-0.0001875815225584,0.0,NEUTRAL,0.4621146989585203,,,0.0,0.0,0.0,0.0,0.0,100.0,1.002505076343729,0.0,0.0,64.31846602750477,15.686829124884142,14.060714285714182,0.0,1.002505076343729,-0.0060228992253541
NIFTY,2026-08-07 09:55:00,24570.65,1.0,15.480317682802752,24565.56176479136,TRENDING_BEAR,-0.0094581227749586,0.2,-0.0002658163617701,0.2689437263357392,0.2689414810672187,-0.0002658163617701,0.0,NEUTRAL,0.4621147925970419,,,0.0,0.0,0.0,0.0,0.0,100.0,1.002505076343729,0.0,0.0,64.31846602750477,15.686829124884142,14.060714285714182,0.0,1.002505076343729,-0.0060228992253541
NIFTY,2026-08-07 09:55:00,24570.65,1.0,15.480317682802752,24565.064017635035,TRENDING_BEAR,-0.0094581227749586,0.2,-0.0002079312579643,0.2689440896864003,0.2689414904777532,-0.0002079312579643,0.0,NEUTRAL,0.4621144198358464,,,0.0,0.0,0.0,0.0,0.0,100.0,1.002505076343729,0.0,0.0,64.31846602750477,15.686829124884142,14.060714285714182,0.0,1.002505076343729,-0.0060228992253541
NIFTY,2026-08-07 09:59:00,24570.65,1.5,15.586688733517638,24563.459165242435,TRENDING_BEAR,-0.010177444666624,0.2,-0.0005016576254153,0.2689473371468522,0.268941566426925,-0.0005016576254153,0.2332646100927275,NEUTRAL,0.4621110964262227,,,0.0,0.0,0.0,0.0,0.0,100.0,1.001667548967708,0.0,0.0,99.99999999989744,41.07214634211077,0.975000000000104,0.0,1.001667548967708,-0.0052657635882496
NIFTY,2026-08-07 09:55:00,24570.65,1.0,15.480317682802752,24565.197270045635,TRENDING_BEAR,-0.0094581227749586,0.2,-0.000226882497193,0.2689440099937661,0.2689414884137689,-0.000226882497193,0.0,NEUTRAL,0.4621145015924649,,,0.0,0.0,0.0,0.0,0.0,100.0,1.002505076343729,0.0,0.0,64.31846602750477,15.686829124884142,14.060714285714182,0.0,1.002505076343729,-0.0060228992253541
NIFTY,2026-08-07 09:55:00,24570.65,1.0,15.480317682802752,24565.20217073418,TRENDING_BEAR,-0.0094581227749586,0.2,-0.0002632624764871,0.2689440468900416,0.2689414893693571,-0.0002632624764871,0.0,NEUTRAL,0.4621144637406012,,,0.0,0.0,0.0,0.0,0.0,100.0,1.002505076343729,0.0,0.0,64.31846602750477,15.686829124884142,14.060714285714182,0.0,1.002505076343729,-0.0060228992253541
NIFTY,2026-08-07 09:55:00,24570.65,1.0,15.480317682802752,24565.24767839056,TRENDING_BEAR,-0.0094581227749586,0.2,-0.0002185179287775,0.268943964318358,0.2689414857166192,-0.0002185179287775,0.0,NEUTRAL,0.4621145499650227,,,0.0008333333333333,0.1666666666666666,16.666666666666664,16.666666666666664,0.0,83.33333333333334,1.002505076343729,0.0,0.0,64.31846602750477,15.686829124884142,14.060714285714182,0.0,1.002505076343729,-0.0060228992253541
NIFTY,2026-08-07 09:55:00,24570.65,1.0,15.480317682802752,24565.21753197341,TRENDING_BEAR,-0.0094581227749586,0.2,0.0001148980253715,0.2689434014010551,0.2689414726516254,0.0001148980253715,0.0288357313837695,NEUTRAL,0.4621151259473194,,,0.0,0.0,0.0,0.0,0.0,100.0,1.002505076343729,0.0,0.0,64.31846602750477,15.686829124884142,14.060714285714182,0.0,1.002505076343729,-0.0060228992253541
NIFTY,2026-08-07 09:59:00,24570.65,1.5,15.586688733517638,24563.32102193964,TRENDING_BEAR,-0.010177444666624,0.2,-0.0005016576254153,0.2689473371468522,0.268941566426925,-0.0005016576254153,0.2332646100927275,NEUTRAL,0.4621110964262227,,,0.0,0.0,0.0,0.0,0.0,100.0,1.001667548967708,0.0,0.0,99.99999999989744,41.07214634211077,0.975000000000104,0.0,1.001667548967708,-0.0052657635882496
NIFTY,2026-08-07 09:45:00,24570.65,1.0,20.428020127900176,24547.64276984656,TRENDING_BEAR,-0.0087628299370408,0.2,0.0018466203055398,0.2689431006898336,0.2689471609237194,0.0018466203055398,0.0,NEUTRAL,0.4621097383864469,,,0.0,0.0,0.0,0.0,0.0,100.0,1.0003724417525526,0.0,0.0,40.44585987260942,21.4183277842482,47.24285714285647,0.0,1.0003724417525526,-0.0049433777108788
NIFTY,2026-08-07 09:55:00,24570.65,1.0,15.480317682802752,24565.378118304965,TRENDING_BEAR,-0.0094581227749586,0.2,-0.000183618781064,0.2689438142271396,0.2689414835203965,-0.000183618781064,0.0,NEUTRAL,0.4621147022524638,,,-0.0008333333333333,0.1666666666666666,16.666666666666664,0.0,16.666666666666664,83.33333333333334,1.002505076343729,0.0,0.0,64.31846602750477,15.686829124884142,14.060714285714182,0.0,1.002505076343729,-0.0060228992253541
NIFTY,2026-08-07 04:00:00,99.54,1.0,-0.4133687424746939,99.69208234088492,TRANSITION,-0.0103393821045756,0.2,-0.0048411105262153,0.2690355097719249,0.3231137062919563,-0.0048411105262153,0.25,NEUTRAL,0.4078507839361187,,,-0.0008333333333333,0.1666666666666666,16.666666666666664,0.0,16.666666666666664,83.33333333333334,1.0,0.0,0.0,,,,,1.0,-0.0058597784489393
NIFTY,2026-08-07 09:55:00,24570.65,1.0,15.480317682802752,24565.18738067193,TRENDING_BEAR,-0.0094581227749586,0.2,-0.0001920111773015,0.2689438716265683,0.2689414848301531,-0.0001920111773015,0.0,NEUTRAL,0.4621146435432786,,,0.0,0.0,0.0,0.0,0.0,100.0,1.002505076343729,0.0,0.0,64.31846602750477,15.686829124884142,14.060714285714182,0.0,1.002505076343729,-0.0060228992253541
NIFTY,2026-08-07 09:55:00,24570.65,1.0,15.480317682802752,24565.084553376226,TRENDING_BEAR,-0.0094581227749586,0.2,5.26582861240281e-07,0.2689436565769819,0.2689414792605136,5.26582861240281e-07,0.0,NEUTRAL,0.4621148641625044,,,0.0,0.0,0.0,0.0,0.0,100.0,1.002505076343729,0.0,0.0,64.31846602750477,15.686829124884142,14.060714285714182,0.0,1.002505076343729,-0.0060228992253541
NIFTY,2026-08-07 09:59:00,24570.65,1.5,15.586688733517638,24563.56900966089,TRENDING_BEAR,-0.010177444666624,0.2,-0.0005016576254153,0.2689473371468522,0.268941566426925,-0.0005016576254153,0.2332646100927275,NEUTRAL,0.4621110964262227,,,0.0,0.0,0.0,0.0,0.0,100.0,1.001667548967708,0.0,0.0,99.99999999989744,41.07214634211077,0.975000000000104,0.0,1.001667548967708,-0.0052657635882496
NIFTY,2026-08-07 09:59:00,24570.65,1.5,15.586688733517638,24563.34868830822,TRENDING_BEAR,-0.010177444666624,0.2,-0.0004964563239194,0.268947306504684,0.2689415656755733,-0.0004964563239194,0.0548651299352827,NEUTRAL,0.4621111278197426,,,0.0,0.0,0.0,0.0,0.0,100.0,1.001667548967708,0.0,0.0,99.99999999989744,41.07214634211077,0.975000000000104,0.0,1.001667548967708,-0.0052657635882496
NIFTY,2026-08-07 09:55:00,24570.65,1.0,15.480317682802752,24565.30004169623,TRENDING_BEAR,-0.0094581227749586,0.2,-0.0001407797549531,0.2689435809105292,0.2689414773008028,-0.0001407797549531,0.0,NEUTRAL,0.462114941788668,,,0.0,0.0,0.0,0.0,0.0,100.0,1.002505076343729,0.0,0.0,64.31846602750477,15.686829124884142,14.060714285714182,0.0,1.002505076343729,-0.0060228992253541
NIFTY,2026-08-07 09:55:00,24570.65,1.0,15.480317682802752,24564.714018272178,TRENDING_BEAR,-0.0094581227749586,0.2,-0.0002949852058289,0.2689438861304648,0.2689414852057942,-0.0002949852058289,0.0,NEUTRAL,0.462114628663741,,,0.0,0.0,0.0,0.0,0.0,100.0,1.002505076343729,0.0,0.0,64.31846602750477,15.686829124884142,14.060714285714182,0.0,1.002505076343729,-0.0060228992253541
NIFTY,2026-08-07 09:55:00,24570.65,1.0,15.480317682802752,24565.4340774536,TRENDING_BEAR,-0.0094581227749586,0.2,0.000210832604984,0.2689433993187583,0.2689414725976952,0.000210832604984,0.0623676350586449,NEUTRAL,0.4621151280835464,,,0.0,0.0,0.0,0.0,0.0,100.0,1.002505076343729,0.0,0.0,64.31846602750477,15.686829124884142,14.060714285714182,0.0,1.002505076343729,-0.0060228992253541
NIFTY,2026-08-07 09:55:00,24570.65,1.0,15.480317682802752,24565.603148902268,TRENDING_BEAR,-0.0094581227749586,0.2,0.0001675647083417,0.2689433556544039,0.2689414714668168,0.0001675647083417,0.0476572875516305,NEUTRAL,0.4621151728787792,,,0.0,0.0,0.0,0.0,0.0,100.0,1.002505076343729,0.0,0.0,64.31846602750477,15.686829124884142,14.060714285714182,0.0,1.002505076343729,-0.0060228992253541
NIFTY,2026-08-07 09:55:00,24570.65,1.0,15.480317682802752,24565.411343228207,TRENDING_BEAR,-0.0094581227749586,0.2,-0.0001361352484143,0.2689439065656901,0.2689414857350526,-0.0001361352484143,0.0,NEUTRAL,0.4621146076992571,,,0.0,0.0,0.0,0.0,0.0,100.0,1.002505076343729,0.0,0.0,64.31846602750477,15.686829124884142,14.060714285714182,0.0,1.002505076343729,-0.0060228992253541
NIFTY,2026-08-07 09:59:00,24570.65,1.5,15.586688733517638,24564.00847029261,TRENDING_BEAR,-0.010177444666624,0.2,-0.0003998762483936,0.2689467302356084,0.2689415482293293,-0.0003998762483936,0.0032405009762125,NEUTRAL,0.4621117215350623,,,0.0008333333333333,0.1666666666666666,16.666666666666664,16.666666666666664,0.0,83.33333333333334,1.001667548967708,0.0,0.0,99.99999999989744,41.07214634211077,0.975000000000104,0.0,1.001667548967708,-0.0052657635882496
NIFTY,2026-08-06T23:00:00,95.2,1.0,0.1817888032267527,95.17362690775562,TRANSITION,-0.010472091846168,0.2,0.0012980257506787,0.2746999184032018,0.2689414245530805,0.0012980257506787,0.1269411131827588,NEUTRAL,0.4563586570437176,,,-0.0008333333333333,0.1666666666666666,16.666666666666664,0.0,16.666666666666664,83.33333333333334,1.0,0.0,0.0,,,,,1.0,-0.0058871615678071
NIFTY,2026-08-07 09:55:00,24570.65,1.0,15.480317682802752,24565.11109461093,TRENDING_BEAR,-0.0094581227749586,0.2,-0.0002056111809862,0.2689438881611878,0.2689414852583885,-0.0002056111809862,0.0,NEUTRAL,0.4621146265804235,,,0.0,0.0,0.0,0.0,0.0,100.0,1.002505076343729,0.0,0.0,64.31846602750477,15.686829124884142,14.060714285714182,0.0,1.002505076343729,-0.0060228992253541
NIFTY,2026-08-07 09:59:00,24570.65,1.5,15.586688733517638,24562.86517964151,TRENDING_BEAR,-0.010177444666624,0.2,-0.0005016576254153,0.2689473371468522,0.268941566426925,-0.0005016576254153,0.2332646100927275,NEUTRAL,0.4621110964262227,,,0.0,0.0,0.0,0.0,0.0,100.0,1.001667548967708,0.0,0.0,99.99999999989744,41.07214634211077,0.975000000000104,0.0,1.001667548967708,-0.0052657635882496
NIFTY,2026-08-07 09:55:00,24570.65,1.0,15.480317682802752,24564.853652237893,TRENDING_BEAR,-0.0094581227749586,0.2,-0.0002055559152917,0.2689438983837505,0.2689414855231459,-0.0002055559152917,0.0,NEUTRAL,0.4621146160931035,,,0.0,0.0,0.0,0.0,0.0,100.0,1.002505076343729,0.0,0.0,64.31846602750477,15.686829124884142,14.060714285714182,0.0,1.002505076343729,-0.0060228992253541
NIFTY,2026-08-07 09:55:00,24570.65,1.0,15.480317682802752,24565.67908445482,TRENDING_BEAR,-0.0094581227749586,0.2,-0.000195414978371,0.2689439325711991,0.2689414865941736,-0.000195414978371,0.0,NEUTRAL,0.4621145808346272,,,-0.0008333333333333,0.1666666666666666,16.666666666666664,0.0,16.666666666666664,83.33333333333334,1.002505076343729,0.0,0.0,64.31846602750477,15.686829124884142,14.060714285714182,0.0,1.002505076343729,-0.0060228992253541
NIFTY,2026-08-07 04:00:00,53986.4,1.5,,,TRANSITION,-0.005409502889961,0.2,-0.0035442364064526,0.2913173279169405,0.3151161221895937,-0.0035442364064526,0.0965635825466012,NEUTRAL,0.3935665498934657,,,0.0008333333333333,0.1666666666666666,16.666666666666664,16.666666666666664,0.0,83.33333333333334,1.0,0.0,0.0,,,,,1.0,-0.0046481092460453
NIFTY,2026-08-07 00:00:00,26319.45,1.0,201.10741770432173,26236.51100333812,TRANSITION,-0.009952968917787,0.2,-0.0037912802212072,0.2693930469235331,0.3110870926335956,-0.0037912802212072,0.2090433233869447,NEUTRAL,0.4195198604428712,,,-0.0008333333333333,0.1666666666666666,16.666666666666664,0.0,16.666666666666664,83.33333333333334,1.0,0.0,0.0,,,,,1.0,-0.00536440461874
NIFTY,2026-08-07T00:00:00,26319.45,1.0,201.10741770432173,26239.183792372107,TRANSITION,-0.009952968917787,0.2,-0.0029528670542711,0.27165828585455,0.2981964373825348,-0.0029528670542711,0.1632084449652799,NEUTRAL,0.4301452767629152,,,0.0,0.0,0.0,0.0,0.0,100.0,1.0,0.0,0.0,,,,,1.0,-0.00536440461874
NIFTY,2026-08-07 09:59:00,24570.65,1.5,15.586688733517638,24563.902865532247,TRENDING_BEAR,-0.010177444666624,0.2,-0.0005016576254153,0.2689473371468522,0.268941566426925,-0.0005016576254153,0.2332646100927275,NEUTRAL,0.4621110964262227,,,0.0,0.0,0.0,0.0,0.0,100.0,1.001667548967708,0.0,0.0,99.99999999989744,41.07214634211077,0.975000000000104,0.0,1.001667548967708,-0.0052657635882496
NIFTY,2026-08-07 09:55:00,24570.65,1.0,15.480317682802752,24565.41508558342,TRENDING_BEAR,-0.0094581227749586,0.2,-0.00012713209599,0.2689438352994854,0.2689414838893063,-0.00012713209599,0.0,NEUTRAL,0.4621146808112081,,,0.0,0.0,0.0,0.0,0.0,100.0,1.002505076343729,0.0,0.0,64.31846602750477,15.686829124884142,14.060714285714182,0.0,1.002505076343729,-0.0060228992253541
NIFTY,2026-08-07 09:59:00,24570.65,1.5,15.586688733517638,24564.012627955108,TRENDING_BEAR,-0.010177444666624,0.2,-0.0004372508670776,0.2689469577106881,0.2689415571230758,-0.0004372508670776,0.0053034630627133,NEUTRAL,0.462111485166236,,,0.0,0.0,0.0,0.0,0.0,100.0,1.001667548967708,0.0,0.0,99.99999999989744,41.07214634211077,0.975000000000104,0.0,1.001667548967708,-0.0052657635882496
BANKNIFTY,2026-08-07 09:55:00,57746.45,1.0,-62.802194635367314,57773.066682910896,TRENDING_BULL,-188.406583906102,0.25,-0.000448989527392,0.2689423644407402,0.2692139162594995,-0.000448989527392,0.0321086550200419,NEUTRAL,0.4618437192997602,,,-0.0008333333333333,0.1666666666666666,16.666666666666664,0.0,16.666666666666664,83.33333333333334,0.9977392282401798,0.0,0.0,40.07174265216235,16.39240314422387,52.94642857142857,0.0,0.9977392282401798,-314.01097317683656
BANKNIFTY,2026-08-07T09:59:00,57746.45,1.5000000076149895,-62.46093464139691,57772.944115736245,TRENDING_BEAR,-187.3828039241908,0.2,0.0005295988771257,0.2689416049578288,0.2689712890262504,0.0005295988771257,0.0,NEUTRAL,0.4620871060159208,,,0.0,0.0,0.0,0.0,0.0,100.0,0.9971609561401458,0.0,0.0,0.0,34.67189367918216,3.907142857143169,0.0,0.9971609561401458,-374.7656078483814
NIFTY,2026-08-07 09:59:00,24570.65,1.5,15.586688733517638,24563.8104006739,TRENDING_BEAR,-0.010177444666624,0.2,-0.0005016569984335,0.2689473290284521,0.2689415625378374,-0.0005016569984335,0.2332305530494857,NEUTRAL,0.4621111084337104,,,0.0008333333333333,0.1666666666666666,16.666666666666664,16.666666666666664,0.0,83.33333333333334,1.001667548967708,0.0,0.0,99.99999999989744,41.07214634211077,0.975000000000104,0.0,1.001667548967708,-0.0052657635882496
NIFTY,2026-08-07 09:55:00,24570.65,1.0,15.480317682802752,24564.64748677752,TRENDING_BEAR,-0.0094581227749586,0.2,-0.0002354116236815,0.2689438991125692,0.2689414855420218,-0.0002354116236815,0.0,NEUTRAL,0.4621146153454089,,,0.0,0.0,0.0,0.0,0.0,100.0,1.002505076343729,0.0,0.0,64.31846602750477,15.686829124884142,14.060714285714182,0.0,1.002505076343729,-0.0060228992253541
NIFTY,2026-08-07 09:55:00,24570.65,1.0,15.480317682802752,24565.3890131139,TRENDING_BEAR,-0.0094581227749586,0.2,-0.0002026804190623,0.2689437686338222,0.2689414821627107,-0.0002026804190623,0.0,NEUTRAL,0.4621147492034671,,,0.0,0.0,0.0,0.0,0.0,100.0,1.002505076343729,0.0,0.0,64.31846602750477,15.686829124884142,14.060714285714182,0.0,1.002505076343729,-0.0060228992253541
NIFTY,2026-08-07 09:55:00,24570.65,1.0,15.480317682802752,24565.47709211679,TRENDING_BEAR,-0.0094581227749586,0.2,0.0001240712058523,0.2689434338863188,0.2689414736417122,0.0001240712058523,0.049985101503967,NEUTRAL,0.4621150924719689,,,-0.0008333333333333,0.1666666666666666,16.666666666666664,0.0,16.666666666666664,83.33333333333334,1.002505076343729,0.0,0.0,64.31846602750477,15.686829124884142,14.060714285714182,0.0,1.002505076343729,-0.0060228992253541
NIFTY,2026-08-07 09:55:00,24570.65,1.0,15.480317682802752,24564.955103251512,TRENDING_BEAR,-0.0094581227749586,0.2,-0.0002166263920461,0.2689439942333633,0.2689414880055853,-0.0002166263920461,0.0,NEUTRAL,0.4621145177610513,,,0.0,0.0,0.0,0.0,0.0,100.0,1.002505076343729,0.0,0.0,64.31846602750477,15.686829124884142,14.060714285714182,0.0,1.002505076343729,-0.0060228992253541
NIFTY,2026-08-07 09:55:00,24570.65,1.0,15.480317682802752,24565.67006371653,TRENDING_BEAR,-0.0094581227749586,0.2,0.0001133248520421,0.2689433014084446,0.2689414700618816,0.0001133248520421,0.015362414328655,NEUTRAL,0.4621152285296738,,,0.0,0.0,0.0,0.0,0.0,100.0,1.002505076343729,0.0,0.0,64.31846602750477,15.686829124884142,14.060714285714182,0.0,1.002505076343729,-0.0060228992253541
NIFTY,2026-08-07T15:15:00,24570.65,1.0,14.275203496007483,24563.148625000616,TRENDING_BEAR,-0.0089000379666686,0.2,0.0002795903968936,0.2689425053961939,0.2689415478333034,0.0002795903968936,0.0194211003956427,NEUTRAL,0.4621159467705026,,,0.0,0.0,0.0,0.0,0.0,100.0,1.0053573940395937,0.0,0.0,52.70345596432155,31.05812457804124,26.83571428571434,0.0,1.0053573940395937,-0.0048129128292202
NIFTY,2026-08-07 04:00:00,99.53,1.0,-0.4247888760839827,99.69043199762892,TRANSITION,-0.0103393821045756,0.2,-0.0031568379177529,0.2695667678136849,0.288559263259072,-0.0031568379177529,0.1742651436056992,NEUTRAL,0.441873968927243,,,0.0,0.0,0.0,0.0,0.0,100.0,1.0,0.0,0.0,,,,,1.0,-0.0048831487074494
NIFTY,2026-08-07 04:00:00,99.53,1.0,-0.4247888760839827,99.6814832356658,TRANSITION,-0.0103393821045756,0.2,-0.0053472726538305,0.2690981653118318,0.3421766208797372,-0.0053472726538305,0.25,NEUTRAL,0.3887252138084309,,,0.0,0.0,0.0,0.0,0.0,100.0,1.0,0.0,0.0,,,,,1.0,-0.0048831487074494
NIFTY,2026-08-07 09:59:00,24570.65,1.5,15.586688733517638,24563.42045373015,TRENDING_BEAR,-0.010177444666624,0.2,-0.000501727940817,0.2689473367333108,0.2689415664167849,-0.000501727940817,0.2332596207110109,NEUTRAL,0.4621110968499042,,,0.0,0.0,0.0,0.0,0.0,100.0,1.001667548967708,0.0,0.0,99.99999999989744,41.07214634211077,0.975000000000104,0.0,1.001667548967708,-0.0052657635882496
NIFTY,2026-08-07 09:59:00,24570.65,1.5,15.586688733517638,24563.71059382797,TRENDING_BEAR,-0.010177444666624,0.2,-7.471981496237394e-05,0.2689448326400539,0.2689415050157773,-7.471981496237394e-05,0.000478564369267,NEUTRAL,0.4621136623441688,,,0.0,0.0,0.0,0.0,0.0,100.0,1.001667548967708,0.0,0.0,99.99999999989744,41.07214634211077,0.975000000000104,0.0,1.001667548967708,-0.0052657635882496
NIFTY,2026-08-07 09:55:00,24570.65,1.0,15.480317682802752,24565.443851711483,TRENDING_BEAR,-0.0094581227749586,0.2,-0.0001922234402773,0.268943902410833,0.2689414856274446,-0.0001922234402773,0.0,NEUTRAL,0.4621146119617222,,,0.0,0.0,0.0,0.0,0.0,100.0,1.002505076343729,0.0,0.0,64.31846602750477,15.686829124884142,14.060714285714182,0.0,1.002505076343729,-0.0060228992253541
NIFTY,2026-08-07 04:00:00,83.26,1.5,1.6658206639158504,82.53066097692367,TRANSITION,-0.0068925670348107,0.2,-0.0035312024441719,0.2982828993719374,0.3164750905884568,-0.0035312024441719,0.0752035461557555,NEUTRAL,0.3852420100396057,,,0.0,0.0,0.0,0.0,0.0,100.0,1.0,0.0,0.0,,,,,1.0,-0.0050116248428821
NIFTY,2026-08-07 04:00:00,83.26,1.5,1.6658206639158504,82.45496381050678,TRANSITION,-0.0068925670348107,0.2,-0.0036179906824982,0.2985958936043611,0.3159514605447196,-0.0036179906824982,0.0843646512167081,NEUTRAL,0.3854526458509192,,,0.0,0.0,0.0,0.0,0.0,100.0,1.0,0.0,0.0,,,,,1.0,-0.0050116248428821
NIFTY,2026-08-07 04:00:00,4395.6,1.5,142.50228944927633,4305.36868363488,TRANSITION,-0.0063333534635603,0.2,-0.0109325466840776,0.2762531730393034,0.3385790625764172,-0.0109325466840776,0.25,NEUTRAL,0.3851677643842794,,,-0.0008333333333333,0.1666666666666666,16.666666666666664,0.0,16.666666666666664,83.33333333333334,1.0,0.0,0.0,,,,,1.0,-0.0068661499768495
NIFTY,2026-08-07 09:55:00,24570.65,1.0,15.480317682802752,24565.26961952894,TRENDING_BEAR,-0.0094581227749586,0.2,-0.0002413057386312,0.2689438332429744,0.2689414838360441,-0.0002413057386312,0.0,NEUTRAL,0.4621146829209814,,,0.0,0.0,0.0,0.0,0.0,100.0,1.002505076343729,0.0,0.0,64.31846602750477,15.686829124884142,14.060714285714182,0.0,1.002505076343729,-0.0060228992253541
NIFTY,2026-08-07 09:59:00,24570.65,1.5,15.586688733517638,24563.837645923173,TRENDING_BEAR,-0.010177444666624,0.2,-0.000499453108064,0.2689473241594888,0.2689415661084724,-0.000499453108064,0.0982679233121334,NEUTRAL,0.4621111097320387,,,0.0,0.0,0.0,0.0,0.0,100.0,1.001667548967708,0.0,0.0,99.99999999989744,41.07214634211077,0.975000000000104,0.0,1.001667548967708,-0.0052657635882496
NIFTY,2026-08-07 09:59:00,24570.65,1.5,15.586688733517638,24563.699214896693,TRENDING_BEAR,-0.010177444666624,0.2,-0.0005016576254153,0.2689473371468522,0.268941566426925,-0.0005016576254153,0.2332646100927275,NEUTRAL,0.4621110964262227,,,0.0,0.0,0.0,0.0,0.0,100.0,1.001667548967708,0.0,0.0,99.99999999989744,41.07214634211077,0.975000000000104,0.0,1.001667548967708,-0.0052657635882496
NIFTY,2026-08-07 09:55:00,24570.65,1.0,15.480317682802752,24565.327720855566,TRENDING_BEAR,-0.0094581227749586,0.2,-0.0002122997409692,0.2689439192916383,0.268941486064646,-0.0002122997409692,0.0,NEUTRAL,0.4621145946437157,,,0.0,0.0,0.0,0.0,0.0,100.0,1.002505076343729,0.0,0.0,64.31846602750477,15.686829124884142,14.060714285714182,0.0,1.002505076343729,-0.0060228992253541
NIFTY,2026-08-06 15:00:00,6258.77,1.5,-133.35950314532346,6306.169567279321,TRANSITION,-0.0037949332036077,0.2,1.0279585931523977e-05,0.306475094392746,0.3060401208010004,1.0279585931523977e-05,0.0138910284733634,NEUTRAL,0.3874847848062535,,,-0.0008333333333333,0.1666666666666666,16.666666666666664,0.0,16.666666666666664,83.33333333333334,1.0,0.0,0.0,,,,,1.0,-0.0009763804497197
NIFTY,2026-08-07 04:00:00,29834.75,1.5,332.15405132733963,29673.22120291136,TRANSITION,-0.0067289685830473,0.2,-0.0041730805908355,0.2874780367700226,0.3141911336360803,-0.0041730805908355,0.1336249786971456,NEUTRAL,0.3983308295938971,,,0.0,0.0,0.0,0.0,0.0,100.0,1.0,0.0,0.0,,,,,1.0,-0.0050759319216012
NIFTY,2026-08-07 04:00:00,29834.75,1.5,332.15405132733963,29684.31676800929,TRANSITION,-0.0067289685830473,0.2,-0.0044435035583698,0.2869073765661483,0.3181327535277446,-0.0044435035583698,0.1282110654113872,NEUTRAL,0.3949598699061071,,,0.0,0.0,0.0,0.0,0.0,100.0,1.0,0.0,0.0,,,,,1.0,-0.0050759319216012
NIFTY,2026-08-07 04:00:00,29834.75,1.5,332.15405132733963,29705.573217785262,TRANSITION,-0.0067289685830473,0.2,-0.004694701289187,0.2847591675816717,0.3187753594586963,-0.004694701289187,0.1334199246959053,NEUTRAL,0.3964654729596321,,,0.0,0.0,0.0,0.0,0.0,100.0,1.0,0.0,0.0,,,,,1.0,-0.0050759319216012
NIFTY,2026-08-07 04:00:00,99.6,1.0,-0.3448479408190092,99.72165851345896,TRANSITION,-0.0103393821045756,0.2,-0.0034976297246528,0.2691070335252691,0.3003389019346098,-0.0034976297246528,0.2070580530167967,NEUTRAL,0.4305540645401211,,,-0.0008333333333333,0.1666666666666666,16.666666666666664,0.0,16.666666666666664,83.33333333333334,1.0,0.0,0.0,,,,,1.0,-0.0058597784489393
NIFTY,2026-08-07 09:55:00,24570.65,1.0,15.480317682802752,24565.391000185227,TRENDING_BEAR,-0.0094581227749586,0.2,-0.000124316160524,0.2689438150025587,0.2689414833636296,-0.000124316160524,0.0,NEUTRAL,0.4621147016338116,,,0.0,0.0,0.0,0.0,0.0,100.0,1.002505076343729,0.0,0.0,64.31846602750477,15.686829124884142,14.060714285714182,0.0,1.002505076343729,-0.0060228992253541
NIFTY,2026-08-07 09:59:00,24570.65,1.5,15.586688733517638,24563.49082656905,TRENDING_BEAR,-0.010177444666624,0.2,-0.0005016576254153,0.2689473371468522,0.268941566426925,-0.0005016576254153,0.2332646100927275,NEUTRAL,0.4621110964262227,,,0.0,0.0,0.0,0.0,0.0,100.0,1.001667548967708,0.0,0.0,99.99999999989744,41.07214634211077,0.975000000000104,0.0,1.001667548967708,-0.0052657635882496
NIFTY,2026-08-07 09:59:00,24570.65,1.5,15.586688733517638,24563.929360257123,TRENDING_BEAR,-0.010177444666624,0.2,-0.0004094856999975,0.268946794139367,0.2689415531122724,-0.0004094856999975,0.0036149392421667,NEUTRAL,0.4621116527483605,,,0.0,0.0,0.0,0.0,0.0,100.0,1.001667548967708,0.0,0.0,99.99999999989744,41.07214634211077,0.975000000000104,0.0,1.001667548967708,-0.0052657635882496
NIFTY,2026-08-07 09:59:00,24570.65,1.5,15.586688733517638,24563.68444101752,TRENDING_BEAR,-0.010177444666624,0.2,-0.0005016576254153,0.2689473371468522,0.268941566426925,-0.0005016576254153,0.2332646100927275,NEUTRAL,0.4621110964262227,,,0.0,0.0,0.0,0.0,0.0,100.0,1.001667548967708,0.0,0.0,99.99999999989744,41.07214634211077,0.975000000000104,0.0,1.001667548967708,-0.0052657635882496
NIFTY,2026-08-07 04:00:00,99.6,1.0,-0.3448479408190092,99.7300749185504,TRANSITION,-0.0103393821045756,0.2,-0.0053106636498356,0.2690142913769909,0.3229316038539429,-0.0053106636498356,0.25,NEUTRAL,0.4080541047690662,,,0.0,0.0,0.0,0.0,0.0,100.0,1.0,0.0,0.0,,,,,1.0,-0.0058597784489393
NIFTY,2026-08-07 09:45:00,24570.65,1.0,14.275203496007483,24562.10544712668,TRENDING_BEAR,0.0005910317413508,0.2,-0.0004193348799554,1.3673572539803104e-05,0.0002251976205987,-0.0004193348799554,0.0002173490991956,NEUTRAL,0.9997611288068614,,,-0.0008333333333333,0.1666666666666666,16.666666666666664,0.0,16.666666666666664,83.33333333333334,1.0053573940395937,0.0,0.0,50.69907505017879,31.2206119736355,26.83571428571434,1.0,1.0053573940395937,-0.0014489840716123
NIFTY,2026-08-07 09:59:00,24570.65,1.5,15.586688733517638,24563.871391841643,TRENDING_BEAR,-0.010177444666624,0.2,-0.0005006786167862,0.2689473313792673,0.2689415662855027,-0.0005006786167862,0.144949499073083,NEUTRAL,0.4621111023352298,,,0.0,0.0,0.0,0.0,0.0,100.0,1.001667548967708,0.0,0.0,99.99999999989744,41.07214634211077,0.975000000000104,0.0,1.001667548967708,-0.0052657635882496
NIFTY,2026-08-07 09:55:00,24570.65,1.0,15.480317682802752,24565.304442783294,TRENDING_BEAR,-0.0094581227749586,0.2,-0.0003381864734719,0.2689443488514305,0.268941497189946,-0.0003381864734719,0.0,NEUTRAL,0.4621141539586235,,,0.0,0.0,0.0,0.0,0.0,100.0,1.002505076343729,0.0,0.0,64.31846602750477,15.686829124884142,14.060714285714182,0.0,1.002505076343729,-0.0060228992253541
NIFTY,2026-08-07 09:55:00,24570.65,1.0,15.480317682802752,24565.131055294685,TRENDING_BEAR,-0.0094581227749586,0.2,0.0002038494362584,0.2689433737383323,0.2689414719351788,0.0002038494362584,0.0610292799533433,NEUTRAL,0.4621151543264888,,,0.0,0.0,0.0,0.0,0.0,100.0,1.002505076343729,0.0,0.0,64.31846602750477,15.686829124884142,14.060714285714182,0.0,1.002505076343729,-0.0060228992253541
NIFTY,2026-08-07 09:55:00,24570.65,1.0,15.480317682802752,24565.40537208864,TRENDING_BEAR,-0.0094581227749586,0.2,-0.0001730608033562,0.2689438596420044,0.2689414845197611,-0.0001730608033562,0.0,NEUTRAL,0.4621146558382345,,,0.0,0.0,0.0,0.0,0.0,100.0,1.002505076343729,0.0,0.0,64.31846602750477,15.686829124884142,14.060714285714182,0.0,1.002505076343729,-0.0060228992253541
BANKNIFTY,2026-08-07 09:55:00,57746.45,1.0,-62.802194635367314,57775.444450420815,TRENDING_BULL,-188.406583906102,0.25,1.759321785556114e-05,0.0028789319185178,0.0229930342893394,1.759321785556114e-05,0.0193357898232423,NEUTRAL,0.9741280337921426,,,-0.0008333333333333,0.1666666666666666,16.666666666666664,0.0,16.666666666666664,83.33333333333334,0.9977392282401798,0.0,0.0,43.14442704412261,12.660432646870287,52.94642857142857,1.0,0.9977392282401798,-314.01097317683656
NIFTY,2026-08-07 09:59:00,24570.65,1.5,15.586688733517638,24563.499952532675,TRENDING_BEAR,-0.010177444666624,0.2,-0.0005016576254153,0.2689473371468522,0.268941566426925,-0.0005016576254153,0.2332646100927275,NEUTRAL,0.4621110964262227,,,0.0,0.0,0.0,0.0,0.0,100.0,1.001667548967708,0.0,0.0,99.99999999989744,41.07214634211077,0.975000000000104,0.0,1.001667548967708,-0.0052657635882496
NIFTY,2026-08-07 09:55:00,24570.65,1.0,15.480317682802752,24565.491921586025,TRENDING_BEAR,-0.0094581227749586,0.2,-0.0002140801457721,0.2689439306734555,0.2689414863594273,-0.0002140801457721,0.0,NEUTRAL,0.4621145829671171,,,0.0,0.0,0.0,0.0,0.0,100.0,1.002505076343729,0.0,0.0,64.31846602750477,15.686829124884142,14.060714285714182,0.0,1.002505076343729,-0.0060228992253541
NIFTY,2026-08-07 09:55:00,24570.65,1.0,15.480317682802752,24565.25708373681,TRENDING_BEAR,-0.0094581227749586,0.2,1.3181853789126409e-05,0.2689435373989322,0.2689414761738812,1.3181853789126409e-05,0.0,NEUTRAL,0.4621149864271866,,,0.0,0.0,0.0,0.0,0.0,100.0,1.002505076343729,0.0,0.0,64.31846602750477,15.686829124884142,14.060714285714182,0.0,1.002505076343729,-0.0060228992253541
NIFTY,2026-08-07 09:55:00,24570.65,1.0,15.480317682802752,24565.108595339963,TRENDING_BEAR,-0.0094581227749586,0.2,-0.0001720728717303,0.2689439320026577,0.2689414863938527,-0.0001720728717303,0.0,NEUTRAL,0.4621145816034895,,,0.0,0.0,0.0,0.0,0.0,100.0,1.002505076343729,0.0,0.0,64.31846602750477,15.686829124884142,14.060714285714182,0.0,1.002505076343729,-0.0060228992253541
NIFTY,2026-08-07 09:55:00,24570.65,1.0,15.480317682802752,24565.357893211865,TRENDING_BEAR,-0.0094581227749586,0.2,-0.0001714284318634,0.2689438377120713,0.2689414839517907,-0.0001714284318634,0.0,NEUTRAL,0.4621146783361379,,,0.0,0.0,0.0,0.0,0.0,100.0,1.002505076343729,0.0,0.0,64.31846602750477,15.686829124884142,14.060714285714182,0.0,1.002505076343729,-0.0060228992253541
NIFTY,2026-08-07 09:55:00,24570.65,1.0,15.480317682802752,24565.04747674437,TRENDING_BEAR,-0.0094581227749586,0.2,-0.000270627999896,0.2689438641575024,0.2689414846367094,-0.000270627999896,0.0,NEUTRAL,0.4621146512057882,,,0.0,0.0,0.0,0.0,0.0,100.0,1.002505076343729,0.0,0.0,64.31846602750477,15.686829124884142,14.060714285714182,0.0,1.002505076343729,-0.0060228992253541
NIFTY,2026-08-06T15:00:00,65606.71,1.5,-599.9379101318191,65559.46655693237,TRANSITION,-0.0100329397246241,0.2,-0.0436120255003096,0.2698018954870247,0.3757024835777159,-0.0436120255003096,0.25,NEUTRAL,0.3544956209352593,,,0.0008333333333333,0.1666666666666666,16.666666666666664,16.666666666666664,0.0,83.33333333333334,1.0,0.0,0.0,,,,,1.0,0.0013479384128004
NIFTY,2026-08-07 04:00:00,78.18,1.5,1.8074940376858857,77.58902733252818,TRANSITION,-0.0068925670348107,0.2,-0.0037529387941773,0.2970889675734774,0.317347616060941,-0.0037529387941773,0.0946068666609819,NEUTRAL,0.3855634163655815,,,-0.0008333333333333,0.1666666666666666,16.666666666666664,0.0,16.666666666666664,83.33333333333334,1.0,0.0,0.0,,,,,1.0,-0.0050116248428821
NIFTY,2026-08-07 09:55:00,24570.65,1.0,15.480317682802752,24564.850755174823,TRENDING_BEAR,-0.0094581227749586,0.2,-0.0001883800902956,0.2689439457606198,0.2689414867501745,-0.0001883800902956,0.0,NEUTRAL,0.4621145674892056,,,0.0,0.0,0.0,0.0,0.0,100.0,1.002505076343729,0.0,0.0,64.31846602750477,15.686829124884142,14.060714285714182,0.0,1.002505076343729,-0.0060228992253541
NIFTY,2026-08-07 09:55:00,24570.65,1.0,15.480317682802752,24565.399308917447,TRENDING_BEAR,-0.0094581227749586,0.2,-0.0001458360065257,0.2689438184724312,0.2689414836306605,-0.0001458360065257,0.0,NEUTRAL,0.4621146978969082,,,-0.0008333333333333,0.1666666666666666,16.666666666666664,0.0,16.666666666666664,83.33333333333334,1.002505076343729,0.0,0.0,64.31846602750477,15.686829124884142,14.060714285714182,0.0,1.002505076343729,-0.0060228992253541
NIFTY,2026-08-07 09:55:00,24570.65,1.0,15.480317682802752,24564.696616343044,TRENDING_BEAR,-0.0094581227749586,0.2,0.0002352164715327,0.2689434588326149,0.2689414741390652,0.0002352164715327,0.0744875627951289,NEUTRAL,0.4621150670283198,,,0.0,0.0,0.0,0.0,0.0,100.0,1.002505076343729,0.0,0.0,64.31846602750477,15.686829124884142,14.060714285714182,0.0,1.002505076343729,-0.0060228992253541
NIFTY,2026-08-07 09:55:00,24570.65,1.0,15.480317682802752,24565.39057548353,TRENDING_BEAR,-0.0094581227749586,0.2,-0.0001948824770462,0.2689438859989433,0.2689414852023878,-0.0001948824770462,0.0,NEUTRAL,0.4621146287986689,,,0.0,0.0,0.0,0.0,0.0,100.0,1.002505076343729,0.0,0.0,64.31846602750477,15.686829124884142,14.060714285714182,0.0,1.002505076343729,-0.0060228992253541
NIFTY,2026-08-07 09:55:00,24570.65,1.0,15.480317682802752,24565.729769819234,TRENDING_BEAR,-0.0094581227749586,0.2,-0.0001993840056345,0.2689439526628099,0.2689414869289365,-0.0001993840056345,0.0,NEUTRAL,0.4621145604082536,,,0.0,0.0,0.0,0.0,0.0,100.0,1.002505076343729,0.0,0.0,64.31846602750477,15.686829124884142,14.060714285714182,0.0,1.002505076343729,-0.0060228992253541
NIFTY,2026-08-07 09:55:00,24570.65,1.0,15.480317682802752,24565.54415036638,TRENDING_BEAR,-0.0094581227749586,0.2,-0.000186097113915,0.2689437931029839,0.2689414827964455,-0.000186097113915,0.0,NEUTRAL,0.4621147241005706,,,0.0,0.0,0.0,0.0,0.0,100.0,1.002505076343729,0.0,0.0,64.31846602750477,15.686829124884142,14.060714285714182,0.0,1.002505076343729,-0.0060228992253541
NIFTY,2026-08-07 09:55:00,24570.65,1.0,15.480317682802752,24565.60065417704,TRENDING_BEAR,-0.0094581227749586,0.2,-0.0001492571559976,0.268943705953849,0.2689414805393415,-0.0001492571559976,0.0,NEUTRAL,0.4621148135068094,,,0.0,0.0,0.0,0.0,0.0,100.0,1.002505076343729,0.0,0.0,64.31846602750477,15.686829124884142,14.060714285714182,0.0,1.002505076343729,-0.0060228992253541
NIFTY,2026-08-07 09:55:00,24570.65,1.0,15.480317682802752,24565.60675012501,TRENDING_BEAR,-0.0094581227749586,0.2,-0.0001915746421809,0.2689438732819656,0.2689414848730268,-0.0001915746421809,0.0,NEUTRAL,0.4621146418450076,,,0.0,0.0,0.0,0.0,0.0,100.0,1.002505076343729,0.0,0.0,64.31846602750477,15.686829124884142,14.060714285714182,0.0,1.002505076343729,-0.0060228992253541
NIFTY,2026-08-07 09:55:00,24570.65,1.0,15.480317682802752,24565.234428517328,TRENDING_BEAR,-0.0094581227749586,0.2,0.0001030743849385,0.2689432796745672,0.2689414694989882,0.0001030743849385,0.0,NEUTRAL,0.4621152508264445,,,0.0,0.0,0.0,0.0,0.0,100.0,1.002505076343729,0.0,0.0,64.31846602750477,15.686829124884142,14.060714285714182,0.0,1.002505076343729,-0.0060228992253541
NIFTY,2026-08-07 09:55:00,24570.65,1.0,15.480317682802752,24565.120882414685,TRENDING_BEAR,-0.0094581227749586,0.2,-0.0002542467722329,0.2689438027778169,0.2689414830470171,-0.0002542467722329,0.0,NEUTRAL,0.462114714175166,,,0.0,0.0,0.0,0.0,0.0,100.0,1.002505076343729,0.0,0.0,64.31846602750477,15.686829124884142,14.060714285714182,0.0,1.002505076343729,-0.0060228992253541
NIFTY,2026-08-07 09:55:00,24570.65,1.0,15.480317682802752,24566.00961388879,TRENDING_BEAR,-0.0094581227749586,0.2,-0.0001433667566664,0.2689437215288123,0.2689414809427226,-0.0001433667566664,0.0,NEUTRAL,0.462114797528465,,,0.0,0.0,0.0,0.0,0.0,100.0,1.002505076343729,0.0,0.0,64.31846602750477,15.686829124884142,14.060714285714182,0.0,1.002505076343729,-0.0060228992253541
NIFTY,2026-08-07 09:55:00,24570.65,1.0,15.480317682802752,24564.96708080672,TRENDING_BEAR,-0.0094581227749586,0.2,-0.0002082422911479,0.2689439195909196,0.2689414860723971,-0.0002082422911479,0.0,NEUTRAL,0.4621145943366833,,,0.0,0.0,0.0,0.0,0.0,100.0,1.002505076343729,0.0,0.0,64.31846602750477,15.686829124884142,14.060714285714182,0.0,1.002505076343729,-0.0060228992253541
NIFTY,2026-08-07 09:55:00,24570.65,1.0,15.480317682802752,24565.494568176564,TRENDING_BEAR,-0.0094581227749586,0.2,0.0001876623398264,0.2689433393523382,0.2689414710446039,0.0001876623398264,0.0433726289842429,NEUTRAL,0.4621151896030579,,,0.0,0.0,0.0,0.0,0.0,100.0,1.002505076343729,0.0,0.0,64.31846602750477,15.686829124884142,14.060714285714182,0.0,1.002505076343729,-0.0060228992253541
NIFTY,2026-08-06T16:00:00,25668.03,1.5,111.72235489776348,25688.66212365152,TRANSITION,-0.008005796931684,0.2,0.0135940299002622,0.3729404683349129,0.2699495198908138,0.0135940299002622,0.25,NEUTRAL,0.3571100117742732,,,0.0008333333333333,0.1666666666666666,16.666666666666664,16.666666666666664,0.0,83.33333333333334,1.0,0.0,0.0,,,,,1.0,-0.0053564960137009
NIFTY,2026-08-07T15:25:00,24570.65,1.0,15.480317682802752,24565.294088982177,TRENDING_BEAR,-0.0094581227749586,0.2,-0.0001695200970951,0.2689437678625113,0.2689414823161572,-0.0001695200970951,0.0,NEUTRAL,0.4621147498213315,,,-0.0008333333333333,0.1666666666666666,16.666666666666664,0.0,16.666666666666664,83.33333333333334,1.002505076343729,0.0,0.0,64.31846602750477,15.686829124884142,14.060714285714182,0.0,1.002505076343729,-0.0060228992253541
NIFTY,2026-08-07 09:55:00,24570.65,1.0,15.480317682802752,24565.020356724952,TRENDING_BEAR,-0.0094581227749586,0.2,-0.0001490737145449,0.2689437815826916,0.2689414824980776,-0.0001490737145449,0.0,NEUTRAL,0.4621147359192307,,,0.0,0.0,0.0,0.0,0.0,100.0,1.002505076343729,0.0,0.0,64.31846602750477,15.686829124884142,14.060714285714182,0.0,1.002505076343729,-0.0060228992253541
NIFTY,2026-08-07 09:55:00,24570.65,1.0,15.480317682802752,24565.316322056387,TRENDING_BEAR,-0.0094581227749586,0.2,-0.0002681679515881,0.2689437021710845,0.2689414790832765,-0.0002681679515881,0.0,NEUTRAL,0.462114818745639,,,0.0008333333333333,0.1666666666666666,16.666666666666664,16.666666666666664,0.0,83.33333333333334,1.002505076343729,0.0,0.0,64.31846602750477,15.686829124884142,14.060714285714182,0.0,1.002505076343729,-0.0060228992253541
NIFTY,2026-08-07 09:55:00,24570.65,1.0,15.480317682802752,24565.670273823187,TRENDING_BEAR,-0.0094581227749586,0.2,-0.0001785013002817,2.7400880066916547e-05,0.0002924513334331,-0.0001785013002817,0.0002736945180513,NEUTRAL,0.9996801477865,,,-0.0008333333333333,0.1666666666666666,16.666666666666664,0.0,16.666666666666664,83.33333333333334,1.002505076343729,0.0,0.0,58.40885817973579,14.108793676164051,14.060714285714182,1.0,1.002505076343729,-0.0060228992253541
NIFTY,2026-08-07 09:59:00,24570.65,1.5,15.586688733517638,24563.86331167729,TRENDING_BEAR,-0.010177444666624,0.2,-0.0005016576254153,0.2689473371468522,0.268941566426925,-0.0005016576254153,0.2332646100927275,NEUTRAL,0.4621110964262227,,,0.0,0.0,0.0,0.0,0.0,100.0,1.001667548967708,0.0,0.0,99.99999999989744,41.07214634211077,0.975000000000104,0.0,1.001667548967708,-0.0052657635882496
NIFTY,2026-08-07 09:59:00,24570.65,1.5,15.586688733517638,24563.689803884263,TRENDING_BEAR,-0.010177444666624,0.2,-0.000501455325096,0.2689473359550504,0.2689415663977018,-0.000501455325096,0.2071995458679116,NEUTRAL,0.4621110976472478,,,0.0,0.0,0.0,0.0,0.0,100.0,1.001667548967708,0.0,0.0,99.99999999989744,41.07214634211077,0.975000000000104,0.0,1.001667548967708,-0.0052657635882496
NIFTY,2026-08-07T09:59:00,24570.65,1.5,15.586688733517638,24563.6025337819,TRENDING_BEAR,-0.010177444666624,0.2,-0.0003855272509772,0.2689466529945764,0.2689415496513711,-0.0003855272509772,0.0027979241366476,NEUTRAL,0.4621117973540524,,,0.0,0.0,0.0,0.0,0.0,100.0,1.001667548967708,0.0,0.0,99.99999999989744,41.07214634211077,0.975000000000104,0.0,1.001667548967708,-0.0052657635882496
NIFTY,2026-08-07 09:55:00,24570.65,1.0,15.480317682802752,24565.300812016583,TRENDING_BEAR,0.0012279878137633,0.2,-0.0002110366678104,2.010058402307423e-05,0.0002370347791586,-0.0002110366678104,0.0002230266917674,NEUTRAL,0.9997428646368184,,,-0.0008333333333333,0.1666666666666666,16.666666666666664,0.0,16.666666666666664,83.33333333333334,1.002505076343729,0.0,0.0,58.40885817973579,14.108793676164051,14.060714285714182,1.0,1.002505076343729,-0.0012957377359271
NIFTY,2026-08-07 09:55:00,24570.65,1.0,15.480317682802752,24566.20890447356,TRENDING_BEAR,0.0012279878137633,0.2,-0.0001862635330361,1.9300276626068228e-05,0.0002304446823076,-0.0001862635330361,0.0002175380281868,NEUTRAL,0.9997502550410662,,,0.0,0.0,0.0,0.0,0.0,100.0,1.002505076343729,0.0,0.0,58.40885817973579,14.108793676164051,14.060714285714182,1.0,1.002505076343729,-0.0012957377359271
BANKNIFTY,2026-08-07 09:55:00,57746.45,1.0,-62.802194635367314,57774.30911252386,TRENDING_BULL,-188.406583906102,0.25,-0.0004698960075076,0.0025756012393177,0.0192194124214801,-0.0004698960075076,0.017087582317638,NEUTRAL,0.978204986339202,,,0.0,0.0,0.0,0.0,0.0,100.0,0.9977392282401798,0.0,0.0,43.14442704412261,12.660432646870287,52.94642857142857,1.0,0.9977392282401798,-314.01097317683656
NIFTY,2026-08-07 09:55:00,24570.65,1.0,15.480317682802752,24565.91865833545,TRENDING_BEAR,0.0012279878137633,0.2,-0.0001635494066354,1.8976818644215608e-05,0.000228278906256,-0.0001635494066354,0.0002155268842176,NEUTRAL,0.9997527442750996,,,0.0,0.0,0.0,0.0,0.0,100.0,1.002505076343729,0.0,0.0,58.40885817973579,14.108793676164051,14.060714285714182,1.0,1.002505076343729,-0.0012957377359271
BANKNIFTY,2026-08-07 09:55:00,57746.45,1.0,-62.802194635367314,57772.65793118789,TRENDING_BULL,-188.406583906102,0.25,0.000170650091017,0.0032261921617942,0.0239920470407943,0.000170650091017,0.0188044754176561,NEUTRAL,0.9727817607974114,,,0.0,0.0,0.0,0.0,0.0,100.0,0.9977392282401798,0.0,0.0,43.14442704412261,12.660432646870287,52.94642857142857,1.0,0.9977392282401798,-314.01097317683656
NIFTY,2026-08-07 09:55:00,24570.65,1.0,15.480317682802752,24565.428765829874,TRENDING_BEAR,0.0012279878137633,0.2,0.000152715609877,1.6566133615531508e-05,0.0002115928968224,0.000152715609877,0.0001920782837509,NEUTRAL,0.999771840969562,,,0.0,0.0,0.0,0.0,0.0,100.0,1.002505076343729,0.0,0.0,58.40885817973579,14.108793676164051,14.060714285714182,1.0,1.002505076343729,-0.0012957377359271
BANKNIFTY,2026-08-07 09:55:00,57746.45,1.0,-62.802194635367314,57772.47802635596,TRENDING_BULL,-188.406583906102,0.25,-8.700998630367242e-05,0.0030754359494608,0.022888660997221,-8.700998630367242e-05,0.019734774585552,NEUTRAL,0.974035903053318,,,0.0,0.0,0.0,0.0,0.0,100.0,0.9977392282401798,0.0,0.0,43.14442704412261,12.660432646870287,52.94642857142857,1.0,0.9977392282401798,-314.01097317683656
NIFTY,2026-08-07 09:55:00,24570.65,1.0,15.480317682802752,24565.669005656964,TRENDING_BEAR,0.0012279878137633,0.2,-0.000224741786345,2.087504598261841e-05,0.0002407675658453,-0.000224741786345,0.0002260679671888,NEUTRAL,0.999738357388172,,,0.0,0.0,0.0,0.0,0.0,100.0,1.002505076343729,0.0,0.0,58.40885817973579,14.108793676164051,14.060714285714182,1.0,1.002505076343729,-0.0012957377359271
BANKNIFTY,2026-08-07 09:55:00,57746.45,1.0,-62.802194635367314,57772.39709243345,TRENDING_BULL,-188.406583906102,0.25,-0.0002303128862661,0.0027775299825843,0.0207038290957138,-0.0002303128862661,0.0178330910035004,NEUTRAL,0.976518640921702,,,0.0,0.0,0.0,0.0,0.0,100.0,0.9977392282401798,0.0,0.0,43.14442704412261,12.660432646870287,52.94642857142857,1.0,0.9977392282401798,-314.01097317683656
NIFTY,2026-08-07 09:55:00,24570.65,1.0,15.480317682802752,24564.796836852274,TRENDING_BEAR,0.0012279878137633,0.2,-0.0001200736600106,1.886266643392264e-05,0.0002275106934932,-0.0001200736600106,0.0002131134600243,NEUTRAL,0.9997536266400728,,,0.0,0.0,0.0,0.0,0.0,100.0,1.002505076343729,0.0,0.0,58.40885817973579,14.108793676164051,14.060714285714182,1.0,1.002505076343729,-0.0012957377359271
BANKNIFTY,2026-08-07 09:55:00,57746.45,1.0,-62.802194635367314,57774.64510712031,TRENDING_BULL,-188.406583906102,0.25,0.0002289398854458,0.0032978549486924,0.0245160305840741,0.0002289398854458,0.0191630722112998,NEUTRAL,0.9721861144672334,,,0.0,0.0,0.0,0.0,0.0,100.0,0.9977392282401798,0.0,0.0,43.14442704412261,12.660432646870287,52.94642857142857,1.0,0.9977392282401798,-314.01097317683656
NIFTY,2026-08-07 09:55:00,24570.65,1.0,15.480317682802752,24565.289854038863,TRENDING_BEAR,0.0012279878137633,0.2,6.140667020478609e-05,1.5937186229812773e-05,0.0002070663229479,6.140667020478609e-05,0.0001916175932402,NEUTRAL,0.9997769964908222,,,0.0,0.0,0.0,0.0,0.0,100.0,1.002505076343729,0.0,0.0,58.40885817973579,14.108793676164051,14.060714285714182,1.0,1.002505076343729,-0.0012957377359271
BANKNIFTY,2026-08-07 09:55:00,57746.45,1.0,-62.802194635367314,57773.274747683565,TRENDING_BULL,-188.406583906102,0.25,0.0001017021916661,0.0031784931696634,0.0236430981604275,0.0001017021916661,0.0189465575349706,NEUTRAL,0.973178408669909,,,0.0,0.0,0.0,0.0,0.0,100.0,0.9977392282401798,0.0,0.0,43.14442704412261,12.660432646870287,52.94642857142857,1.0,0.9977392282401798,-314.01097317683656
NIFTY,2026-08-07 09:55:00,24570.65,1.0,15.480317682802752,24565.082188444456,TRENDING_BEAR,0.0012279878137633,0.2,-0.0002051431528484,1.8093688417525064e-05,0.0002222812202476,-0.0002051431528484,0.0002097773792467,NEUTRAL,0.9997596250913348,,,0.0,0.0,0.0,0.0,0.0,100.0,1.002505076343729,0.0,0.0,58.40885817973579,14.108793676164051,14.060714285714182,1.0,1.002505076343729,-0.0012957377359271
BANKNIFTY,2026-08-07 09:55:00,57746.45,1.0,-62.802194635367314,57774.18190166169,TRENDING_BULL,-188.406583906102,0.25,-7.738724433369715e-05,0.0030354468458037,0.0225957295259953,-7.738724433369715e-05,0.0191995466020588,NEUTRAL,0.9743688236282008,,,0.0,0.0,0.0,0.0,0.0,100.0,0.9977392282401798,0.0,0.0,43.14442704412261,12.660432646870287,52.94642857142857,1.0,0.9977392282401798,-314.01097317683656
NIFTY,2026-08-07 09:55:00,24570.65,1.0,15.480317682802752,24565.031260342483,TRENDING_BEAR,0.0012279878137633,0.2,-0.0002470395115828,2.106218337112446e-05,0.0002419710660467,-0.0002470395115828,0.0002273509682008,NEUTRAL,0.999736966750582,,,0.0,0.0,0.0,0.0,0.0,100.0,1.002505076343729,0.0,0.0,58.40885817973579,14.108793676164051,14.060714285714182,1.0,1.002505076343729,-0.0012957377359271
BANKNIFTY,2026-08-07 09:55:00,57746.45,1.0,-62.802194635367314,57774.95775283815,TRENDING_BULL,-188.406583906102,0.25,-0.0002007079103338,0.0030280954484011,0.0225418669001038,-0.0002007079103338,0.0199249310267004,NEUTRAL,0.9744300376514948,,,0.0,0.0,0.0,0.0,0.0,100.0,0.9977392282401798,0.0,0.0,43.14442704412261,12.660432646870287,52.94642857142857,1.0,0.9977392282401798,-314.01097317683656
NIFTY,2026-08-07 09:55:00,24570.65,1.0,15.480317682802752,24565.166702927603,TRENDING_BEAR,0.0012279878137633,0.2,-0.0001709785000289,1.885513474873263e-05,0.0002287136361197,-0.0001709785000289,0.0002158231594776,NEUTRAL,0.9997524312291316,,,-0.0008333333333333,0.1666666666666666,16.666666666666664,0.0,16.666666666666664,83.33333333333334,1.002505076343729,0.0,0.0,58.40885817973579,14.108793676164051,14.060714285714182,1.0,1.002505076343729,-0.0012957377359271
BANKNIFTY,2026-08-07 09:55:00,57746.45,1.0,-62.802194635367314,57770.88538322991,TRENDING_BULL,-188.406583906102,0.25,-0.0010235369110959,0.0022050275230107,0.0176796834803312,-0.0010235369110959,0.0165171215950114,NEUTRAL,0.980115288996658,,,-0.0008333333333333,0.1666666666666666,16.666666666666664,0.0,16.666666666666664,83.33333333333334,0.9977392282401798,0.0,0.0,43.14442704412261,12.660432646870287,52.94642857142857,1.0,0.9977392282401798,-314.01097317683656
NIFTY,2026-08-07 09:55:00,24570.65,1.0,15.480317682802752,24565.79133967992,TRENDING_BEAR,0.0012279878137633,0.2,-0.000150211118285,1.973575354727199e-05,0.0002333353576841,-0.000150211118285,0.0002167295259433,NEUTRAL,0.9997469288887686,,,0.0,0.0,0.0,0.0,0.0,100.0,1.002505076343729,0.0,0.0,58.40885817973579,14.108793676164051,14.060714285714182,1.0,1.002505076343729,-0.0012957377359271
BANKNIFTY,2026-08-07 09:55:00,57746.45,1.0,-62.802194635367314,57775.322964977175,TRENDING_BULL,-188.406583906102,0.25,-0.000958474676339,0.0022711277498257,0.0169756396079469,-0.000958474676339,0.0156072289274421,NEUTRAL,0.9807532326422274,,,0.0,0.0,0.0,0.0,0.0,100.0,0.9977392282401798,0.0,0.0,43.14442704412261,12.660432646870287,52.94642857142857,1.0,0.9977392282401798,-314.01097317683656
NIFTY,2026-08-07 09:55:00,24570.65,1.0,15.480317682802752,24565.388375456507,TRENDING_BEAR,0.0012279878137633,0.2,-0.0001697770193545,1.9532874045148235e-05,0.0002319921940759,-0.0001697770193545,0.0002183863090067,NEUTRAL,0.999748474931879,,,0.0,0.0,0.0,0.0,0.0,100.0,1.002505076343729,0.0,0.0,58.40885817973579,14.108793676164051,14.060714285714182,1.0,1.002505076343729,-0.0012957377359271
BANKNIFTY,2026-08-07 09:55:00,57746.45,1.0,-62.802194635367314,57773.669435541866,TRENDING_BULL,-188.406583906102,0.25,-0.000159374812316,0.0028988596632991,0.0215943830084189,-0.000159374812316,0.0185087492305261,NEUTRAL,0.9755067573282818,,,0.0,0.0,0.0,0.0,0.0,100.0,0.9977392282401798,0.0,0.0,43.14442704412261,12.660432646870287,52.94642857142857,1.0,0.9977392282401798,-314.01097317683656
NIFTY,2026-08-07 09:55:00,24570.65,1.0,15.480317682802752,24565.51256204465,TRENDING_BEAR,0.0012279878137633,0.2,0.000148324426527,1.575861762852798e-05,0.0002057668495634,0.000148324426527,0.0001874970764693,NEUTRAL,0.999778474532808,,,0.0,0.0,0.0,0.0,0.0,100.0,1.002505076343729,0.0,0.0,58.40885817973579,14.108793676164051,14.060714285714182,1.0,1.002505076343729,-0.0012957377359271
BANKNIFTY,2026-08-07 09:55:00,57746.45,1.0,-62.802194635367314,57771.163308505886,TRENDING_BULL,-188.406583906102,0.25,-0.0004482891144793,0.0025803719307825,0.0192545159096105,-0.0004482891144793,0.0170554000114245,NEUTRAL,0.9781651121596068,,,0.0,0.0,0.0,0.0,0.0,100.0,0.9977392282401798,0.0,0.0,43.14442704412261,12.660432646870287,52.94642857142857,1.0,0.9977392282401798,-314.01097317683656
NIFTY,2026-08-07 09:55:00,24570.65,1.0,15.480317682802752,24565.479063657927,TRENDING_BEAR,0.0012279878137633,0.2,-2.1341882148986564e-05,1.6636001536461677e-05,0.0002120910216807,-2.1341882148986564e-05,0.0001958686326632,NEUTRAL,0.9997712729767828,,,0.0,0.0,0.0,0.0,0.0,100.0,1.002505076343729,0.0,0.0,58.40885817973579,14.108793676164051,14.060714285714182,1.0,1.002505076343729,-0.0012957377359271
BANKNIFTY,2026-08-07 09:55:00,57746.45,1.0,-62.802194635367314,57773.48193323575,TRENDING_BULL,-188.406583906102,0.25,0.0002998284261332,0.003458064448036,0.0256862688781461,0.0002998284261332,0.0206492864662773,NEUTRAL,0.9708556666738176,,,0.0,0.0,0.0,0.0,0.0,100.0,0.9977392282401798,0.0,0.0,43.14442704412261,12.660432646870287,52.94642857142857,1.0,0.9977392282401798,-314.01097317683656
NIFTY,2026-08-07 09:55:00,24570.65,1.0,15.480317682802752,24565.119937246207,TRENDING_BEAR,0.0012279878137633,0.2,-0.0002901752402019,1.9576840210295067e-05,0.0002322837927609,-0.0002901752402019,0.0002204345689156,NEUTRAL,0.9997481393670288,,,0.0,0.0,0.0,0.0,0.0,100.0,1.002505076343729,0.0,0.0,58.40885817973579,14.108793676164051,14.060714285714182,1.0,1.002505076343729,-0.0012957377359271
BANKNIFTY,2026-08-07 09:55:00,57746.45,1.0,-62.802194635367314,57772.60278209308,TRENDING_BULL,-188.406583906102,0.25,-0.0004810457360943,0.0025402508134352,0.0189592478121842,-0.0004810457360943,0.0168068991195071,NEUTRAL,0.9785005013743804,,,0.0,0.0,0.0,0.0,0.0,100.0,0.9977392282401798,0.0,0.0,43.14442704412261,12.660432646870287,52.94642857142857,1.0,0.9977392282401798,-314.01097317683656
NIFTY,2026-08-07 09:55:00,24570.65,1.0,15.480317682802752,24565.52037337194,TRENDING_BEAR,0.0012279878137633,0.2,-0.0001919498081589,1.9455539680656967e-05,0.0002314785820963,-0.0001919498081589,0.0002182231933637,NEUTRAL,0.999749065878223,,,0.0,0.0,0.0,0.0,0.0,100.0,1.002505076343729,0.0,0.0,58.40885817973579,14.108793676164051,14.060714285714182,1.0,1.002505076343729,-0.0012957377359271
BANKNIFTY,2026-08-07 09:55:00,57746.45,1.0,-62.802194635367314,57771.98637981201,TRENDING_BULL,-188.406583906102,0.25,-0.0004392361867772,0.0025893966972963,0.0193209171031824,-0.0004392361867772,0.0170767979915655,NEUTRAL,0.9780896861995212,,,0.0,0.0,0.0,0.0,0.0,100.0,0.9977392282401798,0.0,0.0,43.14442704412261,12.660432646870287,52.94642857142857,1.0,0.9977392282401798,-314.01097317683656
NIFTY,2026-08-07 09:55:00,24570.65,1.0,15.480317682802752,24565.46768411207,TRENDING_BEAR,0.0012279878137633,0.2,-0.0002390517894376,1.8601292574313687e-05,0.0002257439511007,-0.0002390517894376,0.0002144710169676,NEUTRAL,0.9997556547563248,,,0.0,0.0,0.0,0.0,0.0,100.0,1.002505076343729,0.0,0.0,58.40885817973579,14.108793676164051,14.060714285714182,1.0,1.002505076343729,-0.0012957377359271
BANKNIFTY,2026-08-07 09:55:00,57746.45,1.0,-62.802194635367314,57771.22290701039,TRENDING_BULL,-188.406583906102,0.25,-0.0003024361272286,0.0027095575877013,0.0202044706588848,-0.0003024361272286,0.0175721838704876,NEUTRAL,0.9770859717534138,,,0.0,0.0,0.0,0.0,0.0,100.0,0.9977392282401798,0.0,0.0,43.14442704412261,12.660432646870287,52.94642857142857,1.0,0.9977392282401798,-314.01097317683656
NIFTY,2026-08-07 09:55:00,24570.65,1.0,15.480317682802752,24565.231804383937,TRENDING_BEAR,0.0012279878137633,0.2,9.730484842936215e-05,1.6393683196160673e-05,0.0002103594230219,9.730484842936215e-05,0.0001916783315263,NEUTRAL,0.999773246893782,,,0.0,0.0,0.0,0.0,0.0,100.0,1.002505076343729,0.0,0.0,58.40885817973579,14.108793676164051,14.060714285714182,1.0,1.002505076343729,-0.0012957377359271
BANKNIFTY,2026-08-07 09:55:00,57746.45,1.0,-62.802194635367314,57774.45271500697,TRENDING_BULL,-188.406583906102,0.25,0.0001154881444707,0.003197395767105,0.0237814005017674,0.0001154881444707,0.0191949426219376,NEUTRAL,0.9730212037311275,,,0.0,0.0,0.0,0.0,0.0,100.0,0.9977392282401798,0.0,0.0,43.14442704412261,12.660432646870287,52.94642857142857,1.0,0.9977392282401798,-314.01097317683656
NIFTY,2026-08-07T09:45:00,24570.65,1.0,14.275203496007483,24562.488145051924,TRENDING_BEAR,0.0005910317413508,0.2,0.0003079867030678,1.0028602030374825e-05,0.0001893818103453,0.0003079867030678,0.000177760597298,NEUTRAL,0.9998005895876244,,,-0.0008333333333333,0.1666666666666666,16.666666666666664,0.0,16.666666666666664,83.33333333333334,1.0053573940395937,0.0,0.0,50.69907505017879,31.2206119736355,26.83571428571434,1.0,1.0053573940395937,-0.0014489840716123
NIFTY,2026-08-07 09:55:00,24570.65,1.0,15.480317682802752,24565.37260056047,TRENDING_BEAR,0.0012279878137633,0.2,6.764404991062685e-05,1.7494133990178272e-05,0.0002181355031283,6.764404991062685e-05,0.0001994637441459,NEUTRAL,0.9997643703628812,,,0.0,0.0,0.0,0.0,0.0,100.0,1.002505076343729,0.0,0.0,58.40885817973579,14.108793676164051,14.060714285714182,1.0,1.002505076343729,-0.0012957377359271
BANKNIFTY,2026-08-07 09:55:00,57746.45,1.0,-62.802194635367314,57772.32964647815,TRENDING_BULL,-188.406583906102,0.25,0.0001715385674254,0.0032250496253073,0.0239836903724126,0.0001715385674254,0.0187963410991778,NEUTRAL,0.97279126000228,,,0.0,0.0,0.0,0.0,0.0,100.0,0.9977392282401798,0.0,0.0,43.14442704412261,12.660432646870287,52.94642857142857,1.0,0.9977392282401798,-314.01097317683656
NIFTY,2026-08-07 09:55:00,24570.65,1.0,15.480317682802752,24565.163410984354,TRENDING_BEAR,0.0012279878137633,0.2,-0.0001526663420297,2.0460178534426945e-05,0.0002380824026218,-0.0001526663420297,0.0002215474669516,NEUTRAL,0.9997414574188438,,,0.0,0.0,0.0,0.0,0.0,100.0,1.002505076343729,0.0,0.0,58.40885817973579,14.108793676164051,14.060714285714182,1.0,1.002505076343729,-0.0012957377359271
BANKNIFTY,2026-08-07 09:55:00,57746.45,1.0,-62.802194635367314,57772.51094123531,TRENDING_BULL,-188.406583906102,0.25,-0.0001670472386576,0.002891756501176,0.0215422739110655,-0.0001670472386576,0.0185481300080045,NEUTRAL,0.9755659695877584,,,0.0,0.0,0.0,0.0,0.0,100.0,0.9977392282401798,0.0,0.0,43.14442704412261,12.660432646870287,52.94642857142857,1.0,0.9977392282401798,-314.01097317683656
NIFTY,2026-08-07 09:55:00,24570.65,1.0,15.480317682802752,24565.665633840606,TRENDING_BEAR,0.0012279878137633,0.2,-0.0002392483237019,1.966667920256861e-05,0.0002341622992835,-0.0002392483237019,0.0002212203621458,NEUTRAL,0.999746171021514,,,-0.0008333333333333,0.1666666666666666,16.666666666666664,0.0,16.666666666666664,83.33333333333334,1.002505076343729,0.0,0.0,58.40885817973579,14.108793676164051,14.060714285714182,1.0,1.002505076343729,-0.0012957377359271
BANKNIFTY,2026-08-07 09:55:00,57746.45,1.0,-62.802194635367314,57772.76538434223,TRENDING_BULL,-188.406583906102,0.25,1.410991062240544e-05,0.0031240690609863,0.0232447697555403,1.410991062240544e-05,0.0197980265002829,NEUTRAL,0.9736311611834731,,,0.0,0.0,0.0,0.0,0.0,100.0,0.9977392282401798,0.0,0.0,43.14442704412261,12.660432646870287,52.94642857142857,1.0,0.9977392282401798,-314.01097317683656
NIFTY,2026-08-08T17:10:45,24648.54,1.0,-33.547712894122085,24654.553742572763,TRENDING_BULL,0.0008033177582547,0.25,-0.0027626525839882,0.0004445978316168,0.1619452069081291,-0.0027626525839882,0.1617980304006664,NEUTRAL,0.8376101952602539,,,0.0008333333333333,0.1666666666666666,16.666666666666664,16.666666666666664,0.0,83.33333333333334,0.9936189024933322,0.0,0.0,56.10240016679945,25.056542207095283,66.08499999999938,0.9098542607406216,0.9936189024933322,0.0016201792750507
BANKNIFTY,2026-08-07 09:55:00,57746.45,1.0,-62.802194635367314,57772.01119657188,TRENDING_BULL,-188.406583906102,0.25,-0.0002911177066872,0.0027717280694808,0.020661217943413,-0.0002911177066872,0.0180722250576095,NEUTRAL,0.976567053987106,,,0.0,0.0,0.0,0.0,0.0,100.0,0.9977392282401798,0.0,0.0,43.14442704412261,12.660432646870287,52.94642857142857,1.0,0.9977392282401798,-314.01097317683656
NIFTY,2026-08-07 09:55:00,24570.65,1.0,15.480317682802752,24565.48122538569,TRENDING_BEAR,0.0012279878137633,0.2,-0.0001603672238514,1.984405490890696e-05,0.0002340498713813,-0.0001603672238514,0.0002198945248334,NEUTRAL,0.9997461060737096,,,0.0,0.0,0.0,0.0,0.0,100.0,1.002505076343729,0.0,0.0,58.40885817973579,14.108793676164051,14.060714285714182,1.0,1.002505076343729,-0.0012957377359271
BANKNIFTY,2026-08-07 09:55:00,57746.45,1.0,-62.802194635367314,57773.53444160708,TRENDING_BULL,-188.406583906102,0.25,0.0001327969651157,0.0032993057654193,0.0245266352573205,0.0001327969651157,0.01999976233899,NEUTRAL,0.9721740589772602,,,0.0,0.0,0.0,0.0,0.0,100.0,0.9977392282401798,0.0,0.0,43.14442704412261,12.660432646870287,52.94642857142857,1.0,0.9977392282401798,-314.01097317683656
NIFTY,2026-08-07 09:55:00,24570.65,1.0,15.480317682802752,24565.247086771386,TRENDING_BEAR,0.0012279878137633,0.2,-0.0002814066779839,1.884473350605805e-05,0.0002273898235407,-0.0002814066779839,0.0002162758276841,NEUTRAL,0.9997537654429532,,,0.0,0.0,0.0,0.0,0.0,100.0,1.002505076343729,0.0,0.0,58.40885817973579,14.108793676164051,14.060714285714182,1.0,1.002505076343729,-0.0012957377359271
BANKNIFTY,2026-08-07 09:55:00,57746.45,1.0,-62.802194635367314,57772.49051719018,TRENDING_BULL,-188.406583906102,0.25,-0.0003664846818894,0.0026514855973622,0.0197775894872378,-0.0003664846818894,0.0173223880052908,NEUTRAL,0.9775709249154,,,0.0,0.0,0.0,0.0,0.0,100.0,0.9977392282401798,0.0,0.0,43.14442704412261,12.660432646870287,52.94642857142857,1.0,0.9977392282401798,-314.01097317683656
NIFTY,2026-08-07 09:55:00,24570.65,1.0,15.480317682802752,24565.559327099232,TRENDING_BEAR,0.0012279878137633,0.2,1.6583606733851857e-05,1.7564403425047478e-05,0.0002186246026182,1.6583606733851857e-05,0.0001972524809333,NEUTRAL,0.9997638109939568,,,0.0,0.0,0.0,0.0,0.0,100.0,1.002505076343729,0.0,0.0,58.40885817973579,14.108793676164051,14.060714285714182,1.0,1.002505076343729,-0.0012957377359271
BANKNIFTY,2026-08-07 09:55:00,57746.45,1.0,-62.802194635367314,57774.38680175247,TRENDING_BULL,-188.406583906102,0.25,-0.0004435724921841,0.002584637532784,0.0192859014964819,-0.0004435724921841,0.017047399371491,NEUTRAL,0.978129460970734,,,0.0,0.0,0.0,0.0,0.0,100.0,0.9977392282401798,0.0,0.0,43.14442704412261,12.660432646870287,52.94642857142857,1.0,0.9977392282401798,-314.01097317683656
NIFTY,2026-08-07 09:55:00,24570.65,1.0,15.480317682802752,24565.336223551,TRENDING_BEAR,0.0012279878137633,0.2,-0.0003666120972726,2.0853393568520684e-05,0.0002406280100457,-0.0003666120972726,0.0002280693869694,NEUTRAL,0.9997385185963856,,,0.0,0.0,0.0,0.0,0.0,100.0,1.002505076343729,0.0,0.0,58.40885817973579,14.108793676164051,14.060714285714182,1.0,1.002505076343729,-0.0012957377359271
BANKNIFTY,2026-08-07 09:55:00,57746.45,1.0,-62.802194635367314,57773.46445708405,TRENDING_BULL,-188.406583906102,0.25,0.0002079403099743,0.0032553289203052,0.0242051288290138,0.0002079403099743,0.0188697382829085,NEUTRAL,0.9725395422506808,,,0.0,0.0,0.0,0.0,0.0,100.0,0.9977392282401798,0.0,0.0,43.14442704412261,12.660432646870287,52.94642857142857,1.0,0.9977392282401798,-314.01097317683656
NIFTY,2026-08-07 09:55:00,24570.65,1.0,15.480317682802752,24565.137398680163,TRENDING_BEAR,0.0012279878137633,0.2,-0.0002905362681591,1.984390987865065e-05,0.000234048915703,-0.0002905362681591,0.0002217863861529,NEUTRAL,0.9997461071744184,,,0.0,0.0,0.0,0.0,0.0,100.0,1.002505076343729,0.0,0.0,58.40885817973579,14.108793676164051,14.060714285714182,1.0,1.002505076343729,-0.0012957377359271
BANKNIFTY,2026-08-07 09:55:00,57746.45,1.0,-62.802194635367314,57774.04689597068,TRENDING_BULL,-188.406583906102,0.25,-0.0004858479086899,0.0025430261108979,0.0189796760981663,-0.0004858479086899,0.0168583954674298,NEUTRAL,0.9784772977909356,,,0.0,0.0,0.0,0.0,0.0,100.0,0.9977392282401798,0.0,0.0,43.14442704412261,12.660432646870287,52.94642857142857,1.0,0.9977392282401798,-314.01097317683656
NIFTY,2026-08-07 09:55:00,24570.65,1.0,15.480317682802752,24565.24713345944,TRENDING_BEAR,0.0012279878137633,0.2,-0.0001723294349931,1.898773825906829e-05,0.0002283522852037,-0.0001723294349931,0.0002155411686116,NEUTRAL,0.9997526599765372,,,0.0,0.0,0.0,0.0,0.0,100.0,1.002505076343729,0.0,0.0,58.40885817973579,14.108793676164051,14.060714285714182,1.0,1.002505076343729,-0.0012957377359271
BANKNIFTY,2026-08-07 09:55:00,57746.45,1.0,-62.802194635367314,57773.78250859603,TRENDING_BULL,-188.406583906102,0.25,0.0001489875753928,0.0032333072980623,0.0240440862249268,0.0001489875753928,0.0189930845492592,NEUTRAL,0.9727226064770108,,,0.0,0.0,0.0,0.0,0.0,100.0,0.9977392282401798,0.0,0.0,43.14442704412261,12.660432646870287,52.94642857142857,1.0,0.9977392282401798,-314.01097317683656
NIFTY,2026-08-07 09:55:00,24570.65,1.0,15.480317682802752,24565.415301224613,TRENDING_BEAR,0.0012279878137633,0.2,0.0001495000611133,1.5600705367273382e-05,0.0002046122701857,0.0001495000611133,0.0001867706917949,NEUTRAL,0.9997797870244468,,,0.0,0.0,0.0,0.0,0.0,100.0,1.002505076343729,0.0,0.0,58.40885817973579,14.108793676164051,14.060714285714182,1.0,1.002505076343729,-0.0012957377359271
BANKNIFTY,2026-08-07 09:55:00,57746.45,1.0,-62.802194635367314,57773.83735052793,TRENDING_BULL,-188.406583906102,0.25,-0.0003007030762072,0.0027488309780015,0.020493031400593,-0.0003007030762072,0.0179358409357702,NEUTRAL,0.9767581376214054,,,0.0,0.0,0.0,0.0,0.0,100.0,0.9977392282401798,0.0,0.0,43.14442704412261,12.660432646870287,52.94642857142857,1.0,0.9977392282401798,-314.01097317683656
NIFTY,2026-08-07 09:55:00,24570.65,1.0,15.480317682802752,24565.39335187961,TRENDING_BEAR,0.0012279878137633,0.2,-0.0002130132267453,1.9484207812271475e-05,0.0002316690848709,-0.0002130132267453,0.000218681107067,NEUTRAL,0.9997488467073168,,,0.0,0.0,0.0,0.0,0.0,100.0,1.002505076343729,0.0,0.0,58.40885817973579,14.108793676164051,14.060714285714182,1.0,1.002505076343729,-0.0012957377359271
BANKNIFTY,2026-08-07 09:55:00,57746.45,1.0,-62.802194635367314,57773.771014564845,TRENDING_BULL,-188.406583906102,0.25,-0.0001333279063173,0.002957742613758,0.0220262190766187,-0.0001333279063173,0.0189029491606761,NEUTRAL,0.9750160383096232,,,0.0,0.0,0.0,0.0,0.0,100.0,0.9977392282401798,0.0,0.0,43.14442704412261,12.660432646870287,52.94642857142857,1.0,0.9977392282401798,-314.01097317683656
NIFTY,2026-08-07 09:55:00,24570.65,1.0,15.480317682802752,24565.750239854937,TRENDING_BEAR,0.0012279878137633,0.2,-0.0002143694641877,1.9846171930303093e-05,0.0002340638211644,-0.0002143694641877,0.0002205501418091,NEUTRAL,0.9997460900069052,,,0.0,0.0,0.0,0.0,0.0,100.0,1.002505076343729,0.0,0.0,58.40885817973579,14.108793676164051,14.060714285714182,1.0,1.002505076343729,-0.0012957377359271
BANKNIFTY,2026-08-07 09:55:00,57746.45,1.0,-62.802194635367314,57771.15856015936,TRENDING_BULL,-188.406583906102,0.25,7.55402157527229e-05,0.0031026142544765,0.0230876893245015,7.55402157527229e-05,0.0186552755719619,NEUTRAL,0.973809696421022,,,0.0,0.0,0.0,0.0,0.0,100.0,0.9977392282401798,0.0,0.0,43.14442704412261,12.660432646870287,52.94642857142857,1.0,0.9977392282401798,-314.01097317683656
NIFTY,2026-08-07 09:55:00,24570.65,1.0,15.480317682802752,24565.069844786693,TRENDING_BEAR,0.0012279878137633,0.2,-0.0001756903578033,1.93917709309016e-05,0.0002310543870903,-0.0001756903578033,0.0002177097600442,NEUTRAL,0.9997495538419788,,,0.0,0.0,0.0,0.0,0.0,100.0,1.002505076343729,0.0,0.0,58.40885817973579,14.108793676164051,14.060714285714182,1.0,1.002505076343729,-0.0012957377359271
BANKNIFTY,2026-08-07 09:55:00,57746.45,1.0,-62.802194635367314,57775.76291255472,TRENDING_BULL,-188.406583906102,0.25,0.0001244900978698,0.0031595262445395,0.0235043017827515,0.0001244900978698,0.0185096809403084,NEUTRAL,0.9733361719727088,,,0.0,0.0,0.0,0.0,0.0,100.0,0.9977392282401798,0.0,0.0,43.14442704412261,12.660432646870287,52.94642857142857,1.0,0.9977392282401798,-314.01097317683656
NIFTY,2026-08-07 09:55:00,24570.65,1.0,15.480317682802752,24565.349223312925,TRENDING_BEAR,0.0012279878137633,0.2,-0.0001899615227155,1.996414662378661e-05,0.0002348401617231,-0.0001899615227155,0.00022088822426,NEUTRAL,0.9997451956916532,,,0.0,0.0,0.0,0.0,0.0,100.0,1.002505076343729,0.0,0.0,58.40885817973579,14.108793676164051,14.060714285714182,1.0,1.002505076343729,-0.0012957377359271
BANKNIFTY,2026-08-07 09:55:00,57746.45,1.0,-62.802194635367314,57773.874660012014,TRENDING_BULL,-188.406583906102,0.25,0.0001820991695701,0.0032170451282715,0.0239251420182499,0.0001820991695701,0.0186734114302821,NEUTRAL,0.9728578128534786,,,0.0,0.0,0.0,0.0,0.0,100.0,0.9977392282401798,0.0,0.0,43.14442704412261,12.660432646870287,52.94642857142857,1.0,0.9977392282401798,-314.01097317683656
NIFTY,2026-08-07 09:55:00,24570.65,1.0,15.480317682802752,24565.71492407644,TRENDING_BEAR,0.0012279878137633,0.2,0.0001734777639027,1.5772136358282695e-05,0.000205865454253,0.0001734777639027,0.0001868753729638,NEUTRAL,0.9997783624093888,,,0.0,0.0,0.0,0.0,0.0,100.0,1.002505076343729,0.0,0.0,58.40885817973579,14.108793676164051,14.060714285714182,1.0,1.002505076343729,-0.0012957377359271
BANKNIFTY,2026-08-07 09:55:00,57746.45,1.0,-62.802194635367314,57772.14015446023,TRENDING_BULL,-188.406583906102,0.25,-0.000235273934104,0.0027681887489473,0.0206352228670985,-0.000235273934104,0.0177192811406207,NEUTRAL,0.976596588383954,,,0.0,0.0,0.0,0.0,0.0,100.0,0.9977392282401798,0.0,0.0,43.14442704412261,12.660432646870287,52.94642857142857,1.0,0.9977392282401798,-314.01097317683656
NIFTY,2026-08-07 09:55:00,24570.65,1.0,15.480317682802752,24565.280242410176,TRENDING_BEAR,0.0012279878137633,0.2,3.3900169494275295e-05,1.7865511926433593e-05,0.0002207107108481,3.3900169494275295e-05,0.0002018857372458,NEUTRAL,0.9997614237772254,,,0.0,0.0,0.0,0.0,0.0,100.0,1.002505076343729,0.0,0.0,58.40885817973579,14.108793676164051,14.060714285714182,1.0,1.002505076343729,-0.0012957377359271
BANKNIFTY,2026-08-07 09:55:00,57746.45,1.0,-62.802194635367314,57773.44634507445,TRENDING_BULL,-188.406583906102,0.25,-0.0004830517499009,0.0025363430500716,0.0189304827847447,-0.0004830517499009,0.0167950737404304,NEUTRAL,0.9785331741651836,,,0.0,0.0,0.0,0.0,0.0,100.0,0.9977392282401798,0.0,0.0,43.14442704412261,12.660432646870287,52.94642857142857,1.0,0.9977392282401798,-314.01097317683656
NIFTY,2026-08-07 09:55:00,24570.65,1.0,15.480317682802752,24565.15895007753,TRENDING_BEAR,0.0012279878137633,0.2,-0.0002261501572566,1.9501219538933543e-05,0.0002317820711047,-0.0002261501572566,0.0002192534961406,NEUTRAL,0.9997487167093564,,,0.0,0.0,0.0,0.0,0.0,100.0,1.002505076343729,0.0,0.0,58.40885817973579,14.108793676164051,14.060714285714182,1.0,1.002505076343729,-0.0012957377359271
BANKNIFTY,2026-08-07 09:55:00,57746.45,1.0,-62.802194635367314,57773.570768459365,TRENDING_BULL,-188.406583906102,0.25,1.0799780473049242e-05,0.0030324506035382,0.0225737769267195,1.0799780473049242e-05,0.0186545241872557,NEUTRAL,0.9743937724697423,,,0.0,0.0,0.0,0.0,0.0,100.0,0.9977392282401798,0.0,0.0,43.14442704412261,12.660432646870287,52.94642857142857,1.0,0.9977392282401798,-314.01097317683656
NIFTY,2026-08-07 09:55:00,24570.65,1.0,15.480317682802752,24565.69525982821,TRENDING_BEAR,0.0012279878137633,0.2,-0.0001960405702573,2.0082428551686327e-05,0.0002356164936376,-0.0001960405702573,0.0002215822541965,NEUTRAL,0.9997443010778106,,,0.0,0.0,0.0,0.0,0.0,100.0,1.002505076343729,0.0,0.0,58.40885817973579,14.108793676164051,14.060714285714182,1.0,1.002505076343729,-0.0012957377359271
BANKNIFTY,2026-08-07 09:55:00,57746.45,1.0,-62.802194635367314,57772.71000292288,TRENDING_BULL,-188.406583906102,0.25,-0.0009724938385255,0.0024034641223529,0.0179517051320253,-0.0009724938385255,0.01658714960095,NEUTRAL,0.9796448307456216,,,0.0,0.0,0.0,0.0,0.0,100.0,0.9977392282401798,0.0,0.0,43.14442704412261,12.660432646870287,52.94642857142857,1.0,0.9977392282401798,-314.01097317683656
NIFTY,2026-08-07 09:55:00,24570.65,1.0,15.480317682802752,24564.695819170625,TRENDING_BEAR,0.0012279878137633,0.2,-0.0002065758267963,1.9988659100096257e-05,0.0002350012134081,-0.0002065758267963,0.0002212513876826,NEUTRAL,0.9997450101274916,,,0.0,0.0,0.0,0.0,0.0,100.0,1.002505076343729,0.0,0.0,58.40885817973579,14.108793676164051,14.060714285714182,1.0,1.002505076343729,-0.0012957377359271
BANKNIFTY,2026-08-07 09:55:00,57746.45,1.0,-62.802194635367314,57772.22280641184,TRENDING_BULL,-188.406583906102,0.25,0.0001378764404103,0.0032829930237907,0.0244073903305142,0.0001378764404103,0.0199097952105937,NEUTRAL,0.972309616645695,,,0.0,0.0,0.0,0.0,0.0,100.0,0.9977392282401798,0.0,0.0,43.14442704412261,12.660432646870287,52.94642857142857,1.0,0.9977392282401798,-314.01097317683656
NIFTY,2026-08-07 09:55:00,24570.65,1.0,15.480317682802752,24564.882292823902,TRENDING_BEAR,0.0012279878137633,0.2,-0.0001815588054711,1.95988513099996e-05,0.0002324296693265,-0.0001815588054711,0.0002179354347406,NEUTRAL,0.9997479714793636,,,0.0,0.0,0.0,0.0,0.0,100.0,1.002505076343729,0.0,0.0,58.40885817973579,14.108793676164051,14.060714285714182,1.0,1.002505076343729,-0.0012957377359271
BANKNIFTY,2026-08-07 09:55:00,57746.45,1.0,-62.802194635367314,57772.989087348666,TRENDING_BULL,-188.406583906102,0.25,-0.0002151919087861,0.0028086329813229,0.0209322200188406,-0.0002151919087861,0.017977546495789,NEUTRAL,0.9762591469998364,,,0.0,0.0,0.0,0.0,0.0,100.0,0.9977392282401798,0.0,0.0,43.14442704412261,12.660432646870287,52.94642857142857,1.0,0.9977392282401798,-314.01097317683656
NIFTY,2026-08-07 09:55:00,24570.65,1.0,15.480317682802752,24565.057539639456,TRENDING_BEAR,0.0012279878137633,0.2,-6.327463523999825e-05,1.832670667430656e-05,0.000223876058037,-6.327463523999825e-05,0.0002077525567889,NEUTRAL,0.9997577972352888,,,0.0,0.0,0.0,0.0,0.0,100.0,1.002505076343729,0.0,0.0,58.40885817973579,14.108793676164051,14.060714285714182,1.0,1.002505076343729,-0.0012957377359271
BANKNIFTY,2026-08-07 09:55:00,57746.45,1.0,-62.802194635367314,57774.95552573394,TRENDING_BULL,-188.406583906102,0.25,0.0001530743887275,0.0032284330937061,0.0240084372788868,0.0001530743887275,0.0190509237635312,NEUTRAL,0.9727631296274069,,,0.0,0.0,0.0,0.0,0.0,100.0,0.9977392282401798,0.0,0.0,43.14442704412261,12.660432646870287,52.94642857142857,1.0,0.9977392282401798,-314.01097317683656
NIFTY,2026-08-07 09:55:00,24570.65,1.0,15.480317682802752,24565.36449292124,TRENDING_BEAR,0.0012279878137633,0.2,0.0001586635830432,1.6516724453688024e-05,0.0002112400731627,0.0001586635830432,0.0001916550321332,NEUTRAL,0.9997722432023836,,,0.0,0.0,0.0,0.0,0.0,100.0,1.002505076343729,0.0,0.0,58.40885817973579,14.108793676164051,14.060714285714182,1.0,1.002505076343729,-0.0012957377359271
BANKNIFTY,2026-08-07 09:55:00,57746.45,1.0,-62.802194635367314,57774.20531009473,TRENDING_BULL,-188.406583906102,0.25,-0.0003943774734833,0.0026169599404709,0.019523682283188,-0.0003943774734833,0.0171580466011379,NEUTRAL,0.977859357776341,,,0.0,0.0,0.0,0.0,0.0,100.0,0.9977392282401798,0.0,0.0,43.14442704412261,12.660432646870287,52.94642857142857,1.0,0.9977392282401798,-314.01097317683656
NIFTY,2026-08-07 09:55:00,24570.65,1.0,15.480317682802752,24565.35153457061,TRENDING_BEAR,0.0012279878137633,0.2,0.0001199508944476,1.6586828182120193e-05,0.0002117405356784,0.0001199508944476,0.0001927302506105,NEUTRAL,0.9997716726361394,,,0.0,0.0,0.0,0.0,0.0,100.0,1.002505076343729,0.0,0.0,58.40885817973579,14.108793676164051,14.060714285714182,1.0,1.002505076343729,-0.0012957377359271
BANKNIFTY,2026-08-07 09:55:00,57746.45,1.0,-62.802194635367314,57775.171404750894,TRENDING_BULL,-188.406583906102,0.25,0.0001248698982569,0.0031488572207387,0.0234262175630866,0.0001248698982569,0.018818591906625,NEUTRAL,0.9734249252161746,,,0.0,0.0,0.0,0.0,0.0,100.0,0.9977392282401798,0.0,0.0,43.14442704412261,12.660432646870287,52.94642857142857,1.0,0.9977392282401798,-314.01097317683656
NIFTY,2026-08-07 09:55:00,24570.65,1.0,15.480317682802752,24565.57991133812,TRENDING_BEAR,0.0012279878137633,0.2,-0.0001690601791073,2.0152483795082984e-05,0.0002360753427794,-0.0001690601791073,0.0002216118582692,NEUTRAL,0.9997437721734256,,,0.0,0.0,0.0,0.0,0.0,100.0,1.002505076343729,0.0,0.0,58.40885817973579,14.108793676164051,14.060714285714182,1.0,1.002505076343729,-0.0012957377359271
BANKNIFTY,2026-08-07 09:55:00,57746.45,1.0,-62.802194635367314,57774.56958371303,TRENDING_BULL,-188.406583906102,0.25,0.0002243090108734,0.0032111364348906,0.0238819206196657,0.0002243090108734,0.0183405911453641,NEUTRAL,0.9729069429454436,,,0.0,0.0,0.0,0.0,0.0,100.0,0.9977392282401798,0.0,0.0,43.14442704412261,12.660432646870287,52.94642857142857,1.0,0.9977392282401798,-314.01097317683656
NIFTY,2026-08-07 09:55:00,24570.65,1.0,15.480317682802752,24565.051329880524,TRENDING_BEAR,0.0012279878137633,0.2,6.464369093301703e-05,1.7166548049814462e-05,0.0002158438552012,6.464369093301703e-05,0.0001968899762929,NEUTRAL,0.9997669895967488,,,0.0,0.0,0.0,0.0,0.0,100.0,1.002505076343729,0.0,0.0,58.40885817973579,14.108793676164051,14.060714285714182,1.0,1.002505076343729,-0.0012957377359271
BANKNIFTY,2026-08-07 09:55:00,57746.45,1.0,-62.802194635367314,57773.41241055478,TRENDING_BULL,-188.406583906102,0.25,-0.0003461319416727,0.0026882551465893,0.0200479061369048,-0.0003461319416727,0.0175880179441027,NEUTRAL,0.977263838716506,,,0.0,0.0,0.0,0.0,0.0,100.0,0.9977392282401798,0.0,0.0,43.14442704412261,12.660432646870287,52.94642857142857,1.0,0.9977392282401798,-314.01097317683656
NIFTY,2026-08-07 09:55:00,24570.65,1.0,15.480317682802752,24565.144938828307,TRENDING_BEAR,0.0012279878137633,0.2,-0.0001536028239864,1.94326081415171e-05,0.000231326110369,-0.0001536028239864,0.0002176771005848,NEUTRAL,0.9997492412814892,,,0.0,0.0,0.0,0.0,0.0,100.0,1.002505076343729,0.0,0.0,58.40885817973579,14.108793676164051,14.060714285714182,1.0,1.002505076343729,-0.0012957377359271
BANKNIFTY,2026-08-07 09:55:00,57746.45,1.0,-62.802194635367314,57772.72655775804,TRENDING_BULL,-188.406583906102,0.25,0.0001465666296191,0.0031941474089247,0.0237576352856035,0.0001465666296191,0.0185499541751497,NEUTRAL,0.9730482173054716,,,0.0,0.0,0.0,0.0,0.0,100.0,0.9977392282401798,0.0,0.0,43.14442704412261,12.660432646870287,52.94642857142857,1.0,0.9977392282401798,-314.01097317683656
NIFTY,2026-08-07 09:55:00,24570.65,1.0,15.480317682802752,24564.84862863244,TRENDING_BEAR,0.0012279878137633,0.2,-0.000176878872605,1.9972233389923484e-05,0.0002348933029759,-0.000176878872605,0.0002207685687577,NEUTRAL,0.999745134463634,,,0.0,0.0,0.0,0.0,0.0,100.0,1.002505076343729,0.0,0.0,58.40885817973579,14.108793676164051,14.060714285714182,1.0,1.002505076343729,-0.0012957377359271
BANKNIFTY,2026-08-07 09:55:00,57746.45,1.0,-62.802194635367314,57773.05124327916,TRENDING_BULL,-188.406583906102,0.25,-4.308695058211217e-05,0.0030287623753713,0.0225467535260933,-4.308695058211217e-05,0.0190135173440885,NEUTRAL,0.9744244840985352,,,0.0,0.0,0.0,0.0,0.0,100.0,0.9977392282401798,0.0,0.0,43.14442704412261,12.660432646870287,52.94642857142857,1.0,0.9977392282401798,-314.01097317683656
NIFTY,2026-08-07 09:55:00,24570.65,1.0,15.480317682802752,24565.24587945397,TRENDING_BEAR,0.0012279878137633,0.2,-0.0001903594558007,1.963882981270897e-05,0.0002326944383854,-0.0001903594558007,0.0002191757223036,NEUTRAL,0.9997476667318018,,,0.0,0.0,0.0,0.0,0.0,100.0,1.002505076343729,0.0,0.0,58.40885817973579,14.108793676164051,14.060714285714182,1.0,1.002505076343729,-0.0012957377359271
BANKNIFTY,2026-08-07 09:55:00,57746.45,1.0,-62.802194635367314,57774.987880318906,TRENDING_BULL,-188.406583906102,0.25,0.0001401144118616,0.0032495019209141,0.0241625194229772,0.0001401144118616,0.0196474684475378,NEUTRAL,0.9725879786561088,,,0.0,0.0,0.0,0.0,0.0,100.0,0.9977392282401798,0.0,0.0,43.14442704412261,12.660432646870287,52.94642857142857,1.0,0.9977392282401798,-314.01097317683656
NIFTY,2026-08-07 09:55:00,24570.65,1.0,15.480317682802752,24565.378738710384,TRENDING_BEAR,0.0012279878137633,0.2,-0.0001801153161935,1.9749514194829456e-05,0.0002334262387994,-0.0001801153161935,0.0002196355061377,NEUTRAL,0.9997468242470056,,,0.0,0.0,0.0,0.0,0.0,100.0,1.002505076343729,0.0,0.0,58.40885817973579,14.108793676164051,14.060714285714182,1.0,1.002505076343729,-0.0012957377359271
BANKNIFTY,2026-08-07 09:55:00,57746.45,1.0,-62.802194635367314,57773.994737076406,TRENDING_BULL,-188.406583906102,0.25,-0.000379100928128,0.0027134574725004,0.0202331298292127,-0.000379100928128,0.0179274650548063,NEUTRAL,0.9770534126982868,,,0.0,0.0,0.0,0.0,0.0,100.0,0.9977392282401798,0.0,0.0,43.14442704412261,12.660432646870287,52.94642857142857,1.0,0.9977392282401798,-314.01097317683656
NIFTY,2026-08-07 09:55:00,24570.65,1.0,15.480317682802752,24564.918341678745,TRENDING_BEAR,0.0012279878137633,0.2,-0.0001974976717771,1.9662830719078662e-05,0.000232853276958,-0.0001974976717771,0.0002193867016735,NEUTRAL,0.9997474838923228,,,0.0,0.0,0.0,0.0,0.0,100.0,1.002505076343729,0.0,0.0,58.40885817973579,14.108793676164051,14.060714285714182,1.0,1.002505076343729,-0.0012957377359271
BANKNIFTY,2026-08-07 09:55:00,57746.45,1.0,-62.802194635367314,57772.04255639164,TRENDING_BULL,-188.406583906102,0.25,-0.0003737502445336,0.002795719316398,0.0208374024254624,-0.0003737502445336,0.0186028196844877,NEUTRAL,0.9763668782581396,,,0.0,0.0,0.0,0.0,0.0,100.0,0.9977392282401798,0.0,0.0,43.14442704412261,12.660432646870287,52.94642857142857,1.0,0.9977392282401798,-314.01097317683656
NIFTY,2026-08-07 09:55:00,24570.65,1.0,15.480317682802752,24565.085492084207,TRENDING_BEAR,0.0012279878137633,0.2,-8.816035114010724e-06,1.797399472042463e-05,0.0002214584812154,-8.816035114010724e-06,0.0002040292404867,NEUTRAL,0.999760567524064,,,0.0,0.0,0.0,0.0,0.0,100.0,1.002505076343729,0.0,0.0,58.40885817973579,14.108793676164051,14.060714285714182,1.0,1.002505076343729,-0.0012957377359271
BANKNIFTY,2026-08-07 09:55:00,57746.45,1.0,-62.802194635367314,57774.2634608355,TRENDING_BULL,-188.406583906102,0.25,0.0001642479525792,0.0032176579732497,0.0239296247780137,0.0001642479525792,0.0187864390690452,NEUTRAL,0.9728527172487366,,,0.0,0.0,0.0,0.0,0.0,100.0,0.9977392282401798,0.0,0.0,43.14442704412261,12.660432646870287,52.94642857142857,1.0,0.9977392282401798,-314.01097317683656
NIFTY,2026-08-07 09:55:00,24570.65,1.0,15.480317682802752,24565.29399603145,TRENDING_BEAR,0.0012279878137633,0.2,-0.0002035437097645,1.965695120206163e-05,0.0002328143740924,-0.0002035437097645,0.0002189270400438,NEUTRAL,0.9997475286747056,,,0.0,0.0,0.0,0.0,0.0,100.0,1.002505076343729,0.0,0.0,58.40885817973579,14.108793676164051,14.060714285714182,1.0,1.002505076343729,-0.0012957377359271
BANKNIFTY,2026-08-07 09:55:00,57746.45,1.0,-62.802194635367314,57772.658237726224,TRENDING_BULL,-188.406583906102,0.25,0.0001863049967342,0.0032108728606412,0.0238799925523071,0.0001863049967342,0.0186654216516281,NEUTRAL,0.9729091345870516,,,0.0,0.0,0.0,0.0,0.0,100.0,0.9977392282401798,0.0,0.0,43.14442704412261,12.660432646870287,52.94642857142857,1.0,0.9977392282401798,-314.01097317683656
NIFTY,2026-08-07 09:55:00,24570.65,1.0,15.480317682802752,24564.88703681492,TRENDING_BEAR,0.0012279878137633,0.2,-0.0002586640969965,2.0372304553074336e-05,0.0002375105774806,-0.0002586640969965,0.0002238480715991,NEUTRAL,0.9997421171179662,,,0.0,0.0,0.0,0.0,0.0,100.0,1.002505076343729,0.0,0.0,58.40885817973579,14.108793676164051,14.060714285714182,1.0,1.002505076343729,-0.0012957377359271
BANKNIFTY,2026-08-07 09:55:00,57746.45,1.0,-62.802194635367314,57774.40828247348,TRENDING_BULL,-188.406583906102,0.25,0.0002213066421016,0.0033071538757352,0.0245839983032383,0.0002213066421016,0.0192813355974598,NEUTRAL,0.9721088478210264,,,0.0,0.0,0.0,0.0,0.0,100.0,0.9977392282401798,0.0,0.0,43.14442704412261,12.660432646870287,52.94642857142857,1.0,0.9977392282401798,-314.01097317683656
NIFTY,2026-08-07 09:55:00,24570.65,1.0,15.480317682802752,24565.158172627245,TRENDING_BEAR,0.0012279878137633,0.2,-0.0001901749874388,2.042797154123969e-05,0.0002378729471298,-0.0001901749874388,0.0002233037417072,NEUTRAL,0.9997416990813288,,,0.0,0.0,0.0,0.0,0.0,100.0,1.002505076343729,0.0,0.0,58.40885817973579,14.108793676164051,14.060714285714182,1.0,1.002505076343729,-0.0012957377359271
BANKNIFTY,2026-08-07 09:55:00,57746.45,1.0,-62.802194635367314,57772.69932406545,TRENDING_BULL,-188.406583906102,0.25,0.0001497719529083,0.0032374805971778,0.0240746076733378,0.0001497719529083,0.0190187255156131,NEUTRAL,0.9726879117294844,,,0.0,0.0,0.0,0.0,0.0,100.0,0.9977392282401798,0.0,0.0,43.14442704412261,12.660432646870287,52.94642857142857,1.0,0.9977392282401798,-314.01097317683656
NIFTY,2026-08-07 09:55:00,24570.65,1.0,15.480317682802752,24565.752552282243,TRENDING_BEAR,0.0012279878137633,0.2,-0.0001694170448825,1.989386419952825e-05,0.0002343779080638,-0.0001694170448825,0.0002202671441085,NEUTRAL,0.9997457282277368,,,0.0,0.0,0.0,0.0,0.0,100.0,1.002505076343729,0.0,0.0,58.40885817973579,14.108793676164051,14.060714285714182,1.0,1.002505076343729,-0.0012957377359271
BANKNIFTY,2026-08-07 09:55:00,57746.45,1.0,-62.802194635367314,57776.27407577403,TRENDING_BULL,-188.406583906102,0.25,0.000218613502576,0.0032490274088988,0.0241590495005832,0.000218613502576,0.0187509920849777,NEUTRAL,0.972591923090518,,,0.0,0.0,0.0,0.0,0.0,100.0,0.9977392282401798,0.0,0.0,43.14442704412261,12.660432646870287,52.94642857142857,1.0,0.9977392282401798,-314.01097317683656
NIFTY,2026-08-07 09:55:00,24570.65,1.0,15.480317682802752,24565.344245778964,TRENDING_BEAR,0.0012279878137633,0.2,9.823540770093752e-06,1.7792447020659623e-05,0.0002202059454694,9.823540770093752e-06,0.0002019966976714,NEUTRAL,0.9997620016075098,,,0.0,0.0,0.0,0.0,0.0,100.0,1.002505076343729,0.0,0.0,58.40885817973579,14.108793676164051,14.060714285714182,1.0,1.002505076343729,-0.0012957377359271
BANKNIFTY,2026-08-07 09:55:00,57746.45,1.0,-62.802194635367314,57772.04041695414,TRENDING_BULL,-188.406583906102,0.25,0.0003204730912995,0.0034513172735702,0.0256370171546101,0.0003204730912995,0.0201503969587764,NEUTRAL,0.9709116655718196,,,0.0,0.0,0.0,0.0,0.0,100.0,0.9977392282401798,0.0,0.0,43.14442704412261,12.660432646870287,52.94642857142857,1.0,0.9977392282401798,-314.01097317683656
NIFTY,2026-08-07 09:55:00,24570.65,1.0,15.480317682802752,24565.091023657627,TRENDING_BEAR,0.0012279878137633,0.2,-0.0002695079646674,2.013011566842908e-05,0.0002359289122349,-0.0002695079646674,0.0002231638367112,NEUTRAL,0.9997439409720966,,,0.0,0.0,0.0,0.0,0.0,100.0,1.002505076343729,0.0,0.0,58.40885817973579,14.108793676164051,14.060714285714182,1.0,1.002505076343729,-0.0012957377359271
BANKNIFTY,2026-08-07 09:55:00,57746.45,1.0,-62.802194635367314,57772.100483176,TRENDING_BULL,-188.406583906102,0.25,0.0001407543150505,0.0032032758524723,0.0238244178769918,0.0001407543150505,0.0187169600010342,NEUTRAL,0.9729723062705358,,,0.0,0.0,0.0,0.0,0.0,100.0,0.9977392282401798,0.0,0.0,43.14442704412261,12.660432646870287,52.94642857142857,1.0,0.9977392282401798,-314.01097317683656
NIFTY,2026-08-07 09:55:00,24570.65,1.0,15.480317682802752,24565.41625001904,TRENDING_BEAR,0.0012279878137633,0.2,-0.0003440455535831,2.07662604856548e-05,0.000240065765452,-0.0003440455535831,0.0002273991640011,NEUTRAL,0.9997391679740624,,,0.0,0.0,0.0,0.0,0.0,100.0,1.002505076343729,0.0,0.0,58.40885817973579,14.108793676164051,14.060714285714182,1.0,1.002505076343729,-0.0012957377359271
BANKNIFTY,2026-08-07 09:55:00,57746.45,1.0,-62.802194635367314,57773.6115870103,TRENDING_BULL,-188.406583906102,0.25,-0.0001061572795737,0.0029661977599984,0.0220882082376892,-0.0001061572795737,0.0187766032782541,NEUTRAL,0.9749455940023124,,,0.0,0.0,0.0,0.0,0.0,100.0,0.9977392282401798,0.0,0.0,43.14442704412261,12.660432646870287,52.94642857142857,1.0,0.9977392282401798,-314.01097317683656
NIFTY,2026-08-07 09:55:00,24570.65,1.0,15.480317682802752,24565.28484146453,TRENDING_BEAR,0.0012279878137633,0.2,9.201394398890144e-05,1.634835548889048e-05,0.0002100342615339,9.201394398890144e-05,0.0001920446907933,NEUTRAL,0.9997736173829772,,,0.0,0.0,0.0,0.0,0.0,100.0,1.002505076343729,0.0,0.0,58.40885817973579,14.108793676164051,14.060714285714182,1.0,1.002505076343729,-0.0012957377359271
BANKNIFTY,2026-08-07 09:55:00,57746.45,1.0,-62.802194635367314,57774.010578071575,TRENDING_BULL,-188.406583906102,0.25,-0.0001944747196669,0.0028678674440697,0.0213669975599919,-0.0001944747196669,0.0184298112905191,NEUTRAL,0.9757651349959384,,,0.0,0.0,0.0,0.0,0.0,100.0,0.9977392282401798,0.0,0.0,43.14442704412261,12.660432646870287,52.94642857142857,1.0,0.9977392282401798,-314.01097317683656
NIFTY,2026-08-07 09:55:00,24570.65,1.0,15.480317682802752,24565.59585955474,TRENDING_BEAR,0.0012279878137633,0.2,-0.0001537596291104,1.9147157986825064e-05,0.0002294214601721,-0.0001537596291104,0.0002154915520263,NEUTRAL,0.9997514313818412,,,0.0,0.0,0.0,0.0,0.0,100.0,1.002505076343729,0.0,0.0,58.40885817973579,14.108793676164051,14.060714285714182,1.0,1.002505076343729,-0.0012957377359271
BANKNIFTY,2026-08-07 09:55:00,57746.45,1.0,-62.802194635367314,57773.34492669119,TRENDING_BULL,-188.406583906102,0.25,-0.000465007190255,0.0025519193509385,0.0190451333435876,-0.000465007190255,0.0168666716725264,NEUTRAL,0.9784029473054736,,,0.0,0.0,0.0,0.0,0.0,100.0,0.9977392282401798,0.0,0.0,43.14442704412261,12.660432646870287,52.94642857142857,1.0,0.9977392282401798,-314.01097317683656
NIFTY,2026-08-07 09:55:00,24570.65,1.0,15.480317682802752,24564.978523040067,TRENDING_BEAR,0.0012279878137633,0.2,-0.0002581068463995,1.9185203809176608e-05,0.0002296760393063,-0.0002581068463995,0.0002179400874786,NEUTRAL,0.9997511387568844,,,0.0,0.0,0.0,0.0,0.0,100.0,1.002505076343729,0.0,0.0,58.40885817973579,14.108793676164051,14.060714285714182,1.0,1.002505076343729,-0.0012957377359271
BANKNIFTY,2026-08-07 09:55:00,57746.45,1.0,-62.802194635367314,57773.04028881971,TRENDING_BULL,-188.406583906102,0.25,-0.0002624672450911,0.0027784695254131,0.0207107291869389,-0.0002624672450911,0.018006925272956,NEUTRAL,0.976510801287648,,,0.0,0.0,0.0,0.0,0.0,100.0,0.9977392282401798,0.0,0.0,43.14442704412261,12.660432646870287,52.94642857142857,1.0,0.9977392282401798,-314.01097317683656
NIFTY,2026-08-07 09:55:00,24570.65,1.0,15.480317682802752,24564.728280307187,TRENDING_BEAR,0.0012279878137633,0.2,-0.0001782507874773,1.926249073666189e-05,0.0002301925104575,-0.0001782507874773,0.0002170513147887,NEUTRAL,0.9997505449988058,,,0.0,0.0,0.0,0.0,0.0,100.0,1.002505076343729,0.0,0.0,58.40885817973579,14.108793676164051,14.060714285714182,1.0,1.002505076343729,-0.0012957377359271
BANKNIFTY,2026-08-07 09:55:00,57746.45,1.0,-62.802194635367314,57772.4754816533,TRENDING_BULL,-188.406583906102,0.25,-0.0002811911313857,0.0027837849506846,0.0207497650209749,-0.0002811911313857,0.0181235657733091,NEUTRAL,0.9764664500283404,,,0.0,0.0,0.0,0.0,0.0,100.0,0.9977392282401798,0.0,0.0,43.14442704412261,12.660432646870287,52.94642857142857,1.0,0.9977392282401798,-314.01097317683656
NIFTY,2026-08-07 09:55:00,24570.65,1.0,15.480317682802752,24565.484012528406,TRENDING_BEAR,0.0012279878137633,0.2,-0.0001432662426493,2.005820644258953e-05,0.0002354576788802,-0.0001432662426493,0.0002207646087834,NEUTRAL,0.9997444841146772,,,0.0,0.0,0.0,0.0,0.0,100.0,1.002505076343729,0.0,0.0,58.40885817973579,14.108793676164051,14.060714285714182,1.0,1.002505076343729,-0.0012957377359271
BANKNIFTY,2026-08-07 09:55:00,57746.45,1.0,-62.802194635367314,57773.89747904676,TRENDING_BULL,-188.406583906102,0.25,0.0002352627219677,0.0032670665237288,0.024290952366101,0.0002352627219677,0.0188548371236516,NEUTRAL,0.97244198111017,,,0.0,0.0,0.0,0.0,0.0,100.0,0.9977392282401798,0.0,0.0,43.14442704412261,12.660432646870287,52.94642857142857,1.0,0.9977392282401798,-314.01097317683656
NIFTY,2026-08-07 09:55:00,24570.65,1.0,15.480317682802752,24564.97676867236,TRENDING_BEAR,0.0012279878137633,0.2,-0.0001382842686417,1.869405937319232e-05,0.000226372250189,-0.0001382842686417,0.0002126031106542,NEUTRAL,0.9997549336904378,,,0.0,0.0,0.0,0.0,0.0,100.0,1.002505076343729,0.0,0.0,58.40885817973579,14.108793676164051,14.060714285714182,1.0,1.002505076343729,-0.0012957377359271
BANKNIFTY,2026-08-07 09:55:00,57746.45,1.0,-62.802194635367314,57774.597625615184,TRENDING_BULL,-188.406583906102,0.25,-0.0004334687169196,0.0027749670997704,0.0206850067315344,-0.0004334687169196,0.0185786199806527,NEUTRAL,0.976540026168695,,,0.0,0.0,0.0,0.0,0.0,100.0,0.9977392282401798,0.0,0.0,43.14442704412261,12.660432646870287,52.94642857142857,1.0,0.9977392282401798,-314.01097317683656
NIFTY,2026-08-07 09:55:00,24570.65,1.0,15.480317682802752,24565.46514934352,TRENDING_BEAR,0.0012279878137633,0.2,0.0001260754070558,1.6626891052597457e-05,0.0002120261207151,0.0001260754070558,0.0001917842733826,NEUTRAL,0.9997713469882322,,,0.0,0.0,0.0,0.0,0.0,100.0,1.002505076343729,0.0,0.0,58.40885817973579,14.108793676164051,14.060714285714182,1.0,1.002505076343729,-0.0012957377359271
BANKNIFTY,2026-08-07 09:55:00,57746.45,1.0,-62.802194635367314,57771.185152019294,TRENDING_BULL,-188.406583906102,0.25,-0.0002102499938173,0.0027866776122268,0.0207710075525415,-0.0002102499938173,0.0177901582314505,NEUTRAL,0.9764423148352316,,,0.0,0.0,0.0,0.0,0.0,100.0,0.9977392282401798,0.0,0.0,43.14442704412261,12.660432646870287,52.94642857142857,1.0,0.9977392282401798,-314.01097317683656
NIFTY,2026-08-07 09:55:00,24570.65,1.0,15.480317682802752,24565.13167072816,TRENDING_BEAR,0.0012279878137633,0.2,-0.0002006744454868,1.9593597455720195e-05,0.0002323948564578,-0.0002006744454868,0.0002190534045213,NEUTRAL,0.9997480115460864,,,0.0,0.0,0.0,0.0,0.0,100.0,1.002505076343729,0.0,0.0,58.40885817973579,14.108793676164051,14.060714285714182,1.0,1.002505076343729,-0.0012957377359271
BANKNIFTY,2026-08-07 09:55:00,57746.45,1.0,-62.802194635367314,57770.93562851085,TRENDING_BULL,-188.406583906102,0.25,0.0001605477686644,0.0033630342502794,0.0249923233076068,0.0001605477686644,0.0206689467777835,NEUTRAL,0.9716446424421138,,,0.0,0.0,0.0,0.0,0.0,100.0,0.9977392282401798,0.0,0.0,43.14442704412261,12.660432646870287,52.94642857142857,1.0,0.9977392282401798,-314.01097317683656
NIFTY,2026-08-07 09:55:00,24570.65,1.0,15.480317682802752,24565.41914209452,TRENDING_BEAR,0.0012279878137633,0.2,-0.0001342939423641,2.022827647620852e-05,0.0002365709788235,-0.0001342939423641,0.0002201567252405,NEUTRAL,0.9997432007447004,,,0.0,0.0,0.0,0.0,0.0,100.0,1.002505076343729,0.0,0.0,58.40885817973579,14.108793676164051,14.060714285714182,1.0,1.002505076343729,-0.0012957377359271
BANKNIFTY,2026-08-07 09:55:00,57746.45,1.0,-62.802194635367314,57771.5709440654,TRENDING_BULL,-188.406583906102,0.25,0.0002153275069722,0.0033067394449442,0.0245809692630875,0.0002153275069722,0.0193667822326491,NEUTRAL,0.9721122912919684,,,0.0,0.0,0.0,0.0,0.0,100.0,0.9977392282401798,0.0,0.0,43.14442704412261,12.660432646870287,52.94642857142857,1.0,0.9977392282401798,-314.01097317683656
NIFTY,2026-08-07 09:55:00,24570.65,1.0,15.480317682802752,24565.17695509697,TRENDING_BEAR,0.0012279878137633,0.2,-0.0001517941482162,1.98348713973196e-05,0.000233989350453,-0.0001517941482162,0.0002197373759947,NEUTRAL,0.9997461757781496,,,0.0,0.0,0.0,0.0,0.0,100.0,1.002505076343729,0.0,0.0,58.40885817973579,14.108793676164051,14.060714285714182,1.0,1.002505076343729,-0.0012957377359271
BANKNIFTY,2026-08-07 09:55:00,57746.45,1.0,-62.802194635367314,57772.26383209363,TRENDING_BULL,-188.406583906102,0.25,-0.0003634883014286,0.0026952724550605,0.0200994840935902,-0.0003634883014286,0.0177134309659569,NEUTRAL,0.9772052434513492,,,0.0,0.0,0.0,0.0,0.0,100.0,0.9977392282401798,0.0,0.0,43.14442704412261,12.660432646870287,52.94642857142857,1.0,0.9977392282401798,-314.01097317683656
NIFTY,2026-08-07 09:55:00,24570.65,1.0,15.480317682802752,24565.15355739968,TRENDING_BEAR,0.0012279878137633,0.2,-4.476016897732164e-05,1.7812173868263077e-05,0.0002203423174709,-4.476016897732164e-05,0.0002037305586447,NEUTRAL,0.9997618455086608,,,0.0,0.0,0.0,0.0,0.0,100.0,1.002505076343729,0.0,0.0,58.40885817973579,14.108793676164051,14.060714285714182,1.0,1.002505076343729,-0.0012957377359271
BANKNIFTY,2026-08-07 09:55:00,57746.45,1.0,-62.802194635367314,57774.49966637731,TRENDING_BULL,-188.406583906102,0.25,-0.0001201033101827,0.0029572910747594,0.0220229084693189,-0.0001201033101827,0.0188582062460353,NEUTRAL,0.9750198004559216,,,0.0,0.0,0.0,0.0,0.0,100.0,0.9977392282401798,0.0,0.0,43.14442704412261,12.660432646870287,52.94642857142857,1.0,0.9977392282401798,-314.01097317683656
NIFTY,2026-08-07 09:55:00,24570.65,1.0,15.480317682802752,24565.40031992031,TRENDING_BEAR,0.0012279878137633,0.2,-0.0002170222076191,2.037088313501008e-05,0.0002375013189029,-0.0002170222076191,0.0002233498094242,NEUTRAL,0.999742127797962,,,0.0,0.0,0.0,0.0,0.0,100.0,1.002505076343729,0.0,0.0,58.40885817973579,14.108793676164051,14.060714285714182,1.0,1.002505076343729,-0.0012957377359271
BANKNIFTY,2026-08-07 09:55:00,57746.45,1.0,-62.802194635367314,57773.29023985454,TRENDING_BULL,-188.406583906102,0.25,0.0001543353594233,0.0032286002313097,0.0240096597149525,0.0001543353594233,0.018916726571435,NEUTRAL,0.9727617400537378,,,0.0,0.0,0.0,0.0,0.0,100.0,0.9977392282401798,0.0,0.0,43.14442704412261,12.660432646870287,52.94642857142857,1.0,0.9977392282401798,-314.01097317683656
NIFTY,2026-08-07 09:55:00,24570.65,1.0,15.480317682802752,24565.41771289983,TRENDING_BEAR,0.0012279878137633,0.2,-0.0002105070986038,1.9313518234478578e-05,0.0002305330013084,-0.0002105070986038,0.0002176552656025,NEUTRAL,0.999750153480457,,,0.0,0.0,0.0,0.0,0.0,100.0,1.002505076343729,0.0,0.0,58.40885817973579,14.108793676164051,14.060714285714182,1.0,1.002505076343729,-0.0012957377359271
BANKNIFTY,2026-08-07 09:55:00,57746.45,1.0,-62.802194635367314,57774.611793561904,TRENDING_BULL,-188.406583906102,0.25,0.0002164998954008,0.0032254081997177,0.0239863130438531,0.0002164998954008,0.0185962546347426,NEUTRAL,0.972788278756429,,,0.0,0.0,0.0,0.0,0.0,100.0,0.9977392282401798,0.0,0.0,43.14442704412261,12.660432646870287,52.94642857142857,1.0,0.9977392282401798,-314.01097317683656
NIFTY,2026-08-07 09:55:00,24570.65,1.0,15.480317682802752,24565.265197036497,TRENDING_BEAR,0.0012279878137633,0.2,-0.0001582315474514,1.964208024357077e-05,0.0002327159548293,-0.0001582315474514,0.0002187778997468,NEUTRAL,0.9997476419649272,,,0.0,0.0,0.0,0.0,0.0,100.0,1.002505076343729,0.0,0.0,58.40885817973579,14.108793676164051,14.060714285714182,1.0,1.002505076343729,-0.0012957377359271
BANKNIFTY,2026-08-07 09:55:00,57746.45,1.0,-62.802194635367314,57773.72532159413,TRENDING_BULL,-188.406583906102,0.25,-0.0002081711403285,0.0028913074394692,0.0215389794600342,-0.0002081711403285,0.0187155153427973,NEUTRAL,0.9755697131004966,,,0.0,0.0,0.0,0.0,0.0,100.0,0.9977392282401798,0.0,0.0,43.14442704412261,12.660432646870287,52.94642857142857,1.0,0.9977392282401798,-314.01097317683656
NIFTY,2026-08-07 09:55:00,24570.65,1.0,15.480317682802752,24565.340366794,TRENDING_BEAR,0.0012279878137633,0.2,-0.0001565068820168,1.9854452245014363e-05,0.0002341183767019,-0.0001565068820168,0.0002198986489921,NEUTRAL,0.999746027171053,,,0.0,0.0,0.0,0.0,0.0,100.0,1.002505076343729,0.0,0.0,58.40885817973579,14.108793676164051,14.060714285714182,1.0,1.002505076343729,-0.0012957377359271
BANKNIFTY,2026-08-07 09:55:00,57746.45,1.0,-62.802194635367314,57773.88630418159,TRENDING_BULL,-188.406583906102,0.25,-0.0004165252664445,0.0026184321224669,0.0195345106679972,-0.0004165252664445,0.0172412507108561,NEUTRAL,0.9778470572095358,,,0.0,0.0,0.0,0.0,0.0,100.0,0.9977392282401798,0.0,0.0,43.14442704412261,12.660432646870287,52.94642857142857,1.0,0.9977392282401798,-314.01097317683656
NIFTY,2026-08-07 09:55:00,24570.65,1.0,15.480317682802752,24565.24867964728,TRENDING_BEAR,0.0012279878137633,0.2,-0.0001685429294751,1.9828457136160825e-05,0.0002339470720264,-0.0001685429294751,0.0002199162104577,NEUTRAL,0.9997462244708376,,,0.0,0.0,0.0,0.0,0.0,100.0,1.002505076343729,0.0,0.0,58.40885817973579,14.108793676164051,14.060714285714182,1.0,1.002505076343729,-0.0012957377359271
BANKNIFTY,2026-08-07 09:55:00,57746.45,1.0,-62.802194635367314,57773.56541509308,TRENDING_BULL,-188.406583906102,0.25,-0.0008607499356983,0.002491973641883,0.0186038027480252,-0.0008607499356983,0.0171468934674806,NEUTRAL,0.9789042236100918,,,0.0,0.0,0.0,0.0,0.0,100.0,0.9977392282401798,0.0,0.0,43.14442704412261,12.660432646870287,52.94642857142857,1.0,0.9977392282401798,-314.01097317683656
NIFTY,2026-08-07 09:55:00,24570.65,1.0,15.480317682802752,24565.256059194864,TRENDING_BEAR,0.0012279878137633,0.2,0.0001461137375867,1.6723226847877053e-05,0.0002127116022172,0.0001461137375867,0.0001913190123847,NEUTRAL,0.9997705651709348,,,0.0,0.0,0.0,0.0,0.0,100.0,1.002505076343729,0.0,0.0,58.40885817973579,14.108793676164051,14.060714285714182,1.0,1.002505076343729,-0.0012957377359271
BANKNIFTY,2026-08-07 09:55:00,57746.45,1.0,-62.802194635367314,57772.22730743637,TRENDING_BULL,-188.406583906102,0.25,-0.0010727750292387,0.0021826039269139,0.016321992082351,-0.0010727750292387,0.0151025979187003,NEUTRAL,0.981495403990735,,,0.0,0.0,0.0,0.0,0.0,100.0,0.9977392282401798,0.0,0.0,43.14442704412261,12.660432646870287,52.94642857142857,1.0,0.9977392282401798,-314.01097317683656
NIFTY,2026-08-07 09:55:00,24570.65,1.0,15.480317682802752,24565.00010296921,TRENDING_BEAR,0.0012279878137633,0.2,-0.0001721135330818,1.9054127638490883e-05,0.0002287980162795,-0.0001721135330818,0.0002158833266219,NEUTRAL,0.999752147856082,,,0.0,0.0,0.0,0.0,0.0,100.0,1.002505076343729,0.0,0.0,58.40885817973579,14.108793676164051,14.060714285714182,1.0,1.002505076343729,-0.0012957377359271
BANKNIFTY,2026-08-07 09:55:00,57746.45,1.0,-62.802194635367314,57774.48998247151,TRENDING_BULL,-188.406583906102,0.25,3.1359704378483894e-06,0.0031443553299475,0.0233932669899051,3.1359704378483894e-06,0.0198565081911647,NEUTRAL,0.9734623776801472,,,0.0,0.0,0.0,0.0,0.0,100.0,0.9977392282401798,0.0,0.0,43.14442704412261,12.660432646870287,52.94642857142857,1.0,0.9977392282401798,-314.01097317683656
NIFTY,2026-08-07 09:55:00,24570.65,1.0,15.480317682802752,24565.41056099253,TRENDING_BEAR,0.0012279878137633,0.2,-0.0001887194075616,2.019337807579329e-05,0.0002363428674437,-0.0001887194075616,0.0002220718899182,NEUTRAL,0.9997434637544804,,,0.0,0.0,0.0,0.0,0.0,100.0,1.002505076343729,0.0,0.0,58.40885817973579,14.108793676164051,14.060714285714182,1.0,1.002505076343729,-0.0012957377359271
BANKNIFTY,2026-08-07 09:55:00,57746.45,1.0,-62.802194635367314,57772.56971412515,TRENDING_BULL,-188.406583906102,0.25,0.0001363547355686,0.0031516231049279,0.0234464611705139,0.0001363547355686,0.0188242228355633,NEUTRAL,0.973401915724558,,,0.0,0.0,0.0,0.0,0.0,100.0,0.9977392282401798,0.0,0.0,43.14442704412261,12.660432646870287,52.94642857142857,1.0,0.9977392282401798,-314.01097317683656
NIFTY,2026-08-07 09:55:00,24570.65,1.0,15.480317682802752,24565.443302505304,TRENDING_BEAR,0.0012279878137633,0.2,-0.0001263551011696,2.0245323454900027e-05,0.0002366823422566,-0.0001263551011696,0.0002214583539131,NEUTRAL,0.9997430723342884,,,0.0,0.0,0.0,0.0,0.0,100.0,1.002505076343729,0.0,0.0,58.40885817973579,14.108793676164051,14.060714285714182,1.0,1.002505076343729,-0.0012957377359271
BANKNIFTY,2026-08-07 09:55:00,57746.45,1.0,-62.802194635367314,57772.70535462329,TRENDING_BULL,-188.406583906102,0.25,9.314761026379316e-05,0.0031561405723059,0.0234795236039414,9.314761026379316e-05,0.0188883385050241,NEUTRAL,0.9733643358237526,,,0.0,0.0,0.0,0.0,0.0,100.0,0.9977392282401798,0.0,0.0,43.14442704412261,12.660432646870287,52.94642857142857,1.0,0.9977392282401798,-314.01097317683656
NIFTY,2026-08-07 09:55:00,24570.65,1.0,15.480317682802752,24565.109985098825,TRENDING_BEAR,0.0012279878137633,0.2,-0.0001907625007045,2.00870267108082e-05,0.0002356466323908,-0.0001907625007045,0.0002215415167997,NEUTRAL,0.9997442663408984,,,0.0,0.0,0.0,0.0,0.0,100.0,1.002505076343729,0.0,0.0,58.40885817973579,14.108793676164051,14.060714285714182,1.0,1.002505076343729,-0.0012957377359271
BANKNIFTY,2026-08-07 09:55:00,57746.45,1.0,-62.802194635367314,57775.17714021921,TRENDING_BULL,-188.406583906102,0.25,0.0001574531347922,0.003268626698591,0.0243023594567499,0.0001574531347922,0.0193227001177232,NEUTRAL,0.972429013844659,,,0.0,0.0,0.0,0.0,0.0,100.0,0.9977392282401798,0.0,0.0,43.14442704412261,12.660432646870287,52.94642857142857,1.0,0.9977392282401798,-314.01097317683656
NIFTY,2026-08-07 09:55:00,24570.65,1.0,15.480317682802752,24565.42679281881,TRENDING_BEAR,0.0012279878137633,0.2,-0.0001638092452016,1.898457958858234e-05,0.0002283310611033,-0.0001638092452016,0.0002154357396066,NEUTRAL,0.999752684359308,,,0.0,0.0,0.0,0.0,0.0,100.0,1.002505076343729,0.0,0.0,58.40885817973579,14.108793676164051,14.060714285714182,1.0,1.002505076343729,-0.0012957377359271
BANKNIFTY,2026-08-07 09:55:00,57746.45,1.0,-62.802194635367314,57774.04595688018,TRENDING_BULL,-188.406583906102,0.25,-0.0004366108588261,0.0027090622703445,0.0202008306330388,-0.0004366108588261,0.0180811650643967,NEUTRAL,0.9770901070966166,,,0.0,0.0,0.0,0.0,0.0,100.0,0.9977392282401798,0.0,0.0,43.14442704412261,12.660432646870287,52.94642857142857,1.0,0.9977392282401798,-314.01097317683656
NIFTY,2026-08-07 09:55:00,24570.65,1.0,15.480317682802752,24565.021048503848,TRENDING_BEAR,0.0012279878137633,0.2,0.0001661002605504,1.5432212131606908e-05,0.0002033746244034,0.0001661002605504,0.0001852014209811,NEUTRAL,0.9997811931634648,,,0.0,0.0,0.0,0.0,0.0,100.0,1.002505076343729,0.0,0.0,58.40885817973579,14.108793676164051,14.060714285714182,1.0,1.002505076343729,-0.0012957377359271
BANKNIFTY,2026-08-07 09:55:00,57746.45,1.0,-62.802194635367314,57770.76994331783,TRENDING_BULL,-188.406583906102,0.25,-0.0002647471117673,0.0027798175509577,0.0207206291070205,-0.0002647471117673,0.0179821536544558,NEUTRAL,0.9764995533420217,,,0.0,0.0,0.0,0.0,0.0,100.0,0.9977392282401798,0.0,0.0,43.14442704412261,12.660432646870287,52.94642857142857,1.0,0.9977392282401798,-314.01097317683656
NIFTY,2026-08-07 09:55:00,24570.65,1.0,15.480317682802752,24564.898266275515,TRENDING_BEAR,0.0012279878137633,0.2,-0.0002006227755642,2.0092734937552747e-05,0.0002356840428742,-0.0002006227755642,0.0002216925883222,NEUTRAL,0.999744223222188,,,0.0,0.0,0.0,0.0,0.0,100.0,1.002505076343729,0.0,0.0,58.40885817973579,14.108793676164051,14.060714285714182,1.0,1.002505076343729,-0.0012957377359271
BANKNIFTY,2026-08-07 09:55:00,57746.45,1.0,-62.802194635367314,57773.388428571685,TRENDING_BULL,-188.406583906102,0.25,0.0001745782707271,0.0032700592869075,0.0243128335712747,0.0001745782707271,0.0192314989083433,NEUTRAL,0.9724171071418176,,,0.0,0.0,0.0,0.0,0.0,100.0,0.9977392282401798,0.0,0.0,43.14442704412261,12.660432646870287,52.94642857142857,1.0,0.9977392282401798,-314.01097317683656
NIFTY,2026-08-07 09:55:00,24570.65,1.0,15.480317682802752,24565.240350908847,TRENDING_BEAR,0.0012279878137633,0.2,-0.0001568242025192,1.941043342778826e-05,0.0002311785952172,-0.0001568242025192,0.0002175978108832,NEUTRAL,0.999749410971355,,,0.0,0.0,0.0,0.0,0.0,100.0,1.002505076343729,0.0,0.0,58.40885817973579,14.108793676164051,14.060714285714182,1.0,1.002505076343729,-0.0012957377359271
BANKNIFTY,2026-08-07 09:55:00,57746.45,1.0,-62.802194635367314,57770.46465852309,TRENDING_BULL,-188.406583906102,0.25,3.4956244393394365e-05,0.0032276407494054,0.0240026420877857,3.4956244393394365e-05,0.0196151377661875,NEUTRAL,0.9727697171628088,,,0.0,0.0,0.0,0.0,0.0,100.0,0.9977392282401798,0.0,0.0,43.14442704412261,12.660432646870287,52.94642857142857,1.0,0.9977392282401798,-314.01097317683656
NIFTY,2026-08-07 09:55:00,24570.65,1.0,15.480317682802752,24565.268330800543,TRENDING_BEAR,0.0012279878137633,0.2,-0.000170811089756,1.948942107685653e-05,0.0002317037142675,-0.000170811089756,0.0002181930023462,NEUTRAL,0.9997488068646556,,,0.0,0.0,0.0,0.0,0.0,100.0,1.002505076343729,0.0,0.0,58.40885817973579,14.108793676164051,14.060714285714182,1.0,1.002505076343729,-0.0012957377359271
BANKNIFTY,2026-08-07 09:55:00,57746.45,1.0,-62.802194635367314,57770.31593153294,TRENDING_BULL,-188.40658390610196,0.25,-0.00042410412272118924,0.002568744433214121,0.019168956132632423,-0.00042410412272118924,0.016824864965269304,NEUTRAL,0.9782622994341534,,,0.0,0.0,0.0,0.0,0.0,100.0,0.9977392282401798,0.0,0.0,43.14442704412261,12.660432646870287,52.94642857142857,1.0,0.9977392282401798,-314.01097317683656
NIFTY,2026-08-07T09:55:00,24570.65,1.0,15.480317682802752,24565.622898862624,TRENDING_BEAR,0.0012279878137633,0.2,-0.0001728543905457,1.92335715046174e-05,0.0002299993645109,-0.0001728543905457,0.0002169660252605,NEUTRAL,0.9997507670639844,,,0.0,0.0,0.0,0.0,0.0,100.0,1.002505076343729,0.0,0.0,58.40885817973579,14.108793676164051,14.060714285714182,1.0,1.002505076343729,-0.0012957377359271
